Date,Open,High,Low,Close,Adj Close,Volume
2021-08-16,148.5399932861328,151.19000244140625,146.47000122070312,151.1199951171875,147.39808654785156,103296000
2021-08-17,150.22999572753906,151.67999267578125,149.08999633789062,150.19000244140625,146.49095153808594,92229700
2021-08-18,149.8000030517578,150.72000122070312,146.14999389648438,146.36000061035156,142.75531005859375,86326000
2021-08-19,145.02999877929688,148.0,144.5,146.6999969482422,143.08694458007812,86960300
2021-08-20,147.44000244140625,148.5,146.77999877929688,148.19000244140625,144.54026794433594,60549600
2021-08-23,148.30999755859375,150.19000244140625,147.88999938964844,149.7100067138672,146.0228271484375,60131800
2021-08-24,149.4499969482422,150.86000061035156,149.14999389648438,149.6199951171875,145.93499755859375,48606400
2021-08-25,149.80999755859375,150.32000732421875,147.8000030517578,148.36000061035156,144.7060546875,58991300
2021-08-26,148.35000610351562,149.1199951171875,147.50999450683594,147.5399932861328,143.90625,48597200
2021-08-27,147.47999572753906,148.75,146.8300018310547,148.60000610351562,144.9401397705078,55802400
2021-08-30,149.0,153.49000549316406,148.61000061035156,153.1199951171875,149.34881591796875,90956700
2021-08-31,152.66000366210938,152.8000030517578,151.2899932861328,151.8300018310547,148.09056091308594,86453100
2021-09-01,152.8300018310547,154.97999572753906,152.33999633789062,152.50999450683594,148.75384521484375,80313700
2021-09-02,153.8699951171875,154.72000122070312,152.39999389648438,153.64999389648438,149.86578369140625,71115500
2021-09-03,153.75999450683594,154.6300048828125,153.08999633789062,154.3000030517578,150.4998016357422,57808700
2021-09-07,154.97000122070312,157.25999450683594,154.38999938964844,156.69000244140625,152.83090209960938,82278300
2021-09-08,156.97999572753906,157.0399932861328,153.97999572753906,155.11000061035156,151.2898406982422,74420200
2021-09-09,155.49000549316406,156.11000061035156,153.9499969482422,154.07000732421875,150.27542114257812,57305700
2021-09-10,155.0,155.47999572753906,148.6999969482422,148.97000122070312,145.30105590820312,140893200
2021-09-13,150.6300048828125,151.4199981689453,148.75,149.5500030517578,145.86676025390625,102404300
2021-09-14,150.35000610351562,151.07000732421875,146.91000366210938,148.1199951171875,144.4719696044922,109296300
2021-09-15,148.55999755859375,149.44000244140625,146.3699951171875,149.02999877929688,145.35955810546875,83281300
2021-09-16,148.44000244140625,148.97000122070312,147.22000122070312,148.7899932861328,145.1254425048828,68034100
2021-09-17,148.82000732421875,148.82000732421875,145.75999450683594,146.05999755859375,142.46270751953125,129868800
2021-09-20,143.8000030517578,144.83999633789062,141.27000427246094,142.94000244140625,139.41954040527344,123478900
2021-09-21,143.92999267578125,144.60000610351562,142.77999877929688,143.42999267578125,139.8974609375,75834000
2021-09-22,144.4499969482422,146.42999267578125,143.6999969482422,145.85000610351562,142.25791931152344,76404300
2021-09-23,146.64999389648438,147.0800018310547,145.63999938964844,146.8300018310547,143.2137451171875,64838200
2021-09-24,145.66000366210938,147.47000122070312,145.55999755859375,146.9199981689453,143.301513671875,53477900
2021-09-27,145.47000122070312,145.9600067138672,143.82000732421875,145.3699951171875,141.78968811035156,74150700
2021-09-28,143.25,144.75,141.69000244140625,141.91000366210938,138.41490173339844,108972300
2021-09-29,142.47000122070312,144.4499969482422,142.02999877929688,142.8300018310547,139.31227111816406,74602000
2021-09-30,143.66000366210938,144.3800048828125,141.27999877929688,141.5,138.01502990722656,89056700
2021-10-01,141.89999389648438,142.9199981689453,139.11000061035156,142.64999389648438,139.1366729736328,94639600
2021-10-04,141.75999450683594,142.2100067138672,138.27000427246094,139.13999938964844,135.71315002441406,98322000
2021-10-05,139.49000549316406,142.24000549316406,139.36000061035156,141.11000061035156,137.63462829589844,80861100
2021-10-06,139.47000122070312,142.14999389648438,138.3699951171875,142.0,138.50270080566406,83221100
2021-10-07,143.05999755859375,144.22000122070312,142.72000122070312,143.2899932861328,139.7609405517578,61732700
2021-10-08,144.02999877929688,144.17999267578125,142.55999755859375,142.89999389648438,139.38055419921875,58773200
2021-10-11,142.27000427246094,144.80999755859375,141.80999755859375,142.80999755859375,139.29273986816406,64452200
2021-10-12,143.22999572753906,143.25,141.0399932861328,141.50999450683594,138.02476501464844,73035900
2021-10-13,141.24000549316406,141.39999389648438,139.1999969482422,140.91000366210938,137.43954467773438,78762700
2021-10-14,142.11000061035156,143.8800048828125,141.50999450683594,143.75999450683594,140.2193603515625,69907100
2021-10-15,143.77000427246094,144.89999389648438,143.50999450683594,144.83999633789062,141.272705078125,67940300
2021-10-18,143.4499969482422,146.83999633789062,143.16000366210938,146.5500030517578,142.94064331054688,85589200
2021-10-19,147.00999450683594,149.1699981689453,146.5500030517578,148.75999450683594,145.09620666503906,76378900
2021-10-20,148.6999969482422,149.75,148.1199951171875,149.25999450683594,145.58387756347656,58418800
2021-10-21,148.80999755859375,149.63999938964844,147.8699951171875,149.47999572753906,145.79847717285156,61421000
2021-10-22,149.69000244140625,150.17999267578125,148.63999938964844,148.69000244140625,145.02793884277344,58883400
2021-10-25,148.67999267578125,149.3699951171875,147.6199951171875,148.63999938964844,144.9791717529297,50720600
2021-10-26,149.3300018310547,150.83999633789062,149.00999450683594,149.32000732421875,145.64242553710938,60893400
2021-10-27,149.36000061035156,149.72999572753906,148.49000549316406,148.85000610351562,145.18397521972656,56094900
2021-10-28,149.82000732421875,153.1699981689453,149.72000122070312,152.57000732421875,148.81239318847656,100077900
2021-10-29,147.22000122070312,149.94000244140625,146.41000366210938,149.8000030517578,146.110595703125,124953200
2021-11-01,148.99000549316406,149.6999969482422,147.8000030517578,148.9600067138672,145.2913055419922,74588300
2021-11-02,148.66000366210938,151.57000732421875,148.64999389648438,150.02000427246094,146.32522583007812,69122000
2021-11-03,150.38999938964844,151.97000122070312,149.82000732421875,151.49000549316406,147.75894165039062,54511500
2021-11-04,151.5800018310547,152.42999267578125,150.63999938964844,150.9600067138672,147.24203491210938,60394600
2021-11-05,151.88999938964844,152.1999969482422,150.05999755859375,151.27999877929688,147.76951599121094,65463900
2021-11-08,151.41000366210938,151.57000732421875,150.16000366210938,150.44000244140625,146.94895935058594,55020900
2021-11-09,150.1999969482422,151.42999267578125,150.05999755859375,150.80999755859375,147.31040954589844,56787900
2021-11-10,150.02000427246094,150.1300048828125,147.85000610351562,147.9199981689453,144.48745727539062,65187100
2021-11-11,148.9600067138672,149.42999267578125,147.67999267578125,147.8699951171875,144.4385986328125,41000000
2021-11-12,148.42999267578125,150.39999389648438,147.47999572753906,149.99000549316406,146.50941467285156,63804000
2021-11-15,150.3699951171875,151.8800048828125,149.42999267578125,150.0,146.5192108154297,59222800
2021-11-16,149.94000244140625,151.49000549316406,149.33999633789062,151.0,147.49600219726562,59256200
2021-11-17,151.0,155.0,150.99000549316406,153.49000549316406,149.92823791503906,88807000
2021-11-18,153.7100067138672,158.6699981689453,153.0500030517578,157.8699951171875,154.20657348632812,137827700
2021-11-19,157.64999389648438,161.02000427246094,156.52999877929688,160.5500030517578,156.8243865966797,117305600
2021-11-22,161.67999267578125,165.6999969482422,161.0,161.02000427246094,157.2834930419922,117467900
2021-11-23,161.1199951171875,161.8000030517578,159.05999755859375,161.41000366210938,157.6644287109375,96041900
2021-11-24,160.75,162.13999938964844,159.63999938964844,161.94000244140625,158.18212890625,69463600
2021-11-26,159.57000732421875,160.4499969482422,156.36000061035156,156.80999755859375,153.17115783691406,76959800
2021-11-29,159.3699951171875,161.19000244140625,158.7899932861328,160.24000549316406,156.5215606689453,88748200
2021-11-30,159.99000549316406,165.52000427246094,159.9199981689453,165.3000030517578,161.4641876220703,174048100
2021-12-01,167.47999572753906,170.3000030517578,164.52999877929688,164.77000427246094,160.94644165039062,152052500
2021-12-02,158.74000549316406,164.1999969482422,157.8000030517578,163.75999450683594,159.95986938476562,136739200
2021-12-03,164.02000427246094,164.9600067138672,159.72000122070312,161.83999633789062,158.0844268798828,118023100
2021-12-06,164.2899932861328,167.8800048828125,164.27999877929688,165.32000732421875,161.4836883544922,107497000
2021-12-07,169.0800018310547,171.5800018310547,168.33999633789062,171.17999267578125,167.20770263671875,120405400
2021-12-08,172.1300048828125,175.9600067138672,170.6999969482422,175.0800018310547,171.01727294921875,116998900
2021-12-09,174.91000366210938,176.75,173.9199981689453,174.55999755859375,170.50927734375,108923700
2021-12-10,175.2100067138672,179.6300048828125,174.69000244140625,179.4499969482422,175.28579711914062,115402700
2021-12-13,181.1199951171875,182.1300048828125,175.52999877929688,175.74000549316406,171.66188049316406,153237000
2021-12-14,175.25,177.74000549316406,172.2100067138672,174.3300018310547,170.2846221923828,139380400
2021-12-15,175.11000061035156,179.5,172.30999755859375,179.3000030517578,175.1392822265625,131063300
2021-12-16,179.27999877929688,181.13999938964844,170.75,172.25999450683594,168.2626495361328,150185800
2021-12-17,169.92999267578125,173.47000122070312,169.69000244140625,171.13999938964844,167.1686248779297,195432700
2021-12-20,168.27999877929688,170.5800018310547,167.4600067138672,169.75,165.81089782714844,107499100
2021-12-21,171.55999755859375,173.1999969482422,169.1199951171875,172.99000549316406,168.9757537841797,91185900
2021-12-22,173.0399932861328,175.86000061035156,172.14999389648438,175.63999938964844,171.564208984375,92135300
2021-12-23,175.85000610351562,176.85000610351562,175.27000427246094,176.27999877929688,172.18936157226562,68356600
2021-12-27,177.08999633789062,180.4199981689453,177.07000732421875,180.3300018310547,176.14537048339844,74919600
2021-12-28,180.16000366210938,181.3300018310547,178.52999877929688,179.2899932861328,175.1295166015625,79144300
2021-12-29,179.3300018310547,180.6300048828125,178.13999938964844,179.3800048828125,175.2174530029297,62348900
2021-12-30,179.47000122070312,180.57000732421875,178.08999633789062,178.1999969482422,174.0648193359375,59773000
2021-12-31,178.08999633789062,179.22999572753906,177.25999450683594,177.57000732421875,173.44943237304688,64062300
2022-01-03,177.8300018310547,182.8800048828125,177.7100067138672,182.00999450683594,177.78639221191406,104487900
2022-01-04,182.6300048828125,182.94000244140625,179.1199951171875,179.6999969482422,175.530029296875,99310400
2022-01-05,179.61000061035156,180.1699981689453,174.63999938964844,174.9199981689453,170.8609161376953,94537600
2022-01-06,172.6999969482422,175.3000030517578,171.63999938964844,172.0,168.00863647460938,96904000
2022-01-07,172.88999938964844,174.13999938964844,171.02999877929688,172.1699981689453,168.17474365234375,86709100
2022-01-10,169.0800018310547,172.5,168.1699981689453,172.19000244140625,168.1942596435547,106765600
2022-01-11,172.32000732421875,175.17999267578125,170.82000732421875,175.0800018310547,171.01727294921875,76138300
2022-01-12,176.1199951171875,177.17999267578125,174.82000732421875,175.52999877929688,171.456787109375,74805200
2022-01-13,175.77999877929688,176.6199951171875,171.7899932861328,172.19000244140625,168.1942596435547,84505800
2022-01-14,171.33999633789062,173.77999877929688,171.08999633789062,173.07000732421875,169.05384826660156,80440800
2022-01-18,171.50999450683594,172.5399932861328,169.41000366210938,169.8000030517578,165.85972595214844,90956700
2022-01-19,170.0,171.0800018310547,165.94000244140625,166.22999572753906,162.3726043701172,94815000
2022-01-20,166.97999572753906,169.67999267578125,164.17999267578125,164.50999450683594,160.69247436523438,91420500
2022-01-21,164.4199981689453,166.3300018310547,162.3000030517578,162.41000366210938,158.6412353515625,122848900
2022-01-24,160.02000427246094,162.3000030517578,154.6999969482422,161.6199951171875,157.8695068359375,162294600
2022-01-25,158.97999572753906,162.75999450683594,157.02000427246094,159.77999877929688,156.07223510742188,115798400
2022-01-26,163.5,164.38999938964844,157.82000732421875,159.69000244140625,155.98434448242188,108275300
2022-01-27,162.4499969482422,163.83999633789062,158.27999877929688,159.22000122070312,155.52520751953125,121954600
2022-01-28,165.7100067138672,170.35000610351562,162.8000030517578,170.3300018310547,166.37741088867188,179935700
2022-01-31,170.16000366210938,175.0,169.50999450683594,174.77999877929688,170.7241668701172,115541600
2022-02-01,174.00999450683594,174.83999633789062,172.30999755859375,174.61000061035156,170.55809020996094,86213900
2022-02-02,174.75,175.8800048828125,173.3300018310547,175.83999633789062,171.75955200195312,84914300
2022-02-03,174.47999572753906,176.24000549316406,172.1199951171875,172.89999389648438,168.88775634765625,89418100
2022-02-04,171.67999267578125,174.10000610351562,170.67999267578125,172.38999938964844,168.6041717529297,82465400
2022-02-07,172.86000061035156,173.9499969482422,170.9499969482422,171.66000366210938,167.8902130126953,77251200
2022-02-08,171.72999572753906,175.35000610351562,171.42999267578125,174.8300018310547,170.99058532714844,74829200
2022-02-09,176.0500030517578,176.64999389648438,174.89999389648438,176.27999877929688,172.40875244140625,71285000
2022-02-10,174.13999938964844,175.47999572753906,171.5500030517578,172.1199951171875,168.34010314941406,90865900
2022-02-11,172.3300018310547,173.0800018310547,168.0399932861328,168.63999938964844,164.93653869628906,98670700
2022-02-14,167.3699951171875,169.5800018310547,166.55999755859375,168.8800048828125,165.17123413085938,86185500
2022-02-15,170.97000122070312,172.9499969482422,170.25,172.7899932861328,168.995361328125,62527400
2022-02-16,171.85000610351562,173.33999633789062,170.0500030517578,172.5500030517578,168.76063537597656,61177400
2022-02-17,171.02999877929688,171.91000366210938,168.47000122070312,168.8800048828125,165.17123413085938,69589300
2022-02-18,169.82000732421875,170.5399932861328,166.19000244140625,167.3000030517578,163.62596130371094,82772700
2022-02-22,164.97999572753906,166.69000244140625,162.14999389648438,164.32000732421875,160.71142578125,91162800
2022-02-23,165.5399932861328,166.14999389648438,159.75,160.07000732421875,156.5547332763672,90009200
2022-02-24,152.5800018310547,162.85000610351562,152.0,162.74000549316406,159.1660919189453,141147500
2022-02-25,163.83999633789062,165.1199951171875,160.8699951171875,164.85000610351562,161.22976684570312,91974200
2022-02-28,163.05999755859375,165.4199981689453,162.42999267578125,165.1199951171875,161.49383544921875,95056600
2022-03-01,164.6999969482422,166.60000610351562,161.97000122070312,163.1999969482422,159.61599731445312,83474400
2022-03-02,164.38999938964844,167.36000061035156,162.9499969482422,166.55999755859375,162.90219116210938,79724800
2022-03-03,168.47000122070312,168.91000366210938,165.5500030517578,166.22999572753906,162.57945251464844,76678400
2022-03-04,164.49000549316406,165.5500030517578,162.10000610351562,163.1699981689453,159.58660888671875,83737200
2022-03-07,163.36000061035156,165.02000427246094,159.0399932861328,159.3000030517578,155.8016357421875,96418800
2022-03-08,158.82000732421875,162.8800048828125,155.8000030517578,157.44000244140625,153.9824676513672,131148300
2022-03-09,161.47999572753906,163.41000366210938,159.41000366210938,162.9499969482422,159.37147521972656,91454900
2022-03-10,160.1999969482422,160.38999938964844,155.97999572753906,158.52000427246094,155.0387420654297,105342000
2022-03-11,158.92999267578125,159.27999877929688,154.5,154.72999572753906,151.3319549560547,96970100
2022-03-14,151.4499969482422,154.1199951171875,150.10000610351562,150.6199951171875,147.312255859375,108732100
2022-03-15,150.89999389648438,155.57000732421875,150.3800048828125,155.08999633789062,151.68409729003906,92964300
2022-03-16,157.0500030517578,160.0,154.4600067138672,159.58999633789062,156.0852508544922,102300200
2022-03-17,158.61000061035156,161.0,157.6300048828125,160.6199951171875,157.09263610839844,75615400
2022-03-18,160.50999450683594,164.47999572753906,159.75999450683594,163.97999572753906,160.37889099121094,123511700
2022-03-21,163.50999450683594,166.35000610351562,163.00999450683594,165.3800048828125,161.7481231689453,95811400
2022-03-22,165.50999450683594,169.4199981689453,164.91000366210938,168.82000732421875,165.11257934570312,81532000
2022-03-23,167.99000549316406,172.63999938964844,167.64999389648438,170.2100067138672,166.47206115722656,98062700
2022-03-24,171.05999755859375,174.13999938964844,170.2100067138672,174.07000732421875,170.2472686767578,90131400
2022-03-25,173.8800048828125,175.27999877929688,172.75,174.72000122070312,170.88299560546875,80546200
2022-03-28,172.1699981689453,175.72999572753906,172.0,175.60000610351562,171.74366760253906,90371900
2022-03-29,176.69000244140625,179.00999450683594,176.33999633789062,178.9600067138672,175.02987670898438,100589400
2022-03-30,178.5500030517578,179.61000061035156,176.6999969482422,177.77000427246094,173.86602783203125,92633200
2022-03-31,177.83999633789062,178.02999877929688,174.39999389648438,174.61000061035156,170.77540588378906,103049300
2022-04-01,174.02999877929688,174.8800048828125,171.94000244140625,174.30999755859375,170.4820098876953,78751300
2022-04-04,174.57000732421875,178.49000549316406,174.44000244140625,178.44000244140625,174.5212860107422,76468400
2022-04-05,177.5,178.3000030517578,174.4199981689453,175.05999755859375,171.2155303955078,73401800
2022-04-06,172.36000061035156,173.6300048828125,170.1300048828125,171.8300018310547,168.0564727783203,89058800
2022-04-07,171.16000366210938,173.36000061035156,169.85000610351562,172.13999938964844,168.35964965820312,77594700
2022-04-08,171.77999877929688,171.77999877929688,169.1999969482422,170.08999633789062,166.35470581054688,76575500
2022-04-11,168.7100067138672,169.02999877929688,165.5,165.75,162.11000061035156,72246700
2022-04-12,168.02000427246094,169.8699951171875,166.63999938964844,167.66000366210938,163.97804260253906,79265200
2022-04-13,167.38999938964844,171.0399932861328,166.77000427246094,170.39999389648438,166.6578826904297,70618900
2022-04-14,170.6199951171875,171.27000427246094,165.0399932861328,165.2899932861328,161.6600799560547,75329400
2022-04-18,163.9199981689453,166.60000610351562,163.57000732421875,165.07000732421875,161.44493103027344,69023900
2022-04-19,165.02000427246094,167.82000732421875,163.91000366210938,167.39999389648438,163.7237548828125,67723800
2022-04-20,168.75999450683594,168.8800048828125,166.10000610351562,167.22999572753906,163.5574951171875,67929800
2022-04-21,168.91000366210938,171.52999877929688,165.91000366210938,166.4199981689453,162.76522827148438,87227800
2022-04-22,166.4600067138672,167.8699951171875,161.5,161.7899932861328,158.23695373535156,84882400
2022-04-25,161.1199951171875,163.1699981689453,158.4600067138672,162.8800048828125,159.30300903320312,96046400
2022-04-26,162.25,162.33999633789062,156.72000122070312,156.8000030517578,153.3565673828125,95623200
2022-04-27,155.91000366210938,159.7899932861328,155.3800048828125,156.57000732421875,153.13160705566406,88063200
2022-04-28,159.25,164.52000427246094,158.92999267578125,163.63999938964844,160.04629516601562,130216800
2022-04-29,161.83999633789062,166.1999969482422,157.25,157.64999389648438,154.1878662109375,131747600
2022-05-02,156.7100067138672,158.22999572753906,153.27000427246094,157.9600067138672,154.49107360839844,123055300
2022-05-03,158.14999389648438,160.7100067138672,156.32000732421875,159.47999572753906,155.97767639160156,88966500
2022-05-04,159.6699981689453,166.47999572753906,159.25999450683594,166.02000427246094,162.37411499023438,108256500
2022-05-05,163.85000610351562,164.0800018310547,154.9499969482422,156.77000427246094,153.32717895507812,130525300
2022-05-06,156.00999450683594,159.44000244140625,154.17999267578125,157.27999877929688,154.05201721191406,116124600
2022-05-09,154.92999267578125,155.8300018310547,151.49000549316406,152.05999755859375,148.9391326904297,131577900
2022-05-10,155.52000427246094,156.74000549316406,152.92999267578125,154.50999450683594,151.33888244628906,115366700
2022-05-11,153.5,155.4499969482422,145.80999755859375,146.5,143.49322509765625,142689800
2022-05-12,142.77000427246094,146.1999969482422,138.8000030517578,142.55999755859375,139.63414001464844,182602000
2022-05-13,144.58999633789062,148.10000610351562,143.11000061035156,147.11000061035156,144.09072875976562,113990900
2022-05-16,145.5500030517578,147.52000427246094,144.17999267578125,145.5399932861328,142.5529327392578,86643800
2022-05-17,148.86000061035156,149.77000427246094,146.67999267578125,149.24000549316406,146.177001953125,78336300
2022-05-18,146.85000610351562,147.36000061035156,139.89999389648438,140.82000732421875,137.92984008789062,109742900
2022-05-19,139.8800048828125,141.66000366210938,136.60000610351562,137.35000610351562,134.53106689453125,136095600
2022-05-20,139.08999633789062,140.6999969482422,132.61000061035156,137.58999633789062,134.76612854003906,137426100
2022-05-23,137.7899932861328,143.25999450683594,137.64999389648438,143.11000061035156,140.17282104492188,117726300
2022-05-24,140.80999755859375,141.97000122070312,137.3300018310547,140.36000061035156,137.47927856445312,104132700
2022-05-25,138.42999267578125,141.7899932861328,138.33999633789062,140.52000427246094,137.63595581054688,92482700
2022-05-26,137.38999938964844,144.33999633789062,137.13999938964844,143.77999877929688,140.82908630371094,90601500
2022-05-27,145.38999938964844,149.67999267578125,145.25999450683594,149.63999938964844,146.56881713867188,90978500
2022-05-31,149.07000732421875,150.66000366210938,146.83999633789062,148.83999633789062,145.7852325439453,103718400
2022-06-01,149.89999389648438,151.74000549316406,147.67999267578125,148.7100067138672,145.6579132080078,74286600
2022-06-02,147.8300018310547,151.27000427246094,146.86000061035156,151.2100067138672,148.10658264160156,72348100
2022-06-03,146.89999389648438,147.97000122070312,144.4600067138672,145.3800048828125,142.396240234375,88570300
2022-06-06,147.02999877929688,148.57000732421875,144.89999389648438,146.13999938964844,143.14064025878906,71598400
2022-06-07,144.35000610351562,149.0,144.10000610351562,148.7100067138672,145.6579132080078,67808200
2022-06-08,148.5800018310547,149.8699951171875,147.4600067138672,147.9600067138672,144.9232940673828,53950200
2022-06-09,147.0800018310547,147.9499969482422,142.52999877929688,142.63999938964844,139.71249389648438,69473000
2022-06-10,140.27999877929688,140.75999450683594,137.05999755859375,137.1300048828125,134.31558227539062,91437900
2022-06-13,132.8699951171875,135.1999969482422,131.44000244140625,131.8800048828125,129.1732940673828,122207100
2022-06-14,133.1300048828125,133.88999938964844,131.47999572753906,132.75999450683594,130.0352325439453,84784300
2022-06-15,134.2899932861328,137.33999633789062,132.16000366210938,135.42999267578125,132.6504669189453,91533000
2022-06-16,132.0800018310547,132.38999938964844,129.0399932861328,130.05999755859375,127.39065551757812,108123900
2022-06-17,130.07000732421875,133.0800018310547,129.80999755859375,131.55999755859375,128.85987854003906,134520300
2022-06-21,133.4199981689453,137.05999755859375,133.32000732421875,135.8699951171875,133.0814208984375,81000500
2022-06-22,134.7899932861328,137.75999450683594,133.91000366210938,135.35000610351562,132.5720977783203,73409200
2022-06-23,136.82000732421875,138.58999633789062,135.6300048828125,138.27000427246094,135.43214416503906,72433800
2022-06-24,139.89999389648438,141.91000366210938,139.77000427246094,141.66000366210938,138.75259399414062,89116800
2022-06-27,142.6999969482422,143.49000549316406,140.97000122070312,141.66000366210938,138.75259399414062,70207900
2022-06-28,142.1300048828125,143.4199981689453,137.32000732421875,137.44000244140625,134.6191864013672,67083400
2022-06-29,137.4600067138672,140.6699981689453,136.6699981689453,139.22999572753906,136.3724822998047,66242400
2022-06-30,137.25,138.3699951171875,133.77000427246094,136.72000122070312,133.91397094726562,98964500
2022-07-01,136.0399932861328,139.0399932861328,135.66000366210938,138.92999267578125,136.07861328125,71051600
2022-07-05,137.77000427246094,141.61000061035156,136.92999267578125,141.55999755859375,138.65464782714844,73353800
2022-07-06,141.35000610351562,144.1199951171875,141.0800018310547,142.9199981689453,139.98672485351562,74064300
2022-07-07,143.2899932861328,146.5500030517578,143.27999877929688,146.35000610351562,143.34632873535156,66253700
2022-07-08,145.25999450683594,147.5500030517578,145.0,147.0399932861328,144.0221710205078,64547800
2022-07-11,145.6699981689453,146.63999938964844,143.77999877929688,144.8699951171875,141.8966827392578,63141600
2022-07-12,145.75999450683594,148.4499969482422,145.0500030517578,145.86000061035156,142.8663787841797,77588800
2022-07-13,142.99000549316406,146.4499969482422,142.1199951171875,145.49000549316406,142.50401306152344,71185600
2022-07-14,144.0800018310547,148.9499969482422,143.25,148.47000122070312,145.4228515625,78140700
2022-07-15,149.77999877929688,150.86000061035156,148.1999969482422,150.1699981689453,147.08792114257812,76259900
2022-07-18,150.74000549316406,151.57000732421875,146.6999969482422,147.07000732421875,144.0515594482422,81420900
2022-07-19,147.9199981689453,151.22999572753906,146.91000366210938,151.0,147.9009246826172,82982400
2022-07-20,151.1199951171875,153.72000122070312,150.3699951171875,153.0399932861328,149.8990020751953,64823400
2022-07-21,154.5,155.57000732421875,151.94000244140625,155.35000610351562,152.16162109375,65086600
2022-07-22,155.38999938964844,156.27999877929688,153.41000366210938,154.08999633789062,150.927490234375,66675400
2022-07-25,154.00999450683594,155.0399932861328,152.27999877929688,152.9499969482422,149.81088256835938,53623900
2022-07-26,152.25999450683594,153.08999633789062,150.8000030517578,151.60000610351562,148.48858642578125,55138700
2022-07-27,152.5800018310547,157.3300018310547,152.16000366210938,156.7899932861328,153.57203674316406,78620700
2022-07-28,156.97999572753906,157.63999938964844,154.41000366210938,157.35000610351562,154.12060546875,81378700
2022-07-29,161.24000549316406,163.6300048828125,159.5,162.50999450683594,159.17466735839844,101786900
2022-08-01,161.00999450683594,163.58999633789062,160.88999938964844,161.50999450683594,158.19517517089844,67829400
2022-08-02,160.10000610351562,162.41000366210938,159.6300048828125,160.00999450683594,156.7259521484375,59907000
2022-08-03,160.83999633789062,166.58999633789062,160.75,166.1300048828125,162.72036743164062,82507500
2022-08-04,166.00999450683594,167.19000244140625,164.42999267578125,165.80999755859375,162.40695190429688,55474100
2022-08-05,163.2100067138672,165.85000610351562,163.0,165.35000610351562,162.1813507080078,56697000
2022-08-08,166.3699951171875,167.80999755859375,164.1999969482422,164.8699951171875,161.7105255126953,60276900
2022-08-09,164.02000427246094,165.82000732421875,163.25,164.9199981689453,161.7595977783203,63135500
2022-08-10,167.67999267578125,169.33999633789062,166.89999389648438,169.24000549316406,165.99681091308594,70170500
2022-08-11,170.05999755859375,170.99000549316406,168.19000244140625,168.49000549316406,165.2611541748047,57149200
2022-08-12,169.82000732421875,172.1699981689453,169.39999389648438,172.10000610351562,168.802001953125,68039400
2022-08-15,171.52000427246094,173.38999938964844,171.35000610351562,173.19000244140625,169.87112426757812,54091700
2022-08-16,172.77999877929688,173.7100067138672,171.66000366210938,173.02999877929688,169.71417236328125,56377100
2022-08-17,172.77000427246094,176.14999389648438,172.57000732421875,174.5500030517578,171.20506286621094,79542000
2022-08-18,173.75,174.89999389648438,173.1199951171875,174.14999389648438,170.8126983642578,62290100
2022-08-19,173.02999877929688,173.74000549316406,171.30999755859375,171.52000427246094,168.2331085205078,70346300
2022-08-22,169.69000244140625,169.86000061035156,167.13999938964844,167.57000732421875,164.3588104248047,69026800
2022-08-23,167.0800018310547,168.7100067138672,166.64999389648438,167.22999572753906,164.0253143310547,54147100
2022-08-24,167.32000732421875,168.11000061035156,166.25,167.52999877929688,164.31956481933594,53841500
2022-08-25,168.77999877929688,170.13999938964844,168.35000610351562,170.02999877929688,166.77162170410156,51218200
2022-08-26,170.57000732421875,171.0500030517578,163.55999755859375,163.6199951171875,160.48446655273438,78961000
2022-08-29,161.14999389648438,162.89999389648438,159.82000732421875,161.3800048828125,158.2874298095703,73314000
2022-08-30,162.1300048828125,162.55999755859375,157.72000122070312,158.91000366210938,155.86476135253906,77906200
2022-08-31,160.30999755859375,160.5800018310547,157.13999938964844,157.22000122070312,154.20713806152344,87991100
2022-09-01,156.63999938964844,158.4199981689453,154.6699981689453,157.9600067138672,154.93296813964844,74229900
2022-09-02,159.75,160.36000061035156,154.97000122070312,155.80999755859375,152.8241729736328,76957800
2022-09-06,156.47000122070312,157.08999633789062,153.69000244140625,154.52999877929688,151.56869506835938,73714800
2022-09-07,154.82000732421875,156.6699981689453,153.61000061035156,155.9600067138672,152.97128295898438,87449600
2022-09-08,154.63999938964844,156.36000061035156,152.67999267578125,154.4600067138672,151.5000457763672,84923800
2022-09-09,155.47000122070312,157.82000732421875,154.75,157.3699951171875,154.35427856445312,68028800
2022-09-12,159.58999633789062,164.25999450683594,159.3000030517578,163.42999267578125,160.29812622070312,104956000
2022-09-13,159.89999389648438,160.5399932861328,153.3699951171875,153.83999633789062,150.89193725585938,122656600
2022-09-14,154.7899932861328,157.10000610351562,153.61000061035156,155.30999755859375,152.333740234375,87965400
2022-09-15,154.64999389648438,155.24000549316406,151.3800048828125,152.3699951171875,149.45008850097656,90481100
2022-09-16,151.2100067138672,151.35000610351562,148.3699951171875,150.6999969482422,147.81207275390625,162278800
2022-09-19,149.30999755859375,154.55999755859375,149.10000610351562,154.47999572753906,151.5196533203125,81474200
2022-09-20,153.39999389648438,158.0800018310547,153.0800018310547,156.89999389648438,153.8932647705078,107689800
2022-09-21,157.33999633789062,158.74000549316406,153.60000610351562,153.72000122070312,150.77420043945312,101696800
2022-09-22,152.3800048828125,154.47000122070312,150.91000366210938,152.74000549316406,149.81298828125,86652500
2022-09-23,151.19000244140625,151.47000122070312,148.55999755859375,150.42999267578125,147.54722595214844,96029900
2022-09-26,149.66000366210938,153.77000427246094,149.63999938964844,150.77000427246094,147.88075256347656,93339400
2022-09-27,152.74000549316406,154.72000122070312,149.9499969482422,151.75999450683594,148.85177612304688,84442700
2022-09-28,147.63999938964844,150.63999938964844,144.83999633789062,149.83999633789062,146.9685821533203,146691400
2022-09-29,146.10000610351562,146.72000122070312,140.67999267578125,142.47999572753906,139.74960327148438,128138200
2022-09-30,141.27999877929688,143.10000610351562,138.0,138.1999969482422,135.55165100097656,124925300
2022-10-03,138.2100067138672,143.07000732421875,137.69000244140625,142.4499969482422,139.7201690673828,114311700
2022-10-04,145.02999877929688,146.22000122070312,144.25999450683594,146.10000610351562,143.3002166748047,87830100
2022-10-05,144.07000732421875,147.3800048828125,143.00999450683594,146.39999389648438,143.59449768066406,79471000
2022-10-06,145.80999755859375,147.5399932861328,145.22000122070312,145.42999267578125,142.64306640625,68402200
2022-10-07,142.5399932861328,143.10000610351562,139.4499969482422,140.08999633789062,137.4053955078125,85925600
2022-10-10,140.4199981689453,141.88999938964844,138.57000732421875,140.4199981689453,137.7290802001953,74899000
2022-10-11,139.89999389648438,141.35000610351562,138.22000122070312,138.97999572753906,136.316650390625,77033700
2022-10-12,139.1300048828125,140.36000061035156,138.16000366210938,138.33999633789062,135.68894958496094,70433700
2022-10-13,134.99000549316406,143.58999633789062,134.3699951171875,142.99000549316406,140.2498321533203,113224000
2022-10-14,144.30999755859375,144.52000427246094,138.19000244140625,138.3800048828125,135.7281494140625,88598000
2022-10-17,141.07000732421875,142.89999389648438,140.27000427246094,142.41000366210938,139.6809539794922,85250900
2022-10-18,145.49000549316406,146.6999969482422,140.61000061035156,143.75,140.9952850341797,99136600
2022-10-19,141.69000244140625,144.9499969482422,141.5,143.86000061035156,141.10317993164062,61758300
2022-10-20,143.02000427246094,145.88999938964844,142.64999389648438,143.38999938964844,140.64212036132812,64522000
2022-10-21,142.8699951171875,147.85000610351562,142.64999389648438,147.27000427246094,144.4478302001953,86548600
2022-10-24,147.19000244140625,150.22999572753906,146.0,149.4499969482422,146.5860595703125,75981900
2022-10-25,150.08999633789062,152.49000549316406,149.36000061035156,152.33999633789062,149.42063903808594,74732300
2022-10-26,150.9600067138672,151.99000549316406,148.0399932861328,149.35000610351562,146.4879913330078,88194300
2022-10-27,148.07000732421875,149.0500030517578,144.1300048828125,144.8000030517578,142.02516174316406,109180200
2022-10-28,148.1999969482422,157.5,147.82000732421875,155.74000549316406,152.7554931640625,164762400
2022-10-31,153.16000366210938,154.24000549316406,151.9199981689453,153.33999633789062,150.40150451660156,97943200
2022-11-01,155.0800018310547,155.4499969482422,149.1300048828125,150.64999389648438,147.7630157470703,80379300
2022-11-02,148.9499969482422,152.1699981689453,145.0,145.02999877929688,142.250732421875,93604600
2022-11-03,142.05999755859375,142.8000030517578,138.75,138.8800048828125,136.21861267089844,97918500
2022-11-04,142.08999633789062,142.6699981689453,134.3800048828125,138.3800048828125,135.95335388183594,140814800
2022-11-07,137.11000061035156,139.14999389648438,135.6699981689453,138.9199981689453,136.48385620117188,83374600
2022-11-08,140.41000366210938,141.42999267578125,137.49000549316406,139.5,137.0536651611328,89908500
2022-11-09,138.5,138.5500030517578,134.58999633789062,134.8699951171875,132.50486755371094,74917800
2022-11-10,141.24000549316406,146.8699951171875,139.5,146.8699951171875,144.29444885253906,118854000
2022-11-11,145.82000732421875,150.00999450683594,144.3699951171875,149.6999969482422,147.07481384277344,93979700
2022-11-14,148.97000122070312,150.27999877929688,147.42999267578125,148.27999877929688,145.67970275878906,73374100
2022-11-15,152.22000122070312,153.58999633789062,148.55999755859375,150.0399932861328,147.40887451171875,89868300
2022-11-16,149.1300048828125,149.8699951171875,147.2899932861328,148.7899932861328,146.1807861328125,64218300
2022-11-17,146.42999267578125,151.47999572753906,146.14999389648438,150.72000122070312,148.07693481445312,80389400
2022-11-18,152.30999755859375,152.6999969482422,149.97000122070312,151.2899932861328,148.63693237304688,74829600
2022-11-21,150.16000366210938,150.3699951171875,147.72000122070312,148.00999450683594,145.41445922851562,58724100
2022-11-22,148.1300048828125,150.4199981689453,146.92999267578125,150.17999267578125,147.54640197753906,51804100
2022-11-23,149.4499969482422,151.8300018310547,149.33999633789062,151.07000732421875,148.42083740234375,58301400
2022-11-25,148.30999755859375,148.8800048828125,147.1199951171875,148.11000061035156,145.51271057128906,35195900
2022-11-28,145.13999938964844,146.63999938964844,143.3800048828125,144.22000122070312,141.69091796875,69246000
2022-11-29,144.2899932861328,144.80999755859375,140.35000610351562,141.1699981689453,138.6944122314453,83763800
2022-11-30,141.39999389648438,148.72000122070312,140.5500030517578,148.02999877929688,145.43408203125,111380900
2022-12-01,148.2100067138672,149.1300048828125,146.61000061035156,148.30999755859375,145.70916748046875,71250400
2022-12-02,145.9600067138672,148.0,145.64999389648438,147.80999755859375,145.21798706054688,65447400
2022-12-05,147.77000427246094,150.9199981689453,145.77000427246094,146.6300048828125,144.0586700439453,68826400
2022-12-06,147.07000732421875,147.3000030517578,141.9199981689453,142.91000366210938,140.4038848876953,64727200
2022-12-07,142.19000244140625,143.3699951171875,140.0,140.94000244140625,138.46844482421875,69721100
2022-12-08,142.36000061035156,143.52000427246094,141.10000610351562,142.64999389648438,140.1484375,62128300
2022-12-09,142.33999633789062,145.57000732421875,140.89999389648438,142.16000366210938,139.6670684814453,76097000
2022-12-12,142.6999969482422,144.5,141.05999755859375,144.49000549316406,141.95619201660156,70462700
2022-12-13,149.5,149.97000122070312,144.24000549316406,145.47000122070312,142.91900634765625,93886200
2022-12-14,145.35000610351562,146.66000366210938,141.16000366210938,143.2100067138672,140.69863891601562,82291200
2022-12-15,141.11000061035156,141.8000030517578,136.02999877929688,136.5,134.1063232421875,98931900
2022-12-16,136.69000244140625,137.64999389648438,133.72999572753906,134.50999450683594,132.15121459960938,160156900
2022-12-19,135.11000061035156,135.1999969482422,131.32000732421875,132.3699951171875,130.04872131347656,79592600
2022-12-20,131.38999938964844,133.25,129.88999938964844,132.3000030517578,129.97996520996094,77432800
2022-12-21,132.97999572753906,136.80999755859375,132.75,135.4499969482422,133.07470703125,85928000
2022-12-22,134.35000610351562,134.55999755859375,130.3000030517578,132.22999572753906,129.9111785888672,77852100
2022-12-23,130.9199981689453,132.4199981689453,129.63999938964844,131.86000061035156,129.54766845703125,63814900
2022-12-27,131.3800048828125,131.41000366210938,128.72000122070312,130.02999877929688,127.74974822998047,69007800
2022-12-28,129.6699981689453,131.02999877929688,125.87000274658203,126.04000091552734,123.82972717285156,85438400
2022-12-29,127.98999786376953,130.47999572753906,127.7300033569336,129.61000061035156,127.3371353149414,75703700
2022-12-30,128.41000366210938,129.9499969482422,127.43000030517578,129.92999267578125,127.65151977539062,77034200
2023-01-03,130.27999877929688,130.89999389648438,124.16999816894531,125.06999969482422,122.87674713134766,112117500
2023-01-04,126.88999938964844,128.66000366210938,125.08000183105469,126.36000061035156,124.14411163330078,89113600
2023-01-05,127.12999725341797,127.7699966430664,124.76000213623047,125.0199966430664,122.82762145996094,80962700
2023-01-06,126.01000213623047,130.2899932861328,124.88999938964844,129.6199951171875,127.34693908691406,87754700
2023-01-09,130.47000122070312,133.41000366210938,129.88999938964844,130.14999389648438,127.8676528930664,70790800
2023-01-10,130.25999450683594,131.25999450683594,128.1199951171875,130.72999572753906,128.4375,63896200
2023-01-11,131.25,133.50999450683594,130.4600067138672,133.49000549316406,131.14907836914062,69458900
2023-01-12,133.8800048828125,134.25999450683594,131.44000244140625,133.41000366210938,131.07046508789062,71379600
2023-01-13,132.02999877929688,134.9199981689453,131.66000366210938,134.75999450683594,132.3968048095703,57809700
2023-01-17,134.8300018310547,137.2899932861328,134.1300048828125,135.94000244140625,133.5561065673828,63646600
2023-01-18,136.82000732421875,138.61000061035156,135.02999877929688,135.2100067138672,132.8389129638672,69672800
2023-01-19,134.0800018310547,136.25,133.77000427246094,135.27000427246094,132.8978729248047,58280400
2023-01-20,135.27999877929688,138.02000427246094,134.22000122070312,137.8699951171875,135.45225524902344,80223600
2023-01-23,138.1199951171875,143.32000732421875,137.89999389648438,141.11000061035156,138.63546752929688,81760300
2023-01-24,140.30999755859375,143.16000366210938,140.3000030517578,142.52999877929688,140.03054809570312,66435100
2023-01-25,140.88999938964844,142.42999267578125,138.80999755859375,141.86000061035156,139.372314453125,65799300
2023-01-26,143.1699981689453,144.25,141.89999389648438,143.9600067138672,141.43551635742188,54105100
2023-01-27,143.16000366210938,147.22999572753906,143.0800018310547,145.92999267578125,143.37091064453125,70555800
2023-01-30,144.9600067138672,145.5500030517578,142.85000610351562,143.0,140.49232482910156,64015300
2023-01-31,142.6999969482422,144.33999633789062,142.27999877929688,144.2899932861328,141.75970458984375,65874500
2023-02-01,143.97000122070312,146.61000061035156,141.32000732421875,145.42999267578125,142.8797149658203,77663600
2023-02-02,148.89999389648438,151.17999267578125,148.1699981689453,150.82000732421875,148.1752166748047,118339000
2023-02-03,148.02999877929688,157.3800048828125,147.8300018310547,154.5,151.7906494140625,154357300
2023-02-06,152.57000732421875,153.10000610351562,150.77999877929688,151.72999572753906,149.06922912597656,69858300
2023-02-07,150.63999938964844,155.22999572753906,150.63999938964844,154.64999389648438,151.93800354003906,83322600
2023-02-08,153.8800048828125,154.5800018310547,151.1699981689453,151.9199981689453,149.2559051513672,64120100
2023-02-09,153.77999877929688,154.3300018310547,150.4199981689453,150.8699951171875,148.2243194580078,56007100
2023-02-10,149.4600067138672,151.33999633789062,149.22000122070312,151.00999450683594,148.58837890625,57450700
2023-02-13,150.9499969482422,154.25999450683594,150.9199981689453,153.85000610351562,151.3828582763672,62199000
2023-02-14,152.1199951171875,153.77000427246094,150.86000061035156,153.1999969482422,150.74325561523438,61707600
2023-02-15,153.11000061035156,155.5,152.8800048828125,155.3300018310547,152.83912658691406,65573800
2023-02-16,153.50999450683594,156.3300018310547,153.35000610351562,153.7100067138672,151.2450714111328,68167900
2023-02-17,152.35000610351562,153.0,150.85000610351562,152.5500030517578,150.10369873046875,59144100
2023-02-21,150.1999969482422,151.3000030517578,148.41000366210938,148.47999572753906,146.09893798828125,58867200
2023-02-22,148.8699951171875,149.9499969482422,147.16000366210938,148.91000366210938,146.52203369140625,51011300
2023-02-23,150.08999633789062,150.33999633789062,147.24000549316406,149.39999389648438,147.0041961669922,48394200
2023-02-24,147.11000061035156,147.19000244140625,145.72000122070312,146.7100067138672,144.35733032226562,55469600
2023-02-27,147.7100067138672,149.1699981689453,147.4499969482422,147.9199981689453,145.54791259765625,44998500
2023-02-28,147.0500030517578,149.0800018310547,146.8300018310547,147.41000366210938,145.04611206054688,50547000
2023-03-01,146.8300018310547,147.22999572753906,145.00999450683594,145.30999755859375,142.97979736328125,55479000
2023-03-02,144.3800048828125,146.7100067138672,143.89999389648438,145.91000366210938,143.5701904296875,52238100
2023-03-03,148.0399932861328,151.11000061035156,147.3300018310547,151.02999877929688,148.60801696777344,70732300
2023-03-06,153.7899932861328,156.3000030517578,153.4600067138672,153.8300018310547,151.36314392089844,87558000
2023-03-07,153.6999969482422,154.02999877929688,151.1300048828125,151.60000610351562,149.1688995361328,56182000
2023-03-08,152.80999755859375,153.47000122070312,151.8300018310547,152.8699951171875,150.41854858398438,47204800
2023-03-09,153.55999755859375,154.5399932861328,150.22999572753906,150.58999633789062,148.17514038085938,53833600
2023-03-10,150.2100067138672,150.94000244140625,147.61000061035156,148.5,146.11862182617188,68572400
2023-03-13,147.80999755859375,153.13999938964844,147.6999969482422,150.47000122070312,148.05703735351562,84457100
2023-03-14,151.27999877929688,153.39999389648438,150.10000610351562,152.58999633789062,150.14303588867188,73695900
2023-03-15,151.19000244140625,153.25,149.9199981689453,152.99000549316406,150.53663635253906,77167900
2023-03-16,152.16000366210938,156.4600067138672,151.63999938964844,155.85000610351562,153.35073852539062,76161100
2023-03-17,156.0800018310547,156.74000549316406,154.27999877929688,155.0,152.51438903808594,98944600
2023-03-20,155.07000732421875,157.82000732421875,154.14999389648438,157.39999389648438,154.8759002685547,73641400
2023-03-21,157.32000732421875,159.39999389648438,156.5399932861328,159.27999877929688,156.72573852539062,73938300
2023-03-22,159.3000030517578,162.13999938964844,157.80999755859375,157.8300018310547,155.29898071289062,75701800
2023-03-23,158.8300018310547,161.5500030517578,157.67999267578125,158.92999267578125,156.38134765625,67622100
2023-03-24,158.86000061035156,160.33999633789062,157.85000610351562,160.25,157.68019104003906,59196500
2023-03-27,159.94000244140625,160.77000427246094,157.8699951171875,158.27999877929688,155.74176025390625,52390300
2023-03-28,157.97000122070312,158.49000549316406,155.97999572753906,157.64999389648438,155.12188720703125,45992200
2023-03-29,159.3699951171875,161.0500030517578,159.35000610351562,160.77000427246094,158.19186401367188,51305700
2023-03-30,161.52999877929688,162.47000122070312,161.27000427246094,162.36000061035156,159.75634765625,49501700
2023-03-31,162.44000244140625,165.0,161.91000366210938,164.89999389648438,162.25563049316406,68749800
2023-04-03,164.27000427246094,166.2899932861328,164.22000122070312,166.1699981689453,163.50526428222656,56976200
2023-04-04,166.60000610351562,166.83999633789062,165.11000061035156,165.6300048828125,162.97393798828125,46278300
2023-04-05,164.74000549316406,165.0500030517578,161.8000030517578,163.75999450683594,161.13389587402344,51511700
2023-04-06,162.42999267578125,164.9600067138672,162.0,164.66000366210938,162.0194854736328,45390100
2023-04-10,161.4199981689453,162.02999877929688,160.0800018310547,162.02999877929688,159.431640625,47716900
2023-04-11,162.35000610351562,162.36000061035156,160.50999450683594,160.8000030517578,158.22137451171875,47644200
2023-04-12,161.22000122070312,162.05999755859375,159.77999877929688,160.10000610351562,157.5326385498047,50133100
2023-04-13,161.6300048828125,165.8000030517578,161.4199981689453,165.55999755859375,162.90504455566406,68445600
2023-04-14,164.58999633789062,166.32000732421875,163.82000732421875,165.2100067138672,162.56068420410156,49386500
2023-04-17,165.08999633789062,165.38999938964844,164.02999877929688,165.22999572753906,162.58033752441406,41516200
2023-04-18,166.10000610351562,167.41000366210938,165.64999389648438,166.47000122070312,163.80047607421875,49923000
2023-04-19,165.8000030517578,168.16000366210938,165.5399932861328,167.6300048828125,164.94186401367188,47720200
2023-04-20,166.08999633789062,167.8699951171875,165.55999755859375,166.64999389648438,163.9775848388672,52456400
2023-04-21,165.0500030517578,166.4499969482422,164.49000549316406,165.02000427246094,162.3737335205078,58337300
2023-04-24,165.0,165.60000610351562,163.88999938964844,165.3300018310547,162.67872619628906,41949600
2023-04-25,165.19000244140625,166.30999755859375,163.72999572753906,163.77000427246094,161.14376831054688,48714100
2023-04-26,163.05999755859375,165.27999877929688,162.8000030517578,163.75999450683594,161.13389587402344,45498800
2023-04-27,165.19000244140625,168.55999755859375,165.19000244140625,168.41000366210938,165.70933532714844,64902300
2023-04-28,168.49000549316406,169.85000610351562,167.8800048828125,169.67999267578125,166.95896911621094,55275900
2023-05-01,169.27999877929688,170.4499969482422,168.63999938964844,169.58999633789062,166.8704376220703,52472900
2023-05-02,170.08999633789062,170.35000610351562,167.5399932861328,168.5399932861328,165.8372802734375,48425700
2023-05-03,169.5,170.9199981689453,167.16000366210938,167.4499969482422,164.7647247314453,65136000
2023-05-04,164.88999938964844,167.0399932861328,164.30999755859375,165.7899932861328,163.13133239746094,81235400
2023-05-05,170.97999572753906,174.3000030517578,170.75999450683594,173.57000732421875,170.78662109375,113453200
2023-05-08,172.47999572753906,173.85000610351562,172.11000061035156,173.5,170.7177276611328,55962800
2023-05-09,173.0500030517578,173.5399932861328,171.60000610351562,171.77000427246094,169.0154571533203,45326900
2023-05-10,173.02000427246094,174.02999877929688,171.89999389648438,173.55999755859375,170.77676391601562,53724500
2023-05-11,173.85000610351562,174.58999633789062,172.1699981689453,173.75,170.96371459960938,49514700
2023-05-12,173.6199951171875,174.05999755859375,171.0,172.57000732421875,170.0375213623047,45533100
2023-05-15,173.16000366210938,173.2100067138672,171.47000122070312,172.07000732421875,169.54486083984375,37266700
2023-05-16,171.99000549316406,173.13999938964844,171.8000030517578,172.07000732421875,169.54486083984375,42110300
2023-05-17,171.7100067138672,172.92999267578125,170.4199981689453,172.69000244140625,170.15574645996094,57951600
2023-05-18,173.0,175.24000549316406,172.5800018310547,175.0500030517578,172.4811248779297,65496700
2023-05-19,176.38999938964844,176.38999938964844,174.94000244140625,175.16000366210938,172.58950805664062,55809500
2023-05-22,173.97999572753906,174.7100067138672,173.4499969482422,174.1999969482422,171.6436004638672,43570900
2023-05-23,173.1300048828125,173.3800048828125,171.27999877929688,171.55999755859375,169.0423126220703,50747300
2023-05-24,171.08999633789062,172.4199981689453,170.52000427246094,171.83999633789062,169.31820678710938,45143500
2023-05-25,172.41000366210938,173.89999389648438,171.69000244140625,172.99000549316406,170.4513397216797,56058300
2023-05-26,173.32000732421875,175.77000427246094,173.11000061035156,175.42999267578125,172.8555450439453,54835000
2023-05-30,176.9600067138672,178.99000549316406,176.57000732421875,177.3000030517578,174.6981201171875,55964400
2023-05-31,177.3300018310547,179.35000610351562,176.75999450683594,177.25,174.64883422851562,99625300
2023-06-01,177.6999969482422,180.1199951171875,176.92999267578125,180.08999633789062,177.44715881347656,68901800
2023-06-02,181.02999877929688,181.77999877929688,179.25999450683594,180.9499969482422,178.2945556640625,61996900
2023-06-05,182.6300048828125,184.9499969482422,178.0399932861328,179.5800018310547,176.9446258544922,121946500
2023-06-06,179.97000122070312,180.1199951171875,177.42999267578125,179.2100067138672,176.58006286621094,64848400
2023-06-07,178.44000244140625,181.2100067138672,177.32000732421875,177.82000732421875,175.21047973632812,61944600
2023-06-08,177.89999389648438,180.83999633789062,177.4600067138672,180.57000732421875,177.92010498046875,50214900
2023-06-09,181.5,182.22999572753906,180.6300048828125,180.9600067138672,178.3043975830078,48900000
2023-06-12,181.27000427246094,183.88999938964844,180.97000122070312,183.7899932861328,181.0928497314453,54274900
2023-06-13,182.8000030517578,184.14999389648438,182.44000244140625,183.30999755859375,180.6199188232422,54929100
2023-06-14,183.3699951171875,184.38999938964844,182.02000427246094,183.9499969482422,181.25050354003906,57462900
2023-06-15,183.9600067138672,186.52000427246094,183.77999877929688,186.00999450683594,183.28025817871094,65433200
2023-06-16,186.72999572753906,186.99000549316406,184.27000427246094,184.9199981689453,182.20626831054688,101256200
2023-06-20,184.41000366210938,186.10000610351562,184.41000366210938,185.00999450683594,182.29495239257812,49799100
2023-06-21,184.89999389648438,185.41000366210938,182.58999633789062,183.9600067138672,181.26034545898438,49515700
2023-06-22,183.74000549316406,187.0500030517578,183.6699981689453,187.0,184.25575256347656,51245300
2023-06-23,185.5500030517578,187.55999755859375,185.00999450683594,186.67999267578125,183.9404296875,53117000
2023-06-26,186.8300018310547,188.0500030517578,185.22999572753906,185.27000427246094,182.55113220214844,48088700
2023-06-27,185.88999938964844,188.38999938964844,185.6699981689453,188.05999755859375,185.30018615722656,50730800
2023-06-28,187.92999267578125,189.89999389648438,187.60000610351562,189.25,186.4727020263672,51216800
2023-06-29,189.0800018310547,190.07000732421875,188.94000244140625,189.58999633789062,186.80770874023438,46347300
2023-06-30,191.6300048828125,194.47999572753906,191.25999450683594,193.97000122070312,191.12344360351562,85213200
2023-07-03,193.77999877929688,193.8800048828125,191.75999450683594,192.4600067138672,189.6356658935547,31458200
2023-07-05,191.57000732421875,192.97999572753906,190.6199951171875,191.3300018310547,188.52220153808594,46920300
2023-07-06,189.83999633789062,192.02000427246094,189.1999969482422,191.80999755859375,188.9951629638672,45094300
2023-07-07,191.41000366210938,192.6699981689453,190.24000549316406,190.67999267578125,187.88174438476562,46815000
2023-07-10,189.25999450683594,189.99000549316406,187.0399932861328,188.61000061035156,185.84210205078125,59922200
2023-07-11,189.16000366210938,189.3000030517578,186.60000610351562,188.0800018310547,185.31988525390625,46638100
2023-07-12,189.67999267578125,191.6999969482422,188.47000122070312,189.77000427246094,186.9850616455078,60750200
2023-07-13,190.5,191.19000244140625,189.77999877929688,190.5399932861328,187.74378967285156,41342300
2023-07-14,190.22999572753906,191.17999267578125,189.6300048828125,190.69000244140625,187.89158630371094,41616200
2023-07-17,191.89999389648438,194.32000732421875,191.80999755859375,193.99000549316406,191.14317321777344,50520200
2023-07-18,193.35000610351562,194.3300018310547,192.4199981689453,193.72999572753906,190.8870086669922,48288200
2023-07-19,193.10000610351562,198.22999572753906,192.64999389648438,195.10000610351562,192.23687744140625,80507300
2023-07-20,195.08999633789062,196.47000122070312,192.5,193.1300048828125,190.29579162597656,59581200
2023-07-21,194.10000610351562,194.97000122070312,191.22999572753906,191.94000244140625,189.12326049804688,71951700
2023-07-24,193.41000366210938,194.91000366210938,192.25,192.75,189.92135620117188,45377800
2023-07-25,193.3300018310547,194.44000244140625,192.9199981689453,193.6199951171875,190.77857971191406,37283200
2023-07-26,193.6699981689453,195.63999938964844,193.32000732421875,194.5,191.64566040039062,47471900
2023-07-27,196.02000427246094,197.1999969482422,192.5500030517578,193.22000122070312,190.3844451904297,47460200
2023-07-28,194.6699981689453,196.6300048828125,194.13999938964844,195.8300018310547,192.9561767578125,48291400
2023-07-31,196.05999755859375,196.49000549316406,195.25999450683594,196.4499969482422,193.5670928955078,38824100
2023-08-01,196.24000549316406,196.72999572753906,195.27999877929688,195.61000061035156,192.7393798828125,35175100
2023-08-02,195.0399932861328,195.17999267578125,191.85000610351562,192.5800018310547,189.7538299560547,50389300
2023-08-03,191.57000732421875,192.3699951171875,190.69000244140625,191.1699981689453,188.3645477294922,61235200
2023-08-04,185.52000427246094,187.3800048828125,181.9199981689453,181.99000549316406,179.31927490234375,115956800
2023-08-07,182.1300048828125,183.1300048828125,177.35000610351562,178.85000610351562,176.22535705566406,97576100
2023-08-08,179.69000244140625,180.27000427246094,177.5800018310547,179.8000030517578,177.16139221191406,67823000
2023-08-09,180.8699951171875,180.92999267578125,177.00999450683594,178.19000244140625,175.57504272460938,60378500
2023-08-10,179.47999572753906,180.75,177.60000610351562,177.97000122070312,175.35826110839844,54686900
2023-08-11,177.32000732421875,178.6199951171875,176.5500030517578,177.7899932861328,175.4174346923828,52036700
2023-08-14,177.97000122070312,179.69000244140625,177.30999755859375,179.4600067138672,177.06515502929688,43675600
2023-08-15,178.8800048828125,179.47999572753906,177.0500030517578,177.4499969482422,175.08200073242188,43622600
2023-08-16,177.1300048828125,178.5399932861328,176.5,176.57000732421875,174.2137451171875,46964900
2023-08-17,177.13999938964844,177.50999450683594,173.47999572753906,174.0,171.67803955078125,66062900
2023-08-18,172.3000030517578,175.10000610351562,171.9600067138672,174.49000549316406,172.16151428222656,61172200
2023-08-21,175.07000732421875,176.1300048828125,173.74000549316406,175.83999633789062,173.49346923828125,46311900
2023-08-22,177.05999755859375,177.67999267578125,176.25,177.22999572753906,174.86492919921875,42038900
2023-08-23,178.52000427246094,181.5500030517578,178.3300018310547,181.1199951171875,178.7030029296875,52722800
2023-08-24,180.6699981689453,181.10000610351562,176.00999450683594,176.3800048828125,174.02630615234375,54945800
2023-08-25,177.3800048828125,179.14999389648438,175.82000732421875,178.61000061035156,176.22653198242188,51449600
2023-08-28,180.08999633789062,180.58999633789062,178.5500030517578,180.19000244140625,177.78541564941406,43820700
2023-08-29,179.6999969482422,184.89999389648438,179.5,184.1199951171875,181.66299438476562,53003900
2023-08-30,184.94000244140625,187.85000610351562,184.74000549316406,187.64999389648438,185.1458740234375,60813900
2023-08-31,187.83999633789062,189.1199951171875,187.47999572753906,187.8699951171875,185.36294555664062,60794500
2023-09-01,189.49000549316406,189.9199981689453,188.27999877929688,189.4600067138672,186.93174743652344,45766500
2023-09-05,188.27999877929688,189.97999572753906,187.61000061035156,189.6999969482422,187.1685333251953,45280000
2023-09-06,188.39999389648438,188.85000610351562,181.47000122070312,182.91000366210938,180.46913146972656,81755800
2023-09-07,175.17999267578125,178.2100067138672,173.5399932861328,177.55999755859375,175.19053649902344,112488800
2023-09-08,178.35000610351562,180.24000549316406,177.7899932861328,178.17999267578125,175.80223083496094,65551300
2023-09-11,180.07000732421875,180.3000030517578,177.33999633789062,179.36000061035156,176.96652221679688,58953100
2023-09-12,179.49000549316406,180.1300048828125,174.82000732421875,176.3000030517578,173.94735717773438,90370200
2023-09-13,176.50999450683594,177.3000030517578,173.97999572753906,174.2100067138672,171.8852081298828,84267900
2023-09-14,174.0,176.10000610351562,173.5800018310547,175.74000549316406,173.39483642578125,60895800
2023-09-15,176.47999572753906,176.5,173.82000732421875,175.00999450683594,172.67454528808594,109259500
2023-09-18,176.47999572753906,179.3800048828125,176.1699981689453,177.97000122070312,175.59506225585938,67257600
2023-09-19,177.52000427246094,179.6300048828125,177.1300048828125,179.07000732421875,176.68038940429688,51826900
2023-09-20,179.25999450683594,179.6999969482422,175.39999389648438,175.49000549316406,173.14813232421875,58436200
2023-09-21,174.5500030517578,176.3000030517578,173.86000061035156,173.92999267578125,171.60894775390625,63149100
2023-09-22,174.6699981689453,177.0800018310547,174.0500030517578,174.7899932861328,172.4574737548828,56725400
2023-09-25,174.1999969482422,176.97000122070312,174.14999389648438,176.0800018310547,173.7302703857422,46172700
2023-09-26,174.82000732421875,175.1999969482422,171.66000366210938,171.9600067138672,169.66529846191406,64588900
2023-09-27,172.6199951171875,173.0399932861328,169.0500030517578,170.42999267578125,168.15565490722656,66921800
2023-09-28,169.33999633789062,172.02999877929688,167.6199951171875,170.69000244140625,168.41221618652344,56294400
2023-09-29,172.02000427246094,173.07000732421875,170.33999633789062,171.2100067138672,168.92527770996094,51861100
2023-10-02,171.22000122070312,174.3000030517578,170.92999267578125,173.75,171.43136596679688,52164500
2023-10-03,172.25999450683594,173.6300048828125,170.82000732421875,172.39999389648438,170.09938049316406,49594600
2023-10-04,171.08999633789062,174.2100067138672,170.97000122070312,173.66000366210938,171.3425750732422,53020300
2023-10-05,173.7899932861328,175.4499969482422,172.67999267578125,174.91000366210938,172.57589721679688,48527900
2023-10-06,173.8000030517578,177.99000549316406,173.17999267578125,177.49000549316406,175.12149047851562,57266700
2023-10-09,176.80999755859375,179.0500030517578,175.8000030517578,178.99000549316406,176.6014862060547,42390800
2023-10-10,178.10000610351562,179.72000122070312,177.9499969482422,178.38999938964844,176.00946044921875,43698000
2023-10-11,178.1999969482422,179.85000610351562,177.60000610351562,179.8000030517578,177.40065002441406,47551100
2023-10-12,180.07000732421875,182.33999633789062,179.0399932861328,180.7100067138672,178.29849243164062,56743100
2023-10-13,181.4199981689453,181.92999267578125,178.13999938964844,178.85000610351562,176.4633331298828,51427100
2023-10-16,176.75,179.0800018310547,176.50999450683594,178.72000122070312,176.33506774902344,52517000
2023-10-17,176.64999389648438,178.4199981689453,174.8000030517578,177.14999389648438,174.78598022460938,57549400
2023-10-18,175.5800018310547,177.5800018310547,175.11000061035156,175.83999633789062,173.49346923828125,54764400
2023-10-19,176.0399932861328,177.83999633789062,175.19000244140625,175.4600067138672,173.11859130859375,59302900
2023-10-20,175.30999755859375,175.4199981689453,172.63999938964844,172.8800048828125,170.572998046875,64244000
2023-10-23,170.91000366210938,174.00999450683594,169.92999267578125,173.0,170.69137573242188,55980100
2023-10-24,173.0500030517578,173.6699981689453,171.4499969482422,173.44000244140625,171.12550354003906,43816600
2023-10-25,171.8800048828125,173.05999755859375,170.64999389648438,171.10000610351562,168.81675720214844,57157000
2023-10-26,170.3699951171875,171.3800048828125,165.6699981689453,166.88999938964844,164.6629180908203,70625300
2023-10-27,166.91000366210938,168.9600067138672,166.8300018310547,168.22000122070312,165.97515869140625,58499100
2023-10-30,169.02000427246094,171.1699981689453,168.8699951171875,170.2899932861328,168.01756286621094,51131000
2023-10-31,169.35000610351562,170.89999389648438,167.89999389648438,170.77000427246094,168.49114990234375,44846000
2023-11-01,171.0,174.22999572753906,170.1199951171875,173.97000122070312,171.6484375,56934900
2023-11-02,175.52000427246094,177.77999877929688,175.4600067138672,177.57000732421875,175.20040893554688,77334800
2023-11-03,174.24000549316406,176.82000732421875,173.35000610351562,176.64999389648438,174.2926788330078,79829200
2023-11-06,176.3800048828125,179.42999267578125,176.2100067138672,179.22999572753906,176.83822631835938,63841300
2023-11-07,179.17999267578125,182.44000244140625,178.97000122070312,181.82000732421875,179.39369201660156,70530000
2023-11-08,182.35000610351562,183.4499969482422,181.58999633789062,182.88999938964844,180.44943237304688,49340300
2023-11-09,182.9600067138672,184.1199951171875,181.80999755859375,182.41000366210938,179.97581481933594,53763500
2023-11-10,183.97000122070312,186.57000732421875,183.52999877929688,186.39999389648438,184.15487670898438,66133400
2023-11-13,185.82000732421875,186.02999877929688,184.2100067138672,184.8000030517578,182.5741424560547,43627500
2023-11-14,187.6999969482422,188.11000061035156,186.3000030517578,187.44000244140625,185.18234252929688,60108400
2023-11-15,187.85000610351562,189.5,187.77999877929688,188.00999450683594,185.74545288085938,53790500
2023-11-16,189.57000732421875,190.9600067138672,188.64999389648438,189.7100067138672,187.4249725341797,54412900
2023-11-17,190.25,190.3800048828125,188.57000732421875,189.69000244140625,187.4051971435547,50922700
2023-11-20,189.88999938964844,191.91000366210938,189.8800048828125,191.4499969482422,189.14402770996094,46505100
2023-11-21,191.41000366210938,191.52000427246094,189.74000549316406,190.63999938964844,188.34378051757812,38134500
2023-11-22,191.49000549316406,192.92999267578125,190.8300018310547,191.30999755859375,189.00570678710938,39617700
2023-11-24,190.8699951171875,190.89999389648438,189.25,189.97000122070312,187.68186950683594,24048300
2023-11-27,189.9199981689453,190.6699981689453,188.89999389648438,189.7899932861328,187.50399780273438,40552600
2023-11-28,189.77999877929688,191.0800018310547,189.39999389648438,190.39999389648438,188.10665893554688,38415400
2023-11-29,190.89999389648438,192.08999633789062,188.97000122070312,189.3699951171875,187.08905029296875,43014200
2023-11-30,189.83999633789062,190.32000732421875,188.19000244140625,189.9499969482422,187.662109375,48794400
2023-12-01,190.3300018310547,191.55999755859375,189.22999572753906,191.24000549316406,188.93655395507812,45704800
2023-12-04,189.97999572753906,190.0500030517578,187.4499969482422,189.42999267578125,187.14834594726562,43389500
2023-12-05,190.2100067138672,194.39999389648438,190.17999267578125,193.4199981689453,191.09027099609375,66628400
2023-12-06,194.4499969482422,194.75999450683594,192.11000061035156,192.32000732421875,190.0035400390625,41089700
2023-12-07,193.6300048828125,195.0,193.58999633789062,194.27000427246094,191.93008422851562,47477700
2023-12-08,194.1999969482422,195.99000549316406,193.6699981689453,195.7100067138672,193.3527374267578,53406400
2023-12-11,193.11000061035156,193.49000549316406,191.4199981689453,193.17999267578125,190.85317993164062,60943700
2023-12-12,193.0800018310547,194.72000122070312,191.72000122070312,194.7100067138672,192.36477661132812,52696900
2023-12-13,195.08999633789062,198.0,194.85000610351562,197.9600067138672,195.5756378173828,70404200
2023-12-14,198.02000427246094,199.6199951171875,196.16000366210938,198.11000061035156,195.7238311767578,66831600
2023-12-15,197.52999877929688,198.39999389648438,197.0,197.57000732421875,195.1903076171875,128538400
2023-12-18,196.08999633789062,196.6300048828125,194.38999938964844,195.88999938964844,193.53053283691406,55751900
2023-12-19,196.16000366210938,196.9499969482422,195.88999938964844,196.94000244140625,194.5679168701172,40714100
2023-12-20,196.89999389648438,197.67999267578125,194.8300018310547,194.8300018310547,192.48333740234375,52242800
2023-12-21,196.10000610351562,197.0800018310547,193.5,194.67999267578125,192.33514404296875,46482500
2023-12-22,195.17999267578125,195.41000366210938,192.97000122070312,193.60000610351562,191.26812744140625,37149600
2023-12-26,193.61000061035156,193.88999938964844,192.8300018310547,193.0500030517578,190.72476196289062,28919300
2023-12-27,192.49000549316406,193.5,191.08999633789062,193.14999389648438,190.82354736328125,48087700
2023-12-28,194.13999938964844,194.66000366210938,193.1699981689453,193.5800018310547,191.24838256835938,34049900
2023-12-29,193.89999389648438,194.39999389648438,191.72999572753906,192.52999877929688,190.2110137939453,42672100
2024-01-02,187.14999389648438,188.44000244140625,183.88999938964844,185.63999938964844,183.4040069580078,82488700
2024-01-03,184.22000122070312,185.8800048828125,183.42999267578125,184.25,182.03076171875,58414500
2024-01-04,182.14999389648438,183.08999633789062,180.8800048828125,181.91000366210938,179.7189178466797,71983600
2024-01-05,181.99000549316406,182.75999450683594,180.1699981689453,181.17999267578125,178.99777221679688,62379700
2024-01-08,182.08999633789062,185.60000610351562,181.5,185.55999755859375,183.32496643066406,59144500
2024-01-09,183.9199981689453,185.14999389648438,182.72999572753906,185.13999938964844,182.9100341796875,42841800
2024-01-10,184.35000610351562,186.39999389648438,183.9199981689453,186.19000244140625,183.94735717773438,46792900
2024-01-11,186.5399932861328,187.0500030517578,183.6199951171875,185.58999633789062,183.35458374023438,49128400
2024-01-12,186.05999755859375,186.74000549316406,185.19000244140625,185.9199981689453,183.68063354492188,40477800
2024-01-16,182.16000366210938,184.25999450683594,180.92999267578125,183.6300048828125,181.418212890625,65603000
2024-01-17,181.27000427246094,182.92999267578125,180.3000030517578,182.67999267578125,180.4796600341797,47317400
2024-01-18,186.08999633789062,189.13999938964844,185.8300018310547,188.6300048828125,186.3579864501953,78005800
2024-01-19,189.3300018310547,191.9499969482422,188.82000732421875,191.55999755859375,189.252685546875,68903000
2024-01-22,192.3000030517578,195.3300018310547,192.25999450683594,193.88999938964844,191.5546112060547,60133900
2024-01-23,195.02000427246094,195.75,193.8300018310547,195.17999267578125,192.82907104492188,42355600
2024-01-24,195.4199981689453,196.3800048828125,194.33999633789062,194.5,192.15728759765625,53631300
2024-01-25,195.22000122070312,196.27000427246094,193.11000061035156,194.1699981689453,191.83126831054688,54822100
2024-01-26,194.27000427246094,194.75999450683594,191.94000244140625,192.4199981689453,190.1023406982422,44594000
2024-01-29,192.00999450683594,192.1999969482422,189.5800018310547,191.72999572753906,189.42066955566406,47145600
2024-01-30,190.94000244140625,191.8000030517578,187.47000122070312,188.0399932861328,185.77511596679688,55859400
2024-01-31,187.0399932861328,187.10000610351562,184.35000610351562,184.39999389648438,182.17892456054688,55467800
2024-02-01,183.99000549316406,186.9499969482422,183.82000732421875,186.86000061035156,184.6093292236328,64885400
2024-02-02,179.86000061035156,187.3300018310547,179.25,185.85000610351562,183.6114959716797,102551700
2024-02-05,188.14999389648438,189.25,185.83999633789062,187.67999267578125,185.41946411132812,69668800
2024-02-06,186.86000061035156,189.30999755859375,186.77000427246094,189.3000030517578,187.0198974609375,43490800
2024-02-07,190.63999938964844,191.0500030517578,188.61000061035156,189.41000366210938,187.12860107421875,53439000
2024-02-08,189.38999938964844,189.5399932861328,187.35000610351562,188.32000732421875,186.05177307128906,40962000
2024-02-09,188.64999389648438,189.99000549316406,188.0,188.85000610351562,186.81344604492188,45155200
2024-02-12,188.4199981689453,188.6699981689453,186.7899932861328,187.14999389648438,185.13174438476562,41781900
2024-02-13,185.77000427246094,186.2100067138672,183.50999450683594,185.0399932861328,183.0445098876953,56529500
2024-02-14,185.32000732421875,185.52999877929688,182.44000244140625,184.14999389648438,182.16412353515625,54630500
2024-02-15,183.5500030517578,184.49000549316406,181.35000610351562,183.86000061035156,181.8772430419922,65434500
2024-02-16,183.4199981689453,184.85000610351562,181.6699981689453,182.30999755859375,180.34397888183594,49752500
2024-02-20,181.7899932861328,182.42999267578125,180.0,181.55999755859375,179.60203552246094,53665600
2024-02-21,181.94000244140625,182.88999938964844,180.66000366210938,182.32000732421875,180.35385131835938,41371400
2024-02-22,183.47999572753906,184.9600067138672,182.4600067138672,184.3699951171875,182.38174438476562,52292200
2024-02-23,185.00999450683594,185.0399932861328,182.22999572753906,182.52000427246094,180.5516815185547,45119700
2024-02-26,182.24000549316406,182.75999450683594,180.64999389648438,181.16000366210938,179.2063751220703,40867400
2024-02-27,181.10000610351562,183.9199981689453,179.55999755859375,182.6300048828125,180.6605224609375,54318900
2024-02-28,182.50999450683594,183.1199951171875,180.1300048828125,181.4199981689453,179.46353149414062,48953900
2024-02-29,181.27000427246094,182.57000732421875,179.52999877929688,180.75,178.80081176757812,136682600
2024-03-01,179.5500030517578,180.52999877929688,177.3800048828125,179.66000366210938,177.7225341796875,73563100
2024-03-04,176.14999389648438,176.89999389648438,173.7899932861328,175.10000610351562,173.2117156982422,81510100
2024-03-05,170.75999450683594,172.0399932861328,169.6199951171875,170.1199951171875,168.28538513183594,95132400
2024-03-06,171.05999755859375,171.24000549316406,168.67999267578125,169.1199951171875,167.29617309570312,68587700
2024-03-07,169.14999389648438,170.72999572753906,168.49000549316406,169.0,167.17747497558594,71765100
2024-03-08,169.0,173.6999969482422,168.94000244140625,170.72999572753906,168.8888397216797,76267000
2024-03-11,172.94000244140625,174.3800048828125,172.0500030517578,172.75,170.8870391845703,60139500
2024-03-12,173.14999389648438,174.02999877929688,171.00999450683594,173.22999572753906,171.36184692382812,59825400
2024-03-13,172.77000427246094,173.19000244140625,170.75999450683594,171.1300048828125,169.28453063964844,52488700
2024-03-14,172.91000366210938,174.30999755859375,172.0500030517578,173.0,171.13433837890625,72913500
2024-03-15,171.1699981689453,172.6199951171875,170.2899932861328,172.6199951171875,170.75843811035156,121752700
2024-03-18,175.57000732421875,177.7100067138672,173.52000427246094,173.72000122070312,171.84657287597656,75604200
2024-03-19,174.33999633789062,176.61000061035156,173.02999877929688,176.0800018310547,174.18112182617188,55215200
2024-03-20,175.72000122070312,178.6699981689453,175.08999633789062,178.6699981689453,176.7432098388672,53423100
2024-03-21,177.0500030517578,177.49000549316406,170.83999633789062,171.3699951171875,169.5219268798828,106181300
2024-03-22,171.75999450683594,173.0500030517578,170.05999755859375,172.27999877929688,170.42213439941406,71160100
2024-03-25,170.57000732421875,171.94000244140625,169.4499969482422,170.85000610351562,169.00755310058594,54288300
2024-03-26,170.0,171.4199981689453,169.5800018310547,169.7100067138672,167.8798370361328,57388400
2024-03-27,170.41000366210938,173.60000610351562,170.11000061035156,173.30999755859375,171.44102478027344,60273300
2024-03-28,171.75,172.22999572753906,170.50999450683594,171.47999572753906,169.6307373046875,65672700
2024-04-01,171.19000244140625,171.25,169.47999572753906,170.02999877929688,168.19639587402344,46240500
2024-04-02,169.0800018310547,169.33999633789062,168.22999572753906,168.83999633789062,167.01919555664062,49329500
2024-04-03,168.7899932861328,170.67999267578125,168.5800018310547,169.64999389648438,167.8204803466797,47691700
2024-04-04,170.2899932861328,171.9199981689453,168.82000732421875,168.82000732421875,166.9994354248047,53704400
2024-04-05,169.58999633789062,170.38999938964844,168.9499969482422,169.5800018310547,167.751220703125,42104800
2024-04-08,169.02999877929688,169.1999969482422,168.24000549316406,168.4499969482422,166.63340759277344,37425500
2024-04-09,168.6999969482422,170.0800018310547,168.35000610351562,169.6699981689453,167.84027099609375,42373800
2024-04-10,168.8000030517578,169.08999633789062,167.11000061035156,167.77999877929688,165.9706268310547,49709300
2024-04-11,168.33999633789062,175.4600067138672,168.16000366210938,175.0399932861328,173.15232849121094,91070300
2024-04-12,174.25999450683594,178.36000061035156,174.2100067138672,176.5500030517578,174.64608764648438,101670900
2024-04-15,175.36000061035156,176.6300048828125,172.5,172.69000244140625,170.82766723632812,73531800
2024-04-16,171.75,173.75999450683594,168.27000427246094,169.3800048828125,167.55337524414062,73711200
2024-04-17,169.61000061035156,170.64999389648438,168.0,168.0,166.18826293945312,50901200
2024-04-18,168.02999877929688,168.63999938964844,166.5500030517578,167.0399932861328,165.23863220214844,43122900
2024-04-19,166.2100067138672,166.39999389648438,164.0800018310547,165.0,163.2206268310547,68149400
2024-04-22,165.52000427246094,167.25999450683594,164.77000427246094,165.83999633789062,164.0515594482422,48116400
2024-04-23,165.35000610351562,167.0500030517578,164.9199981689453,166.89999389648438,165.10011291503906,49537800
2024-04-24,166.5399932861328,169.3000030517578,166.2100067138672,169.02000427246094,167.19728088378906,48251800
2024-04-25,169.52999877929688,170.61000061035156,168.14999389648438,169.88999938964844,168.05789184570312,50558300
2024-04-26,169.8800048828125,171.33999633789062,169.17999267578125,169.3000030517578,167.4742431640625,44838400
2024-04-29,173.3699951171875,176.02999877929688,173.10000610351562,173.5,171.6289520263672,68169400
2024-04-30,173.3300018310547,174.99000549316406,170.0,170.3300018310547,168.49314880371094,65934800
2024-05-01,169.5800018310547,172.7100067138672,169.11000061035156,169.3000030517578,167.4742431640625,50383100
2024-05-02,172.50999450683594,173.4199981689453,170.88999938964844,173.02999877929688,171.16403198242188,94214900
2024-05-03,186.64999389648438,187.0,182.66000366210938,183.3800048828125,181.4024200439453,163224100
2024-05-06,182.35000610351562,184.1999969482422,180.4199981689453,181.7100067138672,179.75042724609375,78569700
2024-05-07,183.4499969482422,184.89999389648438,181.32000732421875,182.39999389648438,180.4329833984375,77305800
2024-05-08,182.85000610351562,183.07000732421875,181.4499969482422,182.74000549316406,180.7693328857422,45057100
2024-05-09,182.55999755859375,184.66000366210938,182.11000061035156,184.57000732421875,182.57960510253906,48983000
2024-05-10,184.89999389648438,185.08999633789062,182.1300048828125,183.0500030517578,181.32156372070312,50759500
2024-05-13,185.44000244140625,187.10000610351562,184.6199951171875,186.27999877929688,184.52108764648438,72044800
2024-05-14,187.50999450683594,188.3000030517578,186.2899932861328,187.42999267578125,185.6602325439453,52393600
2024-05-15,187.91000366210938,190.64999389648438,187.3699951171875,189.72000122070312,187.92857360839844,70400000
2024-05-16,190.47000122070312,191.10000610351562,189.66000366210938,189.83999633789062,188.04747009277344,52845200
2024-05-17,189.50999450683594,190.80999755859375,189.17999267578125,189.8699951171875,188.07717895507812,41282900
2024-05-20,189.3300018310547,191.9199981689453,189.00999450683594,191.0399932861328,189.23611450195312,44361300
2024-05-21,191.08999633789062,192.72999572753906,190.9199981689453,192.35000610351562,190.53378295898438,42309400
2024-05-22,192.27000427246094,192.82000732421875,190.27000427246094,190.89999389648438,189.0974578857422,34648500
2024-05-23,190.97999572753906,191.0,186.6300048828125,186.8800048828125,185.1154327392578,51005900
2024-05-24,188.82000732421875,190.5800018310547,188.0399932861328,189.97999572753906,188.18614196777344,36327000
2024-05-28,191.50999450683594,193.0,189.10000610351562,189.99000549316406,188.19606018066406,52280100
2024-05-29,189.61000061035156,192.25,189.50999450683594,190.2899932861328,188.4932098388672,53068000
2024-05-30,190.75999450683594,192.17999267578125,190.6300048828125,191.2899932861328,189.48374938964844,49889100
2024-05-31,191.44000244140625,192.57000732421875,189.91000366210938,192.25,190.4346923828125,75158300
2024-06-03,192.89999389648438,194.99000549316406,192.52000427246094,194.02999877929688,192.1978759765625,50080500
2024-06-04,194.63999938964844,195.32000732421875,193.02999877929688,194.35000610351562,192.51486206054688,47471400
2024-06-05,195.39999389648438,196.89999389648438,194.8699951171875,195.8699951171875,194.02052307128906,54156800
2024-06-06,195.69000244140625,196.5,194.1699981689453,194.47999572753906,192.64366149902344,41181800
2024-06-07,194.64999389648438,196.94000244140625,194.13999938964844,196.88999938964844,195.03085327148438,53103900
2024-06-10,196.89999389648438,197.3000030517578,192.14999389648438,193.1199951171875,191.29649353027344,97010200
2024-06-11,193.64999389648438,207.16000366210938,193.6300048828125,207.14999389648438,205.19403076171875,172373300
2024-06-12,207.3699951171875,220.1999969482422,206.89999389648438,213.07000732421875,211.05810546875,198134300
2024-06-13,214.74000549316406,216.75,211.60000610351562,214.24000549316406,212.21707153320312,97862700
2024-06-14,213.85000610351562,215.1699981689453,211.3000030517578,212.49000549316406,210.48358154296875,70122700
2024-06-17,213.3699951171875,218.9499969482422,212.72000122070312,216.6699981689453,214.6240997314453,93728300
2024-06-18,217.58999633789062,218.6300048828125,213.0,214.2899932861328,212.2666015625,79943300
2024-06-20,213.92999267578125,214.24000549316406,208.85000610351562,209.67999267578125,207.70008850097656,86172500
2024-06-21,210.38999938964844,211.88999938964844,207.11000061035156,207.49000549316406,205.5308074951172,241805100
2024-06-24,207.72000122070312,212.6999969482422,206.58999633789062,208.13999938964844,206.17466735839844,80727000
2024-06-25,209.14999389648438,211.3800048828125,208.61000061035156,209.07000732421875,207.09588623046875,55549700
2024-06-26,211.5,214.86000061035156,210.63999938964844,213.25,211.2364044189453,66213200
2024-06-27,214.69000244140625,215.74000549316406,212.35000610351562,214.10000610351562,212.07839965820312,49772700
2024-06-28,215.77000427246094,216.07000732421875,210.3000030517578,210.6199951171875,208.63124084472656,82542700
2024-07-01,212.08999633789062,217.50999450683594,211.9199981689453,216.75,214.70338439941406,60402900
2024-07-02,216.14999389648438,220.3800048828125,215.10000610351562,220.27000427246094,218.1901092529297,58046200
2024-07-03,220.0,221.5500030517578,219.02999877929688,221.5500030517578,219.4580535888672,37369800
2024-07-05,221.64999389648438,226.4499969482422,221.64999389648438,226.33999633789062,224.2028350830078,60412400
2024-07-08,227.08999633789062,227.85000610351562,223.25,227.82000732421875,225.66883850097656,59085900
2024-07-09,227.92999267578125,229.39999389648438,226.3699951171875,228.67999267578125,226.52072143554688,48076100
2024-07-10,229.3000030517578,233.0800018310547,229.25,232.97999572753906,230.78012084960938,62627700
2024-07-11,231.38999938964844,232.38999938964844,225.77000427246094,227.57000732421875,225.4212188720703,64710600
2024-07-12,228.9199981689453,232.63999938964844,228.67999267578125,230.5399932861328,228.3631591796875,53046500
2024-07-15,236.47999572753906,237.22999572753906,233.08999633789062,234.39999389648438,232.1867218017578,62631300
2024-07-16,235.0,236.27000427246094,232.3300018310547,234.82000732421875,232.60275268554688,43234300
2024-07-17,229.4499969482422,231.4600067138672,226.63999938964844,228.8800048828125,226.71884155273438,57345900
2024-07-18,230.27999877929688,230.44000244140625,222.27000427246094,224.17999267578125,222.06321716308594,66034600
2024-07-19,224.82000732421875,226.8000030517578,223.27999877929688,224.30999755859375,222.19200134277344,49151500
2024-07-22,227.00999450683594,227.77999877929688,223.08999633789062,223.9600067138672,221.8452911376953,48201800
2024-07-23,224.3699951171875,226.94000244140625,222.67999267578125,225.00999450683594,222.88536071777344,39960300
2024-07-24,224.0,224.8000030517578,217.1300048828125,218.5399932861328,216.47645568847656,61777600
2024-07-25,218.92999267578125,220.85000610351562,214.6199951171875,217.49000549316406,215.43638610839844,51391200
2024-07-26,218.6999969482422,219.49000549316406,216.00999450683594,217.9600067138672,215.90194702148438,41601300
2024-07-29,216.9600067138672,219.3000030517578,215.75,218.24000549316406,216.1792755126953,36311800
2024-07-30,219.19000244140625,220.3300018310547,216.1199951171875,218.8000030517578,216.73403930664062,41643800
2024-07-31,221.44000244140625,223.82000732421875,220.6300048828125,222.0800018310547,219.98304748535156,50036300
2024-08-01,224.3699951171875,224.47999572753906,217.02000427246094,218.36000061035156,216.29815673828125,62501000
2024-08-02,219.14999389648438,225.60000610351562,217.7100067138672,219.86000061035156,217.7840118408203,105568600
2024-08-05,199.08999633789062,213.5,196.0,209.27000427246094,207.29400634765625,119548600
2024-08-06,205.3000030517578,209.99000549316406,201.07000732421875,207.22999572753906,205.27325439453125,69660500
2024-08-07,206.89999389648438,213.63999938964844,206.38999938964844,209.82000732421875,207.83880615234375,63516400
2024-08-08,213.11000061035156,214.1999969482422,208.8300018310547,213.30999755859375,211.29586791992188,47161100
2024-08-09,212.10000610351562,216.77999877929688,211.97000122070312,216.24000549316406,214.19821166992188,42201600
2024-08-12,216.07000732421875,219.50999450683594,215.60000610351562,217.52999877929688,215.7254180908203,38028100
2024-08-13,219.00999450683594,221.88999938964844,219.00999450683594,221.27000427246094,219.4344024658203,44155300
2024-08-14,220.57000732421875,223.02999877929688,219.6999969482422,221.72000122070312,219.8806610107422,41960600
2024-08-15,224.60000610351562,225.35000610351562,222.75999450683594,224.72000122070312,222.8557586669922,46414000
2024-08-16,223.9199981689453,226.8300018310547,223.64999389648438,226.0500030517578,224.17474365234375,44340200
2024-08-19,225.72000122070312,225.99000549316406,223.0399932861328,225.88999938964844,224.0160675048828,40687800
2024-08-20,225.77000427246094,227.1699981689453,225.4499969482422,226.50999450683594,224.6309051513672,30299000
2024-08-21,226.52000427246094,227.97999572753906,225.0500030517578,226.39999389648438,224.52182006835938,34765500
2024-08-22,227.7899932861328,228.33999633789062,223.89999389648438,224.52999877929688,222.66734313964844,43695300
2024-08-23,225.66000366210938,228.22000122070312,224.3300018310547,226.83999633789062,224.9581756591797,38677300
2024-08-26,226.75999450683594,227.27999877929688,223.88999938964844,227.17999267578125,225.29534912109375,30602200
2024-08-27,226.0,228.85000610351562,224.88999938964844,228.02999877929688,226.1383056640625,35934600
2024-08-28,227.9199981689453,229.86000061035156,225.67999267578125,226.49000549316406,224.611083984375,38052200
2024-08-29,230.10000610351562,232.9199981689453,228.8800048828125,229.7899932861328,227.88368225097656,51906300
2024-08-30,230.19000244140625,230.39999389648438,227.47999572753906,229.0,227.1002655029297,52990800
2024-09-03,228.5500030517578,229.0,221.1699981689453,222.77000427246094,220.9219512939453,50190600
2024-09-04,221.66000366210938,221.77999877929688,217.47999572753906,220.85000610351562,219.0178680419922,43840200
2024-09-05,221.6300048828125,225.47999572753906,221.52000427246094,222.3800048828125,220.53518676757812,36615400
2024-09-06,223.9499969482422,225.24000549316406,219.77000427246094,220.82000732421875,218.98812866210938,48423000
2024-09-09,220.82000732421875,221.27000427246094,216.7100067138672,220.91000366210938,219.077392578125,67180000
2024-09-10,218.9199981689453,221.47999572753906,216.72999572753906,220.11000061035156,218.2840118408203,51591000
2024-09-11,221.4600067138672,223.08999633789062,217.88999938964844,222.66000366210938,220.81283569335938,44587100
2024-09-12,222.5,223.5500030517578,219.82000732421875,222.77000427246094,220.9219512939453,37455600
2024-09-13,223.5800018310547,224.0399932861328,221.91000366210938,222.5,220.6541748046875,36766600
2024-09-16,216.5399932861328,217.22000122070312,213.9199981689453,216.32000732421875,214.52545166015625,59357400
2024-09-17,215.75,216.89999389648438,214.5,216.7899932861328,214.99154663085938,45519300
2024-09-18,217.5500030517578,222.7100067138672,217.5399932861328,220.69000244140625,218.85919189453125,59894900
2024-09-19,224.99000549316406,229.82000732421875,224.6300048828125,228.8699951171875,226.97134399414062,66781300
2024-09-20,229.97000122070312,233.08999633789062,227.6199951171875,228.1999969482422,226.30690002441406,318679900
2024-09-23,227.33999633789062,229.4499969482422,225.80999755859375,226.47000122070312,224.59124755859375,54146000
2024-09-24,228.64999389648438,229.35000610351562,225.72999572753906,227.3699951171875,225.48379516601562,43556100
2024-09-25,224.92999267578125,227.2899932861328,224.02000427246094,226.3699951171875,224.49208068847656,42308700
2024-09-26,227.3000030517578,228.5,225.41000366210938,227.52000427246094,225.632568359375,36636700
2024-09-27,228.4600067138672,229.52000427246094,227.3000030517578,227.7899932861328,225.90028381347656,34026000
2024-09-30,230.0399932861328,233.0,229.64999389648438,233.0,231.06707763671875,54541900
2024-10-01,229.52000427246094,229.64999389648438,223.74000549316406,226.2100067138672,224.3334197998047,63285000
2024-10-02,225.88999938964844,227.3699951171875,223.02000427246094,226.77999877929688,224.898681640625,32880600
2024-10-03,225.13999938964844,226.80999755859375,223.32000732421875,225.6699981689453,223.79788208007812,34044200
2024-10-04,227.89999389648438,228.0,224.1300048828125,226.8000030517578,224.9185028076172,37245100
2024-10-07,224.5,225.69000244140625,221.3300018310547,221.69000244140625,219.85089111328125,39505400
2024-10-08,224.3000030517578,225.97999572753906,223.25,225.77000427246094,223.89706420898438,31855700
2024-10-09,225.22999572753906,229.75,224.8300018310547,229.5399932861328,227.6357879638672,33591100
2024-10-10,227.77999877929688,229.5,227.1699981689453,229.0399932861328,227.13990783691406,28183500
2024-10-11,229.3000030517578,229.41000366210938,227.33999633789062,227.5500030517578,225.66229248046875,31759200
2024-10-14,228.6999969482422,231.72999572753906,228.60000610351562,231.3000030517578,229.38119506835938,39882100
2024-10-15,233.61000061035156,237.49000549316406,232.3699951171875,233.85000610351562,231.91004943847656,64751400
2024-10-16,231.60000610351562,232.1199951171875,229.83999633789062,231.77999877929688,229.85716247558594,34082200
2024-10-17,233.42999267578125,233.85000610351562,230.52000427246094,232.14999389648438,230.22413635253906,32993800
2024-10-18,236.17999267578125,236.17999267578125,234.00999450683594,235.0,233.0504913330078,46431500
2024-10-21,234.4499969482422,236.85000610351562,234.4499969482422,236.47999572753906,234.51817321777344,36254500
2024-10-22,233.88999938964844,236.22000122070312,232.60000610351562,235.86000061035156,233.90335083007812,38846600
2024-10-23,234.0800018310547,235.13999938964844,227.75999450683594,230.75999450683594,228.8456573486328,52287000
2024-10-24,229.97999572753906,230.82000732421875,228.41000366210938,230.57000732421875,228.65724182128906,31109500
2024-10-25,229.74000549316406,233.22000122070312,229.57000732421875,231.41000366210938,229.49029541015625,38802300
2024-10-28,233.32000732421875,234.72999572753906,232.5500030517578,233.39999389648438,231.46376037597656,36087100
2024-10-29,233.10000610351562,234.3300018310547,232.32000732421875,233.6699981689453,231.7315216064453,35417200
2024-10-30,232.61000061035156,233.47000122070312,229.5500030517578,230.10000610351562,228.19114685058594,47070900
2024-10-31,229.33999633789062,229.8300018310547,225.3699951171875,225.91000366210938,224.035888671875,64370100
2024-11-01,220.97000122070312,225.35000610351562,220.27000427246094,222.91000366210938,221.06076049804688,65276700
2024-11-04,220.99000549316406,222.7899932861328,219.7100067138672,222.00999450683594,220.16824340820312,44944500
2024-11-05,221.8000030517578,223.9499969482422,221.13999938964844,223.4499969482422,221.59629821777344,28111300
2024-11-06,222.61000061035156,226.07000732421875,221.19000244140625,222.72000122070312,220.87234497070312,54561100
2024-11-07,224.6300048828125,227.8800048828125,224.57000732421875,227.47999572753906,225.59286499023438,42137700
2024-11-08,227.1699981689453,228.66000366210938,226.41000366210938,226.9600067138672,225.32479858398438,38328800
2024-11-11,225.0,225.6999969482422,221.5,224.22999572753906,222.61447143554688,42005600
2024-11-12,224.5500030517578,225.58999633789062,223.36000061035156,224.22999572753906,222.61447143554688,40398300
2024-11-13,224.00999450683594,226.64999389648438,222.75999450683594,225.1199951171875,223.498046875,48566200
2024-11-14,225.02000427246094,228.8699951171875,225.0,228.22000122070312,226.5757293701172,44923900
2024-11-15,226.39999389648438,226.9199981689453,224.27000427246094,225.0,223.37893676757812,47923700
2024-11-18,225.25,229.74000549316406,225.1699981689453,228.02000427246094,226.377197265625,44633700
2024-11-19,226.97999572753906,230.16000366210938,226.66000366210938,228.27999877929688,226.6352996826172,36211800
2024-11-20,228.05999755859375,229.92999267578125,225.88999938964844,229.0,227.35009765625,35169600
2024-11-21,228.8800048828125,230.16000366210938,225.7100067138672,228.52000427246094,226.87356567382812,42108300
2024-11-22,228.05999755859375,230.72000122070312,228.05999755859375,229.8699951171875,228.21383666992188,38168300
2024-11-25,231.4600067138672,233.25,229.74000549316406,232.8699951171875,231.19223022460938,90152800
2024-11-26,233.3300018310547,235.57000732421875,233.3300018310547,235.05999755859375,233.366455078125,45986200
2024-11-27,234.47000122070312,235.69000244140625,233.80999755859375,234.92999267578125,233.2373809814453,33498400
2024-11-29,234.80999755859375,237.80999755859375,233.97000122070312,237.3300018310547,235.62010192871094,28481400
2024-12-02,237.27000427246094,240.7899932861328,237.16000366210938,239.58999633789062,237.86378479003906,48137100
2024-12-03,239.80999755859375,242.75999450683594,238.89999389648438,242.64999389648438,240.90176391601562,38861000
2024-12-04,242.8699951171875,244.11000061035156,241.25,243.00999450683594,241.25917053222656,44383900
2024-12-05,243.99000549316406,244.5399932861328,242.1300048828125,243.0399932861328,241.2889404296875,40033900
2024-12-06,242.91000366210938,244.6300048828125,242.0800018310547,242.83999633789062,241.09039306640625,36870600
2024-12-09,241.8300018310547,247.24000549316406,241.75,246.75,244.9722442626953,44649200
2024-12-10,246.88999938964844,248.2100067138672,245.33999633789062,247.77000427246094,245.98484802246094,36914800
2024-12-11,247.9600067138672,250.8000030517578,246.25999450683594,246.49000549316406,244.714111328125,45205800
2024-12-12,246.88999938964844,248.74000549316406,245.67999267578125,247.9600067138672,246.17352294921875,32777500
2024-12-13,247.82000732421875,249.2899932861328,246.24000549316406,248.1300048828125,246.34230041503906,33155300
2024-12-16,247.99000549316406,251.3800048828125,247.64999389648438,251.0399932861328,249.23130798339844,51694800
2024-12-17,250.0800018310547,253.8300018310547,249.77999877929688,253.47999572753906,251.6537322998047,51356400
2024-12-18,252.16000366210938,254.27999877929688,247.74000549316406,248.0500030517578,246.26287841796875,56774100
2024-12-19,247.5,252.0,247.08999633789062,249.7899932861328,247.99034118652344,60882300
2024-12-20,248.0399932861328,255.0,245.69000244140625,254.49000549316406,252.65646362304688,147495300
2024-12-23,254.77000427246094,255.64999389648438,253.4499969482422,255.27000427246094,253.43084716796875,40858800
2024-12-24,255.49000549316406,258.2099914550781,255.2899932861328,258.20001220703125,256.3397521972656,23234700
2024-12-26,258.19000244140625,260.1000061035156,257.6300048828125,259.0199890136719,257.1537780761719,27237100
2024-12-27,257.8299865722656,258.70001220703125,253.05999755859375,255.58999633789062,253.74851989746094,42355300
2024-12-30,252.22999572753906,253.5,250.75,252.1999969482422,250.38294982910156,35557500
2024-12-31,252.44000244140625,253.27999877929688,249.42999267578125,250.4199981689453,248.6157989501953,39480700
2025-01-02,248.92999267578125,249.10000610351562,241.82000732421875,243.85000610351562,242.0931396484375,55740700
2025-01-03,243.36000061035156,244.17999267578125,241.88999938964844,243.36000061035156,241.60665893554688,40244100
2025-01-06,244.30999755859375,247.3300018310547,243.1999969482422,245.0,243.23483276367188,45045600
2025-01-07,242.97999572753906,245.5500030517578,241.35000610351562,242.2100067138672,240.46493530273438,40856000
2025-01-08,241.9199981689453,243.7100067138672,240.0500030517578,242.6999969482422,240.95140075683594,37628900
2025-01-10,240.00999450683594,240.16000366210938,233.0,236.85000610351562,235.14356994628906,61710900
2025-01-13,233.52999877929688,234.6699981689453,229.72000122070312,234.39999389648438,232.71121215820312,49630700
2025-01-14,234.75,236.1199951171875,232.47000122070312,233.27999877929688,231.5992889404297,39435300
2025-01-15,234.63999938964844,238.9600067138672,234.42999267578125,237.8699951171875,236.1562042236328,39832000
2025-01-16,237.35000610351562,238.00999450683594,228.02999877929688,228.25999450683594,226.6154327392578,71759100
2025-01-17,232.1199951171875,232.2899932861328,228.47999572753906,229.97999572753906,228.3230438232422,68488300
2025-01-21,224.0,224.4199981689453,219.3800048828125,222.63999938964844,221.0359344482422,98070400
2025-01-22,219.7899932861328,224.1199951171875,219.7899932861328,223.8300018310547,222.21737670898438,64126500
2025-01-23,224.74000549316406,227.02999877929688,222.3000030517578,223.66000366210938,222.048583984375,60234800
2025-01-24,224.77999877929688,225.6300048828125,221.41000366210938,222.77999877929688,221.1749267578125,54697900
2025-01-27,224.02000427246094,232.14999389648438,223.97999572753906,229.86000061035156,228.20394897460938,94863400
2025-01-28,230.85000610351562,240.19000244140625,230.80999755859375,238.25999450683594,236.5433807373047,75707600
2025-01-29,234.1199951171875,239.86000061035156,234.00999450683594,239.36000061035156,237.6354522705078,45486100
2025-01-30,238.6699981689453,240.7899932861328,237.2100067138672,237.58999633789062,235.8782196044922,55658300
2025-01-31,247.19000244140625,247.19000244140625,233.44000244140625,236.0,234.2996826171875,100959800
2025-02-03,229.99000549316406,231.8300018310547,225.6999969482422,228.00999450683594,226.36721801757812,73063300
2025-02-04,227.25,233.1300048828125,226.64999389648438,232.8000030517578,231.1227569580078,45067300
2025-02-05,228.52999877929688,232.6699981689453,228.27000427246094,232.47000122070312,230.7951202392578,39620300
2025-02-06,231.2899932861328,233.8000030517578,230.42999267578125,233.22000122070312,231.53970336914062,29925300
2025-02-07,232.60000610351562,234.0,227.25999450683594,227.6300048828125,225.99002075195312,39707200
2025-02-10,229.57000732421875,230.58999633789062,227.1999969482422,227.64999389648438,226.25831604003906,33115600
2025-02-11,228.1999969482422,235.22999572753906,228.1300048828125,232.6199951171875,231.19793701171875,53718400
2025-02-12,231.1999969482422,236.9600067138672,230.67999267578125,236.8699951171875,235.42196655273438,45243300
2025-02-13,236.91000366210938,242.33999633789062,235.57000732421875,241.52999877929688,240.053466796875,53614100
2025-02-14,241.25,245.5500030517578,240.99000549316406,244.60000610351562,243.10472106933594,40896200
2025-02-18,244.14999389648438,245.17999267578125,241.83999633789062,244.47000122070312,242.9755096435547,48822500
2025-02-19,244.66000366210938,246.00999450683594,243.16000366210938,244.8699951171875,243.37307739257812,32204200
2025-02-20,244.94000244140625,246.77999877929688,244.2899932861328,245.8300018310547,244.32720947265625,32316900
2025-02-21,245.9499969482422,248.69000244140625,245.22000122070312,245.5500030517578,244.04891967773438,53197400
2025-02-24,244.92999267578125,248.86000061035156,244.4199981689453,247.10000610351562,245.58944702148438,51326400
2025-02-25,248.0,250.0,244.91000366210938,247.0399932861328,245.52978515625,48013300
2025-02-26,244.3300018310547,244.97999572753906,239.1300048828125,240.36000061035156,238.89064025878906,44433600
2025-02-27,239.41000366210938,242.4600067138672,237.05999755859375,237.3000030517578,235.84934997558594,41153600
2025-02-28,236.9499969482422,242.08999633789062,230.1999969482422,241.83999633789062,240.36158752441406,56833400
2025-03-03,241.7899932861328,244.02999877929688,236.11000061035156,238.02999877929688,236.57489013671875,47184000
2025-03-04,237.7100067138672,240.07000732421875,234.67999267578125,235.92999267578125,234.4877166748047,53798100
2025-03-05,235.4199981689453,236.5500030517578,229.22999572753906,235.74000549316406,234.29885864257812,47227600
2025-03-06,234.44000244140625,237.86000061035156,233.16000366210938,235.3300018310547,233.89138793945312,45170400
2025-03-07,235.11000061035156,241.3699951171875,234.75999450683594,239.07000732421875,237.60855102539062,46273600
2025-03-10,235.5399932861328,236.16000366210938,224.22000122070312,227.47999572753906,226.08938598632812,72071200
2025-03-11,223.80999755859375,225.83999633789062,217.4499969482422,220.83999633789062,219.4899444580078,76137400
2025-03-12,220.13999938964844,221.75,214.91000366210938,216.97999572753906,215.653564453125,62547500
2025-03-13,215.9499969482422,216.83999633789062,208.4199981689453,209.67999267578125,208.39817810058594,61368300
2025-03-14,211.25,213.9499969482422,209.5800018310547,213.49000549316406,212.18490600585938,60107600
2025-03-17,213.30999755859375,215.22000122070312,209.97000122070312,214.0,212.6917724609375,48073400
2025-03-18,214.16000366210938,215.14999389648438,211.49000549316406,212.69000244140625,211.38978576660156,42432400
2025-03-19,214.22000122070312,218.75999450683594,213.75,215.24000549316406,213.92422485351562,54385400
2025-03-20,213.99000549316406,217.49000549316406,212.22000122070312,214.10000610351562,212.79116821289062,48862900
2025-03-21,211.55999755859375,218.83999633789062,211.27999877929688,218.27000427246094,216.93568420410156,94127800
2025-03-24,221.0,221.47999572753906,218.5800018310547,220.72999572753906,219.38063049316406,44299500
2025-03-25,220.77000427246094,224.10000610351562,220.0800018310547,223.75,222.38217163085938,34493600
2025-03-26,223.50999450683594,225.02000427246094,220.47000122070312,221.52999877929688,220.17575073242188,34466100
2025-03-27,221.38999938964844,224.99000549316406,220.55999755859375,223.85000610351562,222.48159790039062,37094800
2025-03-28,221.6699981689453,223.80999755859375,217.67999267578125,217.89999389648438,216.56793212890625,39818600
2025-03-31,217.00999450683594,225.6199951171875,216.22999572753906,222.1300048828125,220.77207946777344,65299300
2025-04-01,219.80999755859375,223.67999267578125,218.89999389648438,223.19000244140625,221.8256072998047,36412700
2025-04-02,221.32000732421875,225.19000244140625,221.02000427246094,223.88999938964844,222.52130126953125,35905900
2025-04-03,205.5399932861328,207.49000549316406,201.25,203.19000244140625,201.94786071777344,103419000
2025-04-04,193.88999938964844,199.8800048828125,187.33999633789062,188.3800048828125,187.22842407226562,125910900
2025-04-07,177.1999969482422,194.14999389648438,174.6199951171875,181.4600067138672,180.35072326660156,160466300
2025-04-08,186.6999969482422,190.33999633789062,169.2100067138672,172.4199981689453,171.365966796875,120859500
2025-04-09,171.9499969482422,200.61000061035156,171.88999938964844,198.85000610351562,197.63438415527344,184395900
2025-04-10,189.07000732421875,194.77999877929688,183.0,190.4199981689453,189.25592041015625,121880000
2025-04-11,186.10000610351562,199.5399932861328,186.05999755859375,198.14999389648438,196.93865966796875,87435900
2025-04-14,211.44000244140625,212.94000244140625,201.16000366210938,202.52000427246094,201.281982421875,101352900
2025-04-15,201.86000061035156,203.50999450683594,199.8000030517578,202.13999938964844,200.90428161621094,51343900
2025-04-16,198.36000061035156,200.6999969482422,192.3699951171875,194.27000427246094,193.08241271972656,59732400
2025-04-17,197.1999969482422,198.8300018310547,194.4199981689453,196.97999572753906,195.77581787109375,52164700
2025-04-21,193.27000427246094,193.8000030517578,189.80999755859375,193.16000366210938,191.97918701171875,46742500
2025-04-22,196.1199951171875,201.58999633789062,195.97000122070312,199.74000549316406,198.51895141601562,52976400
2025-04-23,206.0,208.0,202.8000030517578,204.60000610351562,203.34925842285156,52929200
2025-04-24,204.88999938964844,208.8300018310547,202.94000244140625,208.3699951171875,207.09619140625,47311000
2025-04-25,206.3699951171875,209.75,206.1999969482422,209.27999877929688,208.0006561279297,38222300
2025-04-28,210.0,211.5,207.4600067138672,210.13999938964844,208.85537719726562,38743100
2025-04-29,208.69000244140625,212.24000549316406,208.3699951171875,211.2100067138672,209.91885375976562,36827600
2025-04-30,209.3000030517578,213.5800018310547,206.6699981689453,212.5,211.20095825195312,52286500
2025-05-01,209.0800018310547,214.55999755859375,208.89999389648438,213.32000732421875,212.0159454345703,57365700
2025-05-02,206.08999633789062,206.99000549316406,202.16000366210938,205.35000610351562,204.09466552734375,101010600
2025-05-05,203.10000610351562,204.10000610351562,198.2100067138672,198.88999938964844,197.6741485595703,69018500
2025-05-06,198.2100067138672,200.64999389648438,197.02000427246094,198.50999450683594,197.29647827148438,51216500
2025-05-07,199.1699981689453,199.44000244140625,193.25,196.25,195.05030822753906,68536700
2025-05-08,197.72000122070312,200.0500030517578,194.67999267578125,197.49000549316406,196.28271484375,50478900
2025-05-09,199.0,200.5399932861328,197.5399932861328,198.52999877929688,197.3163604736328,36453900
2025-05-12,210.97000122070312,211.27000427246094,206.75,210.7899932861328,209.77613830566406,63775800
2025-05-13,210.42999267578125,213.39999389648438,209.0,212.92999267578125,211.9058380126953,51909300
2025-05-14,212.42999267578125,213.94000244140625,210.5800018310547,212.3300018310547,211.30873107910156,49325800
2025-05-15,210.9499969482422,212.9600067138672,209.5399932861328,211.4499969482422,210.43296813964844,45029500
2025-05-16,212.36000061035156,212.57000732421875,209.77000427246094,211.25999450683594,210.24386596679688,54737900
2025-05-19,207.91000366210938,209.47999572753906,204.25999450683594,208.77999877929688,207.77581787109375,46140500
2025-05-20,207.6699981689453,208.47000122070312,205.02999877929688,206.86000061035156,205.8650360107422,42496600
2025-05-21,205.1699981689453,207.0399932861328,200.7100067138672,202.08999633789062,201.11798095703125,59211800
2025-05-22,200.7100067138672,202.75,199.6999969482422,201.36000061035156,200.3914794921875,46742400
2025-05-23,193.6699981689453,197.6999969482422,193.4600067138672,195.27000427246094,194.33079528808594,78432900
2025-05-27,198.3000030517578,200.74000549316406,197.42999267578125,200.2100067138672,199.24703979492188,56288500
2025-05-28,200.58999633789062,202.72999572753906,199.89999389648438,200.4199981689453,199.45602416992188,45339700
2025-05-29,203.5800018310547,203.80999755859375,198.50999450683594,199.9499969482422,198.98825073242188,51396800
2025-05-30,199.3699951171875,201.9600067138672,196.77999877929688,200.85000610351562,199.8839569091797,70819900
2025-06-02,200.27999877929688,202.1300048828125,200.1199951171875,201.6999969482422,200.7298583984375,35423300
2025-06-03,201.35000610351562,203.77000427246094,200.9600067138672,203.27000427246094,202.29229736328125,46381600
2025-06-04,202.91000366210938,206.24000549316406,202.10000610351562,202.82000732421875,201.844482421875,43604000
2025-06-05,203.5,204.75,200.14999389648438,200.6300048828125,199.66500854492188,55126100
2025-06-06,203.0,205.6999969482422,202.0500030517578,203.9199981689453,202.93917846679688,46607700
2025-06-09,204.38999938964844,206.0,200.02000427246094,201.4499969482422,200.48104858398438,72862600
2025-06-10,200.60000610351562,204.35000610351562,200.57000732421875,202.6699981689453,201.69517517089844,54672600
2025-06-11,203.5,204.5,198.41000366210938,198.77999877929688,197.82388305664062,60989900
2025-06-12,199.0800018310547,199.67999267578125,197.36000061035156,199.1999969482422,198.24188232421875,43904600
2025-06-13,199.72999572753906,200.3699951171875,195.6999969482422,196.4499969482422,195.50511169433594,51447300
2025-06-16,197.3000030517578,198.69000244140625,196.55999755859375,198.4199981689453,197.46563720703125,43020700
2025-06-17,197.1999969482422,198.38999938964844,195.2100067138672,195.63999938964844,194.69898986816406,38856200
2025-06-18,195.94000244140625,197.57000732421875,195.07000732421875,196.5800018310547,195.6344757080078,45394700
2025-06-20,198.24000549316406,201.6999969482422,196.86000061035156,201.0,200.03321838378906,96813500
2025-06-23,201.6300048828125,202.3000030517578,198.9600067138672,201.5,200.5308074951172,55814300
2025-06-24,202.58999633789062,203.44000244140625,200.1999969482422,200.3000030517578,199.3365936279297,54064000
2025-06-25,201.4499969482422,203.6699981689453,200.6199951171875,201.55999755859375,200.59054565429688,39525700
2025-06-26,201.42999267578125,202.63999938964844,199.4600067138672,201.0,200.03321838378906,50799100
2025-06-27,201.88999938964844,203.22000122070312,200.0,201.0800018310547,200.1128387451172,73188600
2025-06-30,202.00999450683594,207.38999938964844,199.25999450683594,205.1699981689453,204.1831512451172,91912800
2025-07-01,206.6699981689453,210.19000244140625,206.13999938964844,207.82000732421875,206.82041931152344,78788900
2025-07-02,208.91000366210938,213.33999633789062,208.13999938964844,212.44000244140625,211.41819763183594,67941800
2025-07-03,212.14999389648438,214.64999389648438,211.80999755859375,213.5500030517578,212.52285766601562,34955800
2025-07-07,212.67999267578125,216.22999572753906,208.8000030517578,209.9499969482422,208.94017028808594,50229000
2025-07-08,210.10000610351562,211.42999267578125,208.4499969482422,210.00999450683594,208.99990844726562,42848900
2025-07-09,209.52999877929688,211.3300018310547,207.22000122070312,211.13999938964844,210.1244659423828,48749400
2025-07-10,210.50999450683594,213.47999572753906,210.02999877929688,212.41000366210938,211.38833618164062,44443600
2025-07-11,210.57000732421875,212.1300048828125,209.86000061035156,211.16000366210938,210.14434814453125,39765800
2025-07-14,209.92999267578125,210.91000366210938,207.5399932861328,208.6199951171875,207.61656188964844,38840100
2025-07-15,209.22000122070312,211.88999938964844,208.9199981689453,209.11000061035156,208.10421752929688,42296300
2025-07-16,210.3000030517578,212.39999389648438,208.63999938964844,210.16000366210938,209.149169921875,47490500
2025-07-17,210.57000732421875,211.8000030517578,209.58999633789062,210.02000427246094,209.0098419189453,48068100
2025-07-18,210.8699951171875,211.7899932861328,209.6999969482422,211.17999267578125,210.1642608642578,48974600
2025-07-21,212.10000610351562,215.77999877929688,211.6300048828125,212.47999572753906,211.45799255371094,51377400
2025-07-22,213.13999938964844,214.9499969482422,212.22999572753906,214.39999389648438,213.3687744140625,46404100
2025-07-23,215.0,215.14999389648438,212.41000366210938,214.14999389648438,213.11996459960938,46989300
2025-07-24,213.89999389648438,215.69000244140625,213.52999877929688,213.75999450683594,212.73184204101562,46022600
2025-07-25,214.6999969482422,215.24000549316406,213.39999389648438,213.8800048828125,212.85125732421875,40268800
2025-07-28,214.02999877929688,214.85000610351562,213.05999755859375,214.0500030517578,213.0204620361328,37858000
2025-07-29,214.17999267578125,214.80999755859375,210.82000732421875,211.27000427246094,210.25384521484375,51411700
2025-07-30,211.89999389648438,212.38999938964844,207.72000122070312,209.0500030517578,208.04452514648438,45512500
2025-07-31,208.49000549316406,209.83999633789062,207.16000366210938,207.57000732421875,206.57162475585938,80698400
2025-08-01,210.8699951171875,213.5800018310547,201.5,202.3800048828125,201.40660095214844,104434500
2025-08-04,204.50999450683594,207.8800048828125,201.67999267578125,203.35000610351562,202.37193298339844,75109300
2025-08-05,203.39999389648438,205.33999633789062,202.16000366210938,202.9199981689453,201.9439697265625,44155100
2025-08-06,205.6300048828125,215.3800048828125,205.58999633789062,213.25,212.22430419921875,108483100
2025-08-07,218.8800048828125,220.85000610351562,216.5800018310547,220.02999877929688,218.97169494628906,90224800
2025-08-08,220.8300018310547,231.0,219.25,229.35000610351562,228.2468719482422,113854000
2025-08-11,227.9199981689453,229.55999755859375,224.75999450683594,227.17999267578125,226.34388732910156,61806100
2025-08-12,228.00999450683594,230.8000030517578,227.07000732421875,229.64999389648438,228.80479431152344,55626200
2025-08-13,231.07000732421875,235.0,230.42999267578125,233.3300018310547,232.47125244140625,69878500
2025-08-14,234.05999755859375,235.1199951171875,230.85000610351562,232.77999877929688,231.92327880859375,51916300
2025-08-15,234.0,234.27999877929688,229.33999633789062,231.58999633789062,230.73765563964844,56038700
2025-08-18,231.6999969482422,233.1199951171875,230.11000061035156,230.88999938964844,230.0402374267578,37476200
2025-08-19,231.27999877929688,232.8699951171875,229.35000610351562,230.55999755859375,229.71145629882812,39402600
2025-08-20,229.97999572753906,230.47000122070312,225.77000427246094,226.00999450683594,225.1781768798828,42263900
2025-08-21,226.27000427246094,226.52000427246094,223.77999877929688,224.89999389648438,224.072265625,30621200
2025-08-22,226.1699981689453,229.08999633789062,225.41000366210938,227.75999450683594,226.9217529296875,42477800
2025-08-25,226.47999572753906,229.3000030517578,226.22999572753906,227.16000366210938,226.32395935058594,30983100
2025-08-26,226.8699951171875,229.49000549316406,224.69000244140625,229.30999755859375,228.46604919433594,54575100
2025-08-27,228.61000061035156,230.89999389648438,228.25999450683594,230.49000549316406,229.6417236328125,31259500
2025-08-28,230.82000732421875,233.41000366210938,229.33999633789062,232.55999755859375,231.70408630371094,38074700
2025-08-29,232.50999450683594,233.3800048828125,231.3699951171875,232.13999938964844,231.28564453125,39418400
2025-09-02,229.25,230.85000610351562,226.97000122070312,229.72000122070312,228.87454223632812,44075600
2025-09-03,237.2100067138672,238.85000610351562,234.36000061035156,238.47000122070312,237.5923309326172,66427800
2025-09-04,238.4499969482422,239.89999389648438,236.74000549316406,239.77999877929688,238.8975067138672,47549400
2025-09-05,240.0,241.32000732421875,238.49000549316406,239.69000244140625,238.807861328125,54870400
2025-09-08,239.3000030517578,240.14999389648438,236.33999633789062,237.8800048828125,237.0045166015625,48999500
2025-09-09,237.0,238.77999877929688,233.36000061035156,234.35000610351562,233.48751831054688,66313900
2025-09-10,232.19000244140625,232.4199981689453,225.9499969482422,226.7899932861328,225.955322265625,83440800
2025-09-11,226.8800048828125,230.4499969482422,226.64999389648438,230.02999877929688,229.18341064453125,50208600
2025-09-12,229.22000122070312,234.50999450683594,229.02000427246094,234.07000732421875,233.2085418701172,55824200
2025-09-15,237.0,238.19000244140625,235.02999877929688,236.6999969482422,235.82884216308594,42699500
2025-09-16,237.17999267578125,241.22000122070312,236.32000732421875,238.14999389648438,237.2735137939453,63421100
2025-09-17,238.97000122070312,240.10000610351562,237.72999572753906,238.99000549316406,238.1104278564453,46508000
2025-09-18,239.97000122070312,241.1999969482422,236.64999389648438,237.8800048828125,237.0045166015625,44249600
2025-09-19,241.22999572753906,246.3000030517578,240.2100067138672,245.5,244.59646606445312,163741300
2025-09-22,248.3000030517578,256.6400146484375,248.1199951171875,256.0799865722656,255.13751220703125,105517400
2025-09-23,255.8800048828125,257.3399963378906,253.5800018310547,254.42999267578125,253.49359130859375,60275200
2025-09-24,255.22000122070312,255.74000549316406,251.0399932861328,252.30999755859375,251.38140869140625,42303700
2025-09-25,253.2100067138672,257.1700134277344,251.7100067138672,256.8699951171875,255.92462158203125,55202100
2025-09-26,254.10000610351562,257.6000061035156,253.77999877929688,255.4600067138672,254.5198211669922,46076300
2025-09-29,254.55999755859375,255.0,253.00999450683594,254.42999267578125,253.49359130859375,40127700
2025-09-30,254.86000061035156,255.9199981689453,253.11000061035156,254.6300048828125,253.69288635253906,37704300
2025-10-01,255.0399932861328,258.7900085449219,254.92999267578125,255.4499969482422,254.5098419189453,48713900
2025-10-02,256.5799865722656,258.17999267578125,254.14999389648438,257.1300048828125,256.18365478515625,42630200
2025-10-03,254.6699981689453,259.239990234375,253.9499969482422,258.0199890136719,257.07037353515625,49155600
2025-10-06,257.989990234375,259.07000732421875,255.0500030517578,256.69000244140625,255.74530029296875,44664100
2025-10-07,256.80999755859375,257.3999938964844,255.42999267578125,256.4800109863281,255.5360870361328,31955800
2025-10-08,256.5199890136719,258.5199890136719,256.1099853515625,258.05999755859375,257.1102294921875,36496900
2025-10-09,257.80999755859375,258.0,253.13999938964844,254.0399932861328,253.1050262451172,38322000
2025-10-10,254.94000244140625,256.3800048828125,244.0,245.27000427246094,244.36732482910156,61999100
2025-10-13,249.3800048828125,249.69000244140625,245.55999755859375,247.66000366210938,246.74851989746094,38142900
2025-10-14,246.60000610351562,248.85000610351562,244.6999969482422,247.77000427246094,246.8581085205078,35478000
2025-10-15,249.49000549316406,251.82000732421875,247.47000122070312,249.33999633789062,248.42233276367188,33893600
2025-10-16,248.25,249.0399932861328,245.1300048828125,247.4499969482422,246.53929138183594,39777000
2025-10-17,248.02000427246094,253.3800048828125,247.27000427246094,252.2899932861328,251.36148071289062,49147000
2025-10-20,255.88999938964844,264.3800048828125,255.6300048828125,262.239990234375,261.27484130859375,90483000
2025-10-21,261.8800048828125,265.2900085449219,261.8299865722656,262.7699890136719,261.8028869628906,46695900
2025-10-22,262.6499938964844,262.8500061035156,255.42999267578125,258.45001220703125,257.49884033203125,45015300
2025-10-23,259.94000244140625,260.6199951171875,258.010009765625,259.5799865722656,258.6246337890625,32754900
2025-10-24,261.19000244140625,264.1300048828125,259.17999267578125,262.82000732421875,261.85272216796875,38253700
2025-10-27,264.8800048828125,269.1199951171875,264.6499938964844,268.80999755859375,267.8206787109375,44888200
2025-10-28,268.989990234375,269.8900146484375,268.1499938964844,269.0,268.00994873046875,41534800
2025-10-29,269.2799987792969,271.4100036621094,267.1099853515625,269.70001220703125,268.7073974609375,51086700
2025-10-30,271.989990234375,274.1400146484375,268.4800109863281,271.3999938964844,270.4011535644531,69886500
2025-10-31,276.989990234375,277.32000732421875,269.1600036621094,270.3699951171875,269.37493896484375,86167100
2025-11-03,270.4200134277344,270.8500061035156,266.25,269.04998779296875,268.0597839355469,50194600
2025-11-04,268.3299865722656,271.489990234375,267.6199951171875,270.0400085449219,269.0461730957031,49274800
2025-11-05,268.6099853515625,271.70001220703125,266.92999267578125,270.1400146484375,269.14581298828125,43683100
2025-11-06,267.8900146484375,273.3999938964844,267.8900146484375,269.7699890136719,268.7771301269531,51204000
2025-11-07,269.79998779296875,272.2900085449219,266.7699890136719,268.4700012207031,267.4819030761719,48227400
2025-11-10,268.9599914550781,273.7300109863281,267.4599914550781,269.42999267578125,268.6985778808594,41312400
2025-11-11,269.80999755859375,275.9100036621094,269.79998779296875,275.25,274.5028076171875,46208300
2025-11-12,275.0,275.7300109863281,271.70001220703125,273.4700012207031,272.7276611328125,48398000
2025-11-13,274.1099853515625,276.70001220703125,272.0899963378906,272.95001220703125,272.2090759277344,49602800
2025-11-14,271.04998779296875,275.9599914550781,269.6000061035156,272.4100036621094,271.6705322265625,47431300
2025-11-17,268.82000732421875,270.489990234375,265.7300109863281,267.4599914550781,266.7339782714844,45018300
2025-11-18,269.989990234375,270.7099914550781,265.32000732421875,267.44000244140625,266.7139892578125,45677300
2025-11-19,265.5299987792969,272.2099914550781,265.5,268.55999755859375,267.83099365234375,40424500
2025-11-20,270.8299865722656,275.42999267578125,265.9200134277344,266.25,265.5272521972656,45823600
2025-11-21,265.95001220703125,273.3299865722656,265.6700134277344,271.489990234375,270.75299072265625,59030800
2025-11-24,270.8999938964844,277.0,270.8999938964844,275.9200134277344,275.1710205078125,65585800
2025-11-25,275.2699890136719,280.3800048828125,275.25,276.9700012207031,276.2181701660156,46914200
2025-11-26,276.9599914550781,279.5299987792969,276.6300048828125,277.54998779296875,276.79656982421875,33431400
2025-11-28,277.260009765625,279.0,275.989990234375,278.8500061035156,278.0930480957031,20135600
2025-12-01,278.010009765625,283.4200134277344,276.1400146484375,283.1000061035156,282.3315124511719,46587700
2025-12-02,283.0,287.3999938964844,282.6300048828125,286.19000244140625,285.4131164550781,53669500
2025-12-03,286.20001220703125,288.6199951171875,283.29998779296875,284.1499938964844,283.3786315917969,43538700
2025-12-04,284.1000061035156,284.7300109863281,278.5899963378906,280.70001220703125,279.9380187988281,43989100
2025-12-05,280.5400085449219,281.1400146484375,278.04998779296875,278.7799987792969,278.0232238769531,47265800
2025-12-08,278.1300048828125,279.6700134277344,276.1499938964844,277.8900146484375,277.13568115234375,38211800
2025-12-09,278.1600036621094,280.0299987792969,276.9200134277344,277.17999267578125,276.4275817871094,32193300
2025-12-10,277.75,279.75,276.44000244140625,278.7799987792969,278.0232238769531,33038300
2025-12-11,279.1000061035156,279.5899963378906,273.80999755859375,278.0299987792969,277.2752685546875,33248000
2025-12-12,277.8999938964844,279.2200012207031,276.82000732421875,278.2799987792969,277.52459716796875,39532900
2025-12-15,280.1499938964844,280.1499938964844,272.8399963378906,274.1099853515625,273.3658752441406,50409100
2025-12-16,272.82000732421875,275.5,271.7900085449219,274.6099853515625,273.8645324707031,37648600
2025-12-17,275.010009765625,276.1600036621094,271.6400146484375,271.8399963378906,271.1020812988281,50138700
2025-12-18,273.6099853515625,273.6300048828125,266.95001220703125,272.19000244140625,271.45111083984375,51630700
2025-12-19,272.1499938964844,274.6000061035156,269.8999938964844,273.6700134277344,272.9271545410156,144632000
2025-12-22,272.8599853515625,273.8800048828125,270.510009765625,270.9700012207031,270.23443603515625,36571800
2025-12-23,270.8399963378906,272.5,269.55999755859375,272.3599853515625,271.62066650390625,29642000
2025-12-24,272.3399963378906,275.42999267578125,272.20001220703125,273.80999755859375,273.06671142578125,17910600
2025-12-26,274.1600036621094,275.3699951171875,272.8599853515625,273.3999938964844,272.6578369140625,21521800
2025-12-29,272.69000244140625,274.3599853515625,272.3500061035156,273.760009765625,273.0168762207031,23715200
2025-12-30,272.80999755859375,274.0799865722656,272.2799987792969,273.0799865722656,272.33868408203125,22139600
2025-12-31,273.05999755859375,273.67999267578125,271.75,271.8599853515625,271.12200927734375,27293600
2026-01-02,272.260009765625,277.8399963378906,269.0,271.010009765625,270.27435302734375,37838100
2026-01-05,270.6400146484375,271.510009765625,266.1400146484375,267.260009765625,266.5345458984375,45647200
2026-01-06,267.0,267.54998779296875,262.1199951171875,262.3599853515625,261.6477966308594,52352100
2026-01-07,263.20001220703125,263.67999267578125,259.80999755859375,260.3299865722656,259.6233215332031,48309800
2026-01-08,257.0199890136719,259.2900085449219,255.6999969482422,259.0400085449219,258.3368225097656,50419300
2026-01-09,259.0799865722656,260.2099914550781,256.2200012207031,259.3699951171875,258.6659240722656,39997000
2026-01-12,259.1600036621094,261.29998779296875,256.79998779296875,260.25,259.54351806640625,45263800
2026-01-13,258.7200012207031,261.80999755859375,258.3900146484375,261.04998779296875,260.34136962890625,45730800
2026-01-14,259.489990234375,261.82000732421875,256.7099914550781,259.9599914550781,259.2543029785156,40019400
2026-01-15,260.6499938964844,261.0400085449219,257.04998779296875,258.2099914550781,257.5090637207031,39388600
2026-01-16,257.8999938964844,258.8999938964844,254.92999267578125,255.52999877929688,254.8363494873047,72142800
2026-01-20,252.72999572753906,254.7899932861328,243.4199981689453,246.6999969482422,246.0303192138672,80267500
2026-01-21,248.6999969482422,251.55999755859375,245.17999267578125,247.64999389648438,246.9777374267578,54641700
2026-01-22,249.1999969482422,251.0,248.14999389648438,248.35000610351562,247.67584228515625,39708300
2026-01-23,247.32000732421875,249.41000366210938,244.67999267578125,248.0399932861328,247.36666870117188,41689000
2026-01-26,251.47999572753906,256.55999755859375,249.8000030517578,255.41000366210938,254.71669006347656,55969200
2026-01-27,259.1700134277344,261.95001220703125,258.2099914550781,258.2699890136719,257.56890869140625,49648300
2026-01-28,257.6499938964844,258.8599853515625,254.50999450683594,256.44000244140625,255.74386596679688,41288000
2026-01-29,258.0,259.6499938964844,254.41000366210938,258.2799987792969,257.5788879394531,67253000
2026-01-30,255.1699981689453,261.8999938964844,252.17999267578125,259.4800109863281,258.7756652832031,92443400
2026-02-02,260.0299987792969,270.489990234375,259.2099914550781,270.010009765625,269.2770690917969,73913400
2026-02-03,269.20001220703125,271.8800048828125,267.6099853515625,269.4800109863281,268.7485046386719,64394700
2026-02-04,272.2900085449219,278.95001220703125,272.2900085449219,276.489990234375,275.7394104003906,90545700
2026-02-05,278.1300048828125,279.5,273.2300109863281,275.9100036621094,275.1610107421875,52977400
2026-02-06,277.1199951171875,280.9100036621094,276.92999267578125,278.1199951171875,277.3650207519531,50453400
2026-02-09,277.9100036621094,278.20001220703125,271.70001220703125,274.6199951171875,274.13079833984375,44623400
2026-02-10,274.8900146484375,275.3699951171875,272.94000244140625,273.67999267578125,273.19244384765625,34376900
2026-02-11,274.70001220703125,280.17999267578125,274.45001220703125,275.5,275.00921630859375,51931300
2026-02-12,275.5899963378906,275.7200012207031,260.17999267578125,261.7300109863281,261.2637939453125,81077200
2026-02-13,262.010009765625,262.2300109863281,255.4499969482422,255.77999877929688,255.32435607910156,56290700
2026-02-17,258.04998779296875,266.2900085449219,255.5399932861328,263.8800048828125,263.4099426269531,58469100
2026-02-18,263.6000061035156,266.82000732421875,262.45001220703125,264.3500061035156,263.8791198730469,34203300
2026-02-19,262.6000061035156,264.4800109863281,260.04998779296875,260.5799865722656,260.11578369140625,30845300
2026-02-20,258.9700012207031,264.75,258.1600036621094,264.5799865722656,264.1086730957031,42070500
2026-02-23,263.489990234375,269.42999267578125,263.3800048828125,266.17999267578125,265.705810546875,37308200
2026-02-24,267.8599853515625,274.8900146484375,267.7099914550781,272.1400146484375,271.6552429199219,47014600
2026-02-25,271.7799987792969,274.94000244140625,271.04998779296875,274.2300109863281,273.74151611328125,33714300
2026-02-26,274.95001220703125,276.1099853515625,270.79998779296875,272.95001220703125,272.4637756347656,32345100
2026-02-27,272.80999755859375,272.80999755859375,262.8900146484375,264.17999267578125,263.7093811035156,72366500
2026-03-02,262.4100036621094,266.5299987792969,260.20001220703125,264.7200012207031,264.2484130859375,41827900
2026-03-03,263.4800109863281,265.55999755859375,260.1300048828125,263.75,263.2801818847656,38568900
2026-03-04,264.6499938964844,266.1499938964844,261.4200134277344,262.5199890136719,262.0523376464844,39803100
2026-03-05,260.7900085449219,261.55999755859375,257.25,260.2900085449219,259.8263244628906,49658600
2026-03-06,258.6300048828125,258.7699890136719,254.3699951171875,257.4599914550781,257.0013427734375,41120000
2026-03-09,255.69000244140625,261.1499938964844,253.67999267578125,259.8800048828125,259.41705322265625,38218500
2026-03-10,257.6499938964844,262.4800109863281,256.95001220703125,260.8299865722656,260.3653564453125,30590800
2026-03-11,261.0899963378906,262.1300048828125,259.54998779296875,260.80999755859375,260.3453674316406,26218900
2026-03-12,258.6600036621094,258.95001220703125,254.17999267578125,255.75999450683594,255.30438232421875,40794000
2026-03-13,255.47999572753906,256.3299865722656,249.52000427246094,250.1199951171875,249.6744384765625,36930000
2026-03-16,252.11000061035156,253.88999938964844,249.8800048828125,252.82000732421875,252.36964416503906,32074200
2026-03-17,252.9600067138672,255.1300048828125,252.17999267578125,254.22999572753906,253.77711486816406,32361600
2026-03-18,252.6300048828125,254.94000244140625,249.0,249.94000244140625,249.49476623535156,35757900
2026-03-19,249.39999389648438,251.8300018310547,247.3000030517578,248.9600067138672,248.5165252685547,34864100
2026-03-20,247.97999572753906,249.1999969482422,246.0,247.99000549316406,247.54823303222656,88331100
2026-03-23,253.97000122070312,254.60000610351562,250.27999877929688,251.49000549316406,251.04200744628906,40546100
2026-03-24,250.35000610351562,254.8300018310547,249.5500030517578,251.63999938964844,251.1917266845703,45152300
2026-03-25,254.10000610351562,255.0,251.60000610351562,252.6199951171875,252.16998291015625,28476700
2026-03-26,252.1199951171875,257.0,250.77000427246094,252.88999938964844,252.43951416015625,41796700
2026-03-27,253.89999389648438,255.49000549316406,248.07000732421875,248.8000030517578,248.35679626464844,47900000
2026-03-30,250.07000732421875,250.8699951171875,245.50999450683594,246.6300048828125,246.19065856933594,39446200
2026-03-31,247.91000366210938,255.47999572753906,247.10000610351562,253.7899932861328,253.337890625,49598100
2026-04-01,254.0800018310547,256.17999267578125,253.3300018310547,255.6300048828125,255.17462158203125,40059400
2026-04-02,254.1999969482422,256.1300048828125,250.64999389648438,255.9199981689453,255.464111328125,31289400
2026-04-06,256.510009765625,262.1600036621094,256.4599914550781,258.8599853515625,258.3988342285156,29329900
2026-04-07,256.1600036621094,256.20001220703125,245.6999969482422,253.5,253.0484161376953,62148000
2026-04-08,258.45001220703125,259.75,256.5299987792969,258.8999938964844,258.43878173828125,41032800
2026-04-09,259.0,261.1199951171875,256.07000732421875,260.489990234375,260.02593994140625,28121600
2026-04-10,259.9800109863281,262.19000244140625,259.0199890136719,260.4800109863281,260.0159912109375,31291500
2026-04-13,259.7300109863281,260.17999267578125,256.6600036621094,259.20001220703125,258.73828125,36234700
2026-04-14,259.25,261.92999267578125,257.19000244140625,258.8299865722656,258.368896484375,48370700
2026-04-15,258.1600036621094,266.55999755859375,257.80999755859375,266.42999267578125,265.95538330078125,49913500
2026-04-16,266.79998779296875,267.1600036621094,261.2699890136719,263.3999938964844,262.9307556152344,43323100
2026-04-17,266.9599914550781,272.29998779296875,266.7200012207031,270.2300109863281,269.7486267089844,61436200
2026-04-20,270.3299865722656,274.2799987792969,270.2900085449219,273.04998779296875,272.5635681152344,36590200
2026-04-21,271.5,272.79998779296875,265.3999938964844,266.1700134277344,265.69586181640625,50209800
2026-04-22,267.82000732421875,273.739990234375,266.8699951171875,273.1700134277344,272.68341064453125,43249200
2026-04-23,275.04998779296875,275.7699890136719,271.6499938964844,273.42999267578125,272.9429016113281,33399600
2026-04-24,272.760009765625,273.05999755859375,269.6499938964844,271.05999755859375,270.5771179199219,38157100
2026-04-27,266.0899963378906,268.3599853515625,265.07000732421875,267.6099853515625,267.1332702636719,41466800
2026-04-28,272.3399963378906,273.2300109863281,268.6600036621094,270.7099914550781,270.2277526855469,40018900
2026-04-29,267.54998779296875,271.0400085449219,267.0400085449219,270.1700134277344,269.688720703125,30047900
2026-04-30,270.5,276.0,268.1400146484375,271.3500061035156,270.86663818359375,91848200
2026-05-01,278.8599853515625,287.2200012207031,278.3699951171875,280.1400146484375,279.6409606933594,79915400
2026-05-04,279.6600036621094,280.6300048828125,274.8599853515625,276.8299865722656,276.33685302734375,46668400
2026-05-05,276.92999267578125,284.57000732421875,276.5,284.17999267578125,283.67376708984375,49311700
2026-05-06,281.9200134277344,288.0299987792969,281.07000732421875,287.510009765625,286.9978332519531,58336100
2026-05-07,289.2699890136719,292.1300048828125,285.7799987792969,287.44000244140625,286.9279479980469,45224300
2026-05-08,290.010009765625,294.760009765625,290.0,293.32000732421875,292.7974853515625,52692800
2026-05-11,291.9800109863281,293.8800048828125,290.2300109863281,292.67999267578125,292.42779541015625,42247300
2026-05-12,292.55999755859375,295.2699890136719,292.55999755859375,294.79998779296875,294.54595947265625,45748100
2026-05-13,293.5,300.9200134277344,293.5,298.8699951171875,298.6124572753906,52684300
2026-05-14,299.82000732421875,300.45001220703125,295.3800048828125,298.2099914550781,297.9530334472656,35324900
2026-05-15,297.8999938964844,303.20001220703125,296.5199890136719,300.2300109863281,299.9713134765625,54862800
2026-05-18,300.239990234375,300.6600036621094,294.9100036621094,297.8399963378906,297.5833435058594,34483000
2026-05-19,296.9700012207031,300.510009765625,296.3500061035156,298.9700012207031,298.7123718261719,42243600
2026-05-20,298.17999267578125,302.79998779296875,298.0799865722656,302.25,301.98956298828125,38229800
2026-05-21,301.05999755859375,305.5400085449219,300.3999938964844,304.989990234375,304.7271728515625,42965100
2026-05-22,306.1199951171875,311.3999938964844,305.8399963378906,308.82000732421875,308.55389404296875,43670200
2026-05-26,309.55999755859375,311.82000732421875,307.6700134277344,308.3299865722656,308.0643005371094,48000500
2026-05-27,308.3299865722656,313.260009765625,308.29998779296875,310.8500061035156,310.5821533203125,50430900
2026-05-28,310.67999267578125,312.79998779296875,309.57000732421875,312.510009765625,312.24072265625,48220400
2026-05-29,311.7799987792969,315.0,309.5299987792969,312.05999755859375,311.7911071777344,70026800
2026-06-01,309.6300048828125,310.94000244140625,305.0199890136719,306.30999755859375,306.0460510253906,48849900
2026-06-02,307.4599914550781,315.45001220703125,306.69000244140625,315.20001220703125,314.92840576171875,44534700
2026-06-03,314.17999267578125,316.94000244140625,308.8500061035156,310.260009765625,309.9926452636719,50836700
2026-06-04,313.2300109863281,313.5400085449219,309.6499938964844,311.2300109863281,310.9618225097656,44869100
2026-06-05,312.8599853515625,315.1700134277344,307.1499938964844,307.3399963378906,307.0751647949219,65310500
2026-06-08,308.739990234375,317.3999938964844,301.1700134277344,301.5400085449219,301.2801818847656,77949100
2026-06-09,300.2799987792969,300.75,287.7799987792969,290.54998779296875,290.29962158203125,70108800
2026-06-10,290.739990234375,294.75,287.3800048828125,291.5799865722656,291.3287353515625,52793300
2026-06-11,293.7200012207031,297.0,289.5899963378906,295.6300048828125,295.375244140625,42572500
2026-06-12,296.0299987792969,297.1400146484375,289.6199951171875,291.1300048828125,290.879150390625,38742100
2026-06-15,294.1199951171875,297.7799987792969,291.70001220703125,296.4200134277344,296.1645812988281,45732600
2026-06-16,295.25,300.4800109863281,293.9700012207031,299.239990234375,298.9821472167969,39874400
2026-06-17,300.8500061035156,302.07000732421875,294.3599853515625,295.95001220703125,295.6949768066406,42745100
2026-06-18,298.1099853515625,300.57000732421875,295.6199951171875,298.010009765625,297.7532043457031,85962200
2026-06-22,297.30999755859375,302.4200134277344,296.760009765625,297.010009765625,296.75408935546875,44879900
2026-06-23,297.5400085449219,301.6400146484375,294.17999267578125,294.29998779296875,294.04638671875,52010900
2026-06-24,295.3599853515625,299.70001220703125,292.94000244140625,293.0799865722656,292.8274230957031,53081900
2026-06-25,287.3999938964844,288.79998779296875,273.75,275.1499938964844,274.91290283203125,107013700
2026-06-26,275.0,285.95001220703125,274.2099914550781,283.7799987792969,283.53546142578125,261775500
2026-06-29,286.7300109863281,288.3699951171875,279.8500061035156,281.739990234375,281.4972229003906,66427000
2026-06-30,281.1700134277344,289.94000244140625,280.70001220703125,289.3599853515625,289.11065673828125,65100200
2026-07-01,293.44000244140625,296.5899963378906,289.20001220703125,294.3800048828125,294.1263427734375,50164200
2026-07-02,294.1199951171875,309.4200134277344,293.67999267578125,308.6300048828125,308.3640441894531,75352800
2026-07-06,307.3599853515625,314.20001220703125,307.0,312.6600036621094,312.3905944824219,53590000
2026-07-07,315.2900085449219,315.4800109863281,310.1499938964844,310.6600036621094,310.3923034667969,42490000
2026-07-08,311.9100036621094,314.82000732421875,307.04998779296875,313.3900146484375,313.1199645996094,41323500
2026-07-09,310.510009765625,316.5299987792969,308.1600036621094,316.2200012207031,315.947509765625,48124500
2026-07-10,314.7200012207031,316.9100036621094,312.1700134277344,315.32000732421875,315.0483093261719,34132300
2026-07-13,317.0199890136719,323.45001220703125,315.7799987792969,317.30999755859375,317.03656005859375,43257800
2026-07-14,313.760009765625,316.19000244140625,311.9100036621094,314.8599853515625,314.58868408203125,36336800
2026-07-15,317.6199951171875,328.7300109863281,317.32000732421875,327.5,327.2178039550781,60957600
2026-07-16,328.010009765625,334.67999267578125,326.7900085449219,333.260009765625,332.97283935546875,62970600
2026-07-17,331.9800109863281,334.989990234375,329.0,333.739990234375,333.452392578125,63407100
2026-07-20,333.510009765625,333.7099914550781,323.67999267578125,326.5899963378906,326.3085632324219,53468000
2026-07-21,323.1300048828125,329.6000061035156,322.2200012207031,327.739990234375,327.45758056640625,41338900
2026-07-22,327.8699951171875,329.0,323.3399963378906,325.8900146484375,325.60919189453125,38755900
2026-07-23,321.7300109863281,323.29998779296875,319.3500061035156,321.6600036621094,321.3828430175781,40840800
2026-07-24,321.7900085449219,334.3699951171875,321.6199951171875,333.0199890136719,332.7330322265625,47489400
2026-07-27,334.5400085449219,339.57000732421875,334.0199890136719,336.9100036621094,336.61968994140625,49604300
2026-07-28,340.0299987792969,342.8900146484375,335.6000061035156,340.0799865722656,339.78692626953125,51859000
2026-07-29,339.7300109863281,344.57000732421875,337.3500061035156,338.19000244140625,337.8985900878906,56090800
2026-07-30,333.1000061035156,334.75,329.5899963378906,333.42999267578125,333.1426696777344,74817800
2026-07-31,304.80999755859375,310.69000244140625,300.0,308.9100036621094,308.6438293457031,132489100
2026-08-03,309.5799865722656,311.79998779296875,302.55999755859375,303.4200134277344,303.1585693359375,75052000
2026-08-04,302.7300109863281,310.4200134277344,301.32000732421875,309.3800048828125,309.1134033203125,68001000
2026-08-05,309.3599853515625,311.7099914550781,305.6700134277344,311.0,310.7320251464844,49438800
2026-08-06,314.3399963378906,316.2900085449219,309.2300109863281,312.4100036621094,312.14080810546875,46139900
2026-08-07,311.45001220703125,314.80999755859375,310.739990234375,313.3299865722656,313.05999755859375,34437200
2026-08-10,306.8299865722656,308.260009765625,304.6099853515625,308.260009765625,308.260009765625,44812500
2026-08-11,307.75,309.9700012207031,302.7900085449219,304.9100036621094,304.9100036621094,37476700
2026-08-12,305.1000061035156,305.6600036621094,300.57000732421875,302.25,302.25,41657800
2026-08-13,304.2099914550781,306.0,302.04998779296875,305.260009765625,305.260009765625,40349300
2026-08-14,306.02801513671875,307.489990234375,304.29998779296875,305.92999267578125,305.92999267578125,26072932
