Date,Open,High,Low,Close,Adj Close,Volume
2021-08-16,140.88999938964844,141.0500030517578,138.55999755859375,140.22000122070312,118.95623016357422,1445500
2021-08-17,138.92999267578125,139.89999389648438,135.39999389648438,137.1699981689453,116.36875915527344,1757400
2021-08-18,136.0,138.6699981689453,134.50999450683594,137.00999450683594,116.23300170898438,1207300
2021-08-19,135.80999755859375,137.52999877929688,133.14999389648438,136.75999450683594,116.02093505859375,1985300
2021-08-20,136.6300048828125,139.64999389648438,135.77999877929688,139.30999755859375,118.18424987792969,1314500
2021-08-23,140.6199951171875,142.66000366210938,139.92999267578125,142.27000427246094,120.69535064697266,1464000
2021-08-24,142.89999389648438,146.58999633789062,142.89999389648438,145.8699951171875,123.74942016601562,1810100
2021-08-25,145.8000030517578,150.7899932861328,145.58999633789062,150.16000366210938,127.3888931274414,2079600
2021-08-26,149.66000366210938,150.6699981689453,147.75999450683594,148.47000122070312,125.95516204833984,1409200
2021-08-27,148.77000427246094,153.88999938964844,148.55999755859375,153.0800018310547,129.8660430908203,1424700
2021-08-30,152.92999267578125,152.92999267578125,148.75999450683594,149.85000610351562,127.12593078613281,1227000
2021-08-31,149.85000610351562,151.44000244140625,147.9499969482422,150.64999389648438,127.80455780029297,2599100
2021-09-01,151.27000427246094,151.38999938964844,148.7899932861328,151.1699981689453,128.24571228027344,830800
2021-09-02,151.91000366210938,152.77000427246094,149.88999938964844,150.55999755859375,127.72823333740234,736600
2021-09-03,149.99000549316406,150.8000030517578,147.61000061035156,148.0500030517578,125.59886932373047,1103500
2021-09-07,147.86000061035156,148.4499969482422,146.7100067138672,147.5500030517578,125.17469024658203,1060800
2021-09-08,147.33999633789062,148.4600067138672,146.00999450683594,147.27000427246094,124.93712615966797,1648500
2021-09-09,146.5800018310547,149.97999572753906,146.4600067138672,148.17999267578125,125.7091064453125,760400
2021-09-10,149.64999389648438,150.17999267578125,147.88999938964844,148.66000366210938,126.11638641357422,855900
2021-09-13,149.52999877929688,149.94000244140625,147.6199951171875,149.61000061035156,126.92229461669922,646600
2021-09-14,151.0399932861328,151.0399932861328,147.5,148.6199951171875,126.08240509033203,1055200
2021-09-15,147.39999389648438,149.0800018310547,146.13999938964844,149.00999450683594,126.41326141357422,1248800
2021-09-16,149.25,151.0399932861328,148.5800018310547,150.3000030517578,127.50764465332031,825400
2021-09-17,149.38999938964844,150.3000030517578,147.8000030517578,149.42999267578125,126.76958465576172,1617300
2021-09-20,146.0500030517578,148.88999938964844,145.5399932861328,148.69000244140625,126.14179229736328,1588600
2021-09-21,149.50999450683594,150.16000366210938,145.7899932861328,146.50999450683594,124.29238891601562,1510600
2021-09-22,147.8000030517578,151.49000549316406,147.36000061035156,150.32000732421875,127.52459716796875,1647000
2021-09-23,159.5399932861328,164.27999877929688,156.88999938964844,159.5,135.3125,3742300
2021-09-24,160.0399932861328,160.94000244140625,157.25,158.6999969482422,134.63381958007812,1313500
2021-09-27,158.57000732421875,160.61000061035156,157.4600067138672,159.80999755859375,135.5754852294922,1321400
2021-09-28,159.19000244140625,160.32000732421875,155.33999633789062,155.8699951171875,132.2329864501953,1369800
2021-09-29,157.10000610351562,157.24000549316406,153.47000122070312,153.67999267578125,130.37506103515625,834200
2021-09-30,154.39999389648438,154.39999389648438,151.39999389648438,151.47000122070312,128.500244140625,1037500
2021-10-01,152.61000061035156,157.3699951171875,152.39999389648438,155.9600067138672,132.30934143066406,1129700
2021-10-04,155.52999877929688,158.00999450683594,154.35000610351562,155.52000427246094,131.93606567382812,1324000
2021-10-05,156.05999755859375,158.38999938964844,154.4499969482422,156.77000427246094,132.99647521972656,901200
2021-10-06,154.94000244140625,157.52000427246094,154.35000610351562,157.33999633789062,133.48007202148438,1181800
2021-10-07,157.30999755859375,157.85000610351562,155.5500030517578,155.8000030517578,133.10415649414062,992700
2021-10-08,155.5800018310547,156.9600067138672,154.42999267578125,154.5800018310547,132.06190490722656,1032200
2021-10-11,155.1999969482422,156.1199951171875,152.9499969482422,153.0,130.7120361328125,693800
2021-10-12,153.3000030517578,154.5,151.5,152.19000244140625,130.02005004882812,898600
2021-10-13,152.7899932861328,152.7899932861328,148.61000061035156,149.57000732421875,127.78170776367188,1390100
2021-10-14,150.69000244140625,151.4199981689453,149.97000122070312,150.5800018310547,128.64454650878906,1227900
2021-10-15,151.75999450683594,153.25,149.10000610351562,149.14999389648438,127.42288970947266,1218800
2021-10-18,148.5,149.0500030517578,147.24000549316406,148.8000030517578,127.12387084960938,1090300
2021-10-19,149.30999755859375,149.39999389648438,145.38999938964844,146.5,125.15892028808594,1173300
2021-10-20,142.14999389648438,146.00999450683594,142.14999389648438,143.19000244140625,122.3310546875,1839100
2021-10-21,143.1699981689453,145.83999633789062,143.1699981689453,145.6199951171875,124.40709686279297,1107100
2021-10-22,145.1999969482422,146.0500030517578,143.44000244140625,145.39999389648438,124.21915435791016,712800
2021-10-25,146.02999877929688,146.16000366210938,143.25999450683594,143.47999572753906,122.57882690429688,1440100
2021-10-26,144.8699951171875,146.1199951171875,144.19000244140625,145.74000549316406,124.5096664428711,951600
2021-10-27,145.57000732421875,145.85000610351562,143.5,143.52999877929688,122.62157440185547,1151000
2021-10-28,144.02999877929688,144.99000549316406,142.7100067138672,144.9499969482422,123.83472442626953,986600
2021-10-29,144.11000061035156,146.72000122070312,143.2899932861328,144.13999938964844,123.1427001953125,1177100
2021-11-01,144.47000122070312,148.4199981689453,144.2899932861328,148.02000427246094,126.4574966430664,975400
2021-11-02,147.8699951171875,147.99000549316406,142.85000610351562,143.64999389648438,122.72407531738281,906500
2021-11-03,143.2899932861328,146.94000244140625,142.14999389648438,145.1699981689453,124.02262115478516,1159000
2021-11-04,145.41000366210938,148.47000122070312,144.3000030517578,146.0800018310547,124.80010986328125,1272600
2021-11-05,151.8699951171875,155.3300018310547,150.97000122070312,154.47999572753906,131.97645568847656,1648300
2021-11-08,153.5,154.47000122070312,152.3699951171875,153.3800048828125,131.03668212890625,1029200
2021-11-09,153.6199951171875,155.6300048828125,153.02999877929688,155.61000061035156,132.94183349609375,949200
2021-11-10,154.2100067138672,155.2899932861328,150.94000244140625,151.69000244140625,129.59288024902344,739100
2021-11-11,151.22999572753906,152.36000061035156,149.55999755859375,151.10000610351562,129.08885192871094,1021400
2021-11-12,150.63999938964844,151.36000061035156,149.27999877929688,150.25,128.36265563964844,779300
2021-11-15,151.11000061035156,151.3800048828125,146.9199981689453,147.67999267578125,126.16702270507812,1069800
2021-11-16,147.72999572753906,148.02000427246094,146.5399932861328,146.6199951171875,125.26142883300781,1070500
2021-11-17,146.11000061035156,147.94000244140625,145.5500030517578,147.0,125.58609771728516,750700
2021-11-18,147.4600067138672,147.74000549316406,144.47000122070312,145.9199981689453,124.66343688964844,1065600
2021-11-19,144.89999389648438,144.89999389648438,141.14999389648438,143.16000366210938,122.30547332763672,1256400
2021-11-22,143.63999938964844,147.72999572753906,143.25999450683594,146.88999938964844,125.4920883178711,1078000
2021-11-23,148.39999389648438,150.5800018310547,146.85000610351562,148.39999389648438,126.7821273803711,1025800
2021-11-24,147.0399932861328,149.07000732421875,146.58999633789062,148.3800048828125,126.76507568359375,613900
2021-11-26,140.47000122070312,141.1300048828125,137.14999389648438,140.5500030517578,120.07568359375,1333300
2021-11-29,143.3000030517578,143.8800048828125,140.4199981689453,141.75,121.10086822509766,1361800
2021-11-30,140.0399932861328,140.8800048828125,136.47000122070312,137.9499969482422,117.85441589355469,2213500
2021-12-01,141.6300048828125,145.89999389648438,136.3699951171875,136.66000366210938,116.75232696533203,1852800
2021-12-02,137.83999633789062,144.35000610351562,137.02000427246094,143.0500030517578,122.21150207519531,1351900
2021-12-03,143.63999938964844,144.19000244140625,141.19000244140625,142.35000610351562,121.61347198486328,1452400
2021-12-06,144.5399932861328,148.86000061035156,142.1199951171875,146.63999938964844,125.27853393554688,1119100
2021-12-07,148.8699951171875,151.67999267578125,147.66000366210938,148.1199951171875,126.54290008544922,865600
2021-12-08,148.30999755859375,151.5399932861328,148.30999755859375,150.63999938964844,128.69583129882812,797100
2021-12-09,150.11000061035156,151.9600067138672,149.42999267578125,149.5,127.72188568115234,784000
2021-12-10,150.6300048828125,152.47999572753906,148.82000732421875,151.80999755859375,129.69537353515625,927700
2021-12-13,151.02999877929688,152.0,146.52000427246094,147.7899932861328,126.26097106933594,1244500
2021-12-14,146.88999938964844,149.49000549316406,146.88999938964844,149.1300048828125,127.40581512451172,1417300
2021-12-15,148.8000030517578,149.66000366210938,145.2100067138672,149.02999877929688,127.32036590576172,1041700
2021-12-16,150.10000610351562,151.1199951171875,145.60000610351562,147.1300048828125,125.6971435546875,1624200
2021-12-17,139.6199951171875,142.91000366210938,135.22000122070312,139.8300018310547,119.46056365966797,4112600
2021-12-20,135.3000030517578,138.6999969482422,134.19000244140625,138.05999755859375,117.94837951660156,1583400
2021-12-21,140.00999450683594,144.66000366210938,139.77999877929688,142.91000366210938,122.0918960571289,1517100
2021-12-22,145.7899932861328,146.27000427246094,143.24000549316406,145.1300048828125,123.98848724365234,1012800
2021-12-23,146.7899932861328,149.05999755859375,145.6300048828125,148.83999633789062,127.15805053710938,1015600
2021-12-27,148.0800018310547,150.25,146.74000549316406,150.22999572753906,128.3455352783203,654500
2021-12-28,149.5399932861328,151.72999572753906,149.1699981689453,149.3699951171875,127.6108627319336,686900
2021-12-29,150.4600067138672,151.60000610351562,148.9199981689453,149.02000427246094,127.31183624267578,748700
2021-12-30,148.8699951171875,150.60000610351562,148.8699951171875,149.3300018310547,127.57669067382812,595900
2021-12-31,149.3800048828125,151.33999633789062,149.3800048828125,150.63999938964844,128.69583129882812,572700
2022-01-03,150.1999969482422,151.47999572753906,146.0399932861328,148.77999877929688,127.10680389404297,1106800
2022-01-04,150.6699981689453,151.8800048828125,149.42999267578125,151.60000610351562,129.51600646972656,1288000
2022-01-05,152.16000366210938,155.25,149.39999389648438,149.92999267578125,128.08924865722656,1410900
2022-01-06,150.6999969482422,151.47000122070312,147.2100067138672,147.4199981689453,125.94487762451172,1292100
2022-01-07,146.39999389648438,147.55999755859375,145.36000061035156,145.66000366210938,125.3768081665039,1020700
2022-01-10,145.0,147.00999450683594,141.61000061035156,146.97999572753906,126.51299285888672,1335100
2022-01-11,146.99000549316406,147.1699981689453,144.42999267578125,145.10000610351562,124.89476013183594,1035600
2022-01-12,145.0,145.47999572753906,142.35000610351562,143.5500030517578,123.56062316894531,1117900
2022-01-13,144.0800018310547,146.47999572753906,143.77999877929688,144.67999267578125,124.53323364257812,673900
2022-01-14,144.00999450683594,144.1999969482422,141.22000122070312,143.0,123.08720397949219,923500
2022-01-18,141.16000366210938,142.10000610351562,139.10000610351562,139.3699951171875,119.96263885498047,1398300
2022-01-19,140.0800018310547,141.3699951171875,138.52000427246094,138.55999755859375,119.26546478271484,981200
2022-01-20,138.82000732421875,141.07000732421875,135.91000366210938,136.02999877929688,117.08777618408203,931400
2022-01-21,136.10000610351562,137.47999572753906,134.32000732421875,134.77999877929688,116.01184844970703,1326700
2022-01-24,131.4600067138672,136.8300018310547,129.88999938964844,136.58999633789062,117.56981658935547,1435100
2022-01-25,134.6999969482422,139.27999877929688,131.8000030517578,137.5,118.35308074951172,1348200
2022-01-26,139.55999755859375,140.8300018310547,135.64999389648438,136.9499969482422,117.87966918945312,1314500
2022-01-27,138.2899932861328,139.66000366210938,134.61000061035156,135.36000061035156,116.5111083984375,789800
2022-01-28,135.69000244140625,138.6199951171875,132.3800048828125,138.52000427246094,119.2310562133789,1021400
2022-01-31,137.64999389648438,140.00999450683594,136.05999755859375,139.8699951171875,120.39303588867188,1185300
2022-02-01,140.27000427246094,141.74000549316406,138.55999755859375,139.8800048828125,120.40165710449219,888500
2022-02-02,141.55999755859375,143.1300048828125,140.47000122070312,140.85000610351562,121.2365951538086,1369400
2022-02-03,139.66000366210938,141.77000427246094,138.27999877929688,138.58999633789062,119.29131317138672,853300
2022-02-04,138.27999877929688,138.7899932861328,135.72000122070312,137.86000061035156,118.66297149658203,960700
2022-02-07,138.0,141.25,138.0,140.08999633789062,120.5824203491211,1235300
2022-02-08,140.4199981689453,141.30999755859375,138.75999450683594,141.0,121.36572265625,1441000
2022-02-09,142.63999938964844,147.25999450683594,142.52999877929688,146.69000244140625,126.26335144042969,1629000
2022-02-10,145.4199981689453,150.5,144.55999755859375,146.85000610351562,126.401123046875,1287400
2022-02-11,147.64999389648438,148.50999450683594,143.0,144.39999389648438,124.29224395751953,941700
2022-02-14,144.77000427246094,146.0399932861328,142.7899932861328,143.4199981689453,123.44872283935547,894700
2022-02-15,145.0,147.85000610351562,144.9199981689453,147.69000244140625,127.1241226196289,879400
2022-02-16,146.75999450683594,149.35000610351562,146.75999450683594,148.86000061035156,128.13121032714844,981100
2022-02-17,147.36000061035156,147.72000122070312,141.86000061035156,142.85000610351562,122.95806121826172,1231600
2022-02-18,143.0500030517578,146.1999969482422,143.0500030517578,144.74000549316406,124.58490753173828,1006300
2022-02-22,144.35000610351562,145.7899932861328,141.86000061035156,143.89999389648438,123.86188507080078,1240800
2022-02-23,145.67999267578125,145.67999267578125,138.64999389648438,139.0500030517578,119.68724060058594,958700
2022-02-24,135.02000427246094,141.74000549316406,134.14999389648438,141.57000732421875,121.8563461303711,1100900
2022-02-25,141.36000061035156,145.1300048828125,140.86000061035156,145.0800018310547,124.87757873535156,738000
2022-02-28,142.6999969482422,145.4199981689453,140.5500030517578,145.22000122070312,124.9980697631836,1622300
2022-03-01,145.2899932861328,145.2899932861328,138.69000244140625,139.88999938964844,120.4102783203125,1267300
2022-03-02,140.0,142.3000030517578,139.32000732421875,140.47000122070312,120.90948486328125,1940300
2022-03-03,141.07000732421875,141.57000732421875,132.66000366210938,133.13999938964844,114.6001968383789,2655200
2022-03-04,131.4499969482422,132.35000610351562,127.08000183105469,132.0399932861328,113.65340423583984,1783200
2022-03-07,131.8300018310547,132.2899932861328,117.5,117.79000091552734,101.38770294189453,2938800
2022-03-08,117.79000091552734,127.5999984741211,116.04000091552734,122.70999908447266,105.62258911132812,2236400
2022-03-09,127.70999908447266,130.13999938964844,126.38999938964844,128.55999755859375,110.65797424316406,1427000
2022-03-10,125.5199966430664,130.8699951171875,124.61000061035156,130.3699951171875,112.2159423828125,1398700
2022-03-11,132.0399932861328,132.88999938964844,128.47000122070312,129.0,111.03670501708984,1066300
2022-03-14,129.1300048828125,129.5,122.87999725341797,124.19000244140625,106.89649963378906,2147700
2022-03-15,126.13999938964844,127.29000091552734,122.38999938964844,124.37999725341797,107.06004333496094,2093100
2022-03-16,127.47000122070312,130.85000610351562,126.91999816894531,129.67999267578125,111.62201690673828,1653300
2022-03-17,127.69000244140625,130.47999572753906,127.04000091552734,130.44000244140625,112.27621459960938,1387300
2022-03-18,129.9199981689453,134.05999755859375,129.13999938964844,133.6300048828125,115.0219955444336,2328000
2022-03-21,133.77999877929688,134.39999389648438,129.5,131.17999267578125,112.91313934326172,1392100
2022-03-22,132.2899932861328,134.77000427246094,131.86000061035156,132.0,113.61896514892578,1397600
2022-03-23,131.3000030517578,133.13999938964844,130.41000366210938,130.94000244140625,112.70658111572266,2729900
2022-03-24,131.0,134.3800048828125,128.52000427246094,132.39999389648438,113.96326446533203,2180600
2022-03-25,132.47999572753906,133.75999450683594,129.32000732421875,129.8000030517578,111.7253189086914,1730200
2022-03-28,130.1300048828125,130.69000244140625,128.91000366210938,130.32000732421875,112.17290496826172,1316600
2022-03-29,132.49000549316406,136.07000732421875,132.08999633789062,134.36000061035156,115.65031433105469,1184600
2022-03-30,133.5,133.91000366210938,131.25999450683594,131.66000366210938,113.32630920410156,939800
2022-03-31,131.97999572753906,134.94000244140625,131.32000732421875,132.9499969482422,114.43666076660156,1575800
2022-04-01,133.57000732421875,134.39999389648438,128.58999633789062,130.07000732421875,111.95772552490234,1711900
2022-04-04,129.22999572753906,131.82000732421875,127.20999908447266,131.2899932861328,113.00780487060547,1256000
2022-04-05,130.9499969482422,132.1699981689453,127.33000183105469,129.52000427246094,111.48430633544922,973100
2022-04-06,128.07000732421875,129.4600067138672,125.0999984741211,128.49000549316406,110.59773254394531,1165100
2022-04-07,126.95999908447266,127.26000213623047,123.23999786376953,126.0,109.39095306396484,1644100
2022-04-08,126.44000244140625,127.62000274658203,123.41000366210938,126.43000030517578,109.76426696777344,1379100
2022-04-11,126.0,129.4499969482422,125.16000366210938,126.54000091552734,109.8597640991211,1196100
2022-04-12,129.3000030517578,132.75,128.77999877929688,130.5399932861328,113.33250427246094,1384900
2022-04-13,130.74000549316406,133.74000549316406,130.74000549316406,131.5800018310547,114.23539733886719,1105200
2022-04-14,131.6999969482422,133.6999969482422,131.24000549316406,131.4499969482422,114.12255096435547,842200
2022-04-18,130.3000030517578,132.88999938964844,130.24000549316406,132.63999938964844,115.15568542480469,767300
2022-04-19,132.8699951171875,136.27000427246094,132.6699981689453,135.39999389648438,117.5518569946289,877000
2022-04-20,136.39999389648438,138.0800018310547,135.72999572753906,136.5800018310547,118.57630920410156,698100
2022-04-21,139.5500030517578,140.25999450683594,137.47000122070312,138.02999877929688,119.83518981933594,1130400
2022-04-22,137.75999450683594,137.75999450683594,133.89999389648438,134.0500030517578,116.37981414794922,849400
2022-04-25,133.0500030517578,138.47000122070312,132.3300018310547,138.1300048828125,119.9219970703125,1027700
2022-04-26,136.32000732421875,137.11000061035156,131.39999389648438,131.5,114.16595458984375,737500
2022-04-27,131.75999450683594,133.63999938964844,130.2899932861328,130.7100067138672,113.48008728027344,668100
2022-04-28,132.30999755859375,135.6300048828125,130.8300018310547,133.89999389648438,116.24957275390625,654500
2022-04-29,134.14999389648438,135.89999389648438,131.33999633789062,131.72999572753906,114.36563873291016,997100
2022-05-02,132.0,133.24000549316406,129.47999572753906,132.8000030517578,115.29462432861328,891500
2022-05-03,132.17999267578125,133.7100067138672,129.57000732421875,130.64999389648438,113.4280014038086,842800
2022-05-04,129.5500030517578,131.97999572753906,126.08000183105469,131.47999572753906,114.14859008789062,1256400
2022-05-05,129.41000366210938,131.1699981689453,125.80999755859375,127.51000213623047,110.70191192626953,969900
2022-05-06,127.3499984741211,130.75,126.1500015258789,130.10000610351562,112.95049285888672,1264200
2022-05-09,128.07000732421875,129.72999572753906,124.93000030517578,125.11000061035156,108.61827850341797,1140800
2022-05-10,127.20999908447266,128.13999938964844,123.37999725341797,126.9000015258789,110.17232513427734,972000
2022-05-11,126.98999786376953,128.4499969482422,121.33000183105469,121.51000213623047,105.4928207397461,1315700
2022-05-12,120.63999938964844,126.0,118.72000122070312,124.18000030517578,107.81086730957031,1647400
2022-05-13,126.0199966430664,129.38999938964844,126.01000213623047,128.07000732421875,111.1881103515625,817400
2022-05-16,127.25,128.24000549316406,125.72000122070312,126.37999725341797,109.72087097167969,1025300
2022-05-17,129.2100067138672,129.66000366210938,126.69000244140625,129.00999450683594,112.0041732788086,1021400
2022-05-18,127.4000015258789,127.4000015258789,118.7699966430664,119.4800033569336,103.73040008544922,2055900
2022-05-19,116.70999908447266,119.16000366210938,114.08000183105469,116.66999816894531,101.29080963134766,1604600
2022-05-20,118.6500015258789,118.87000274658203,113.54000091552734,116.25,100.92618560791016,1746000
2022-05-23,117.18000030517578,117.69999694824219,113.2300033569336,116.41000366210938,101.06507110595703,932900
2022-05-24,115.23999786376953,115.26000213623047,111.56999969482422,114.7699966430664,99.64126586914062,1092700
2022-05-25,114.30999755859375,120.75,114.01000213623047,120.12000274658203,104.28605651855469,1199300
2022-05-26,121.45999908447266,126.30000305175781,121.11000061035156,125.08999633789062,108.60089874267578,899800
2022-05-27,126.30000305175781,127.45999908447266,123.93000030517578,126.04000091552734,109.42568969726562,850300
2022-05-31,125.62000274658203,126.86000061035156,123.62000274658203,125.0,108.52277374267578,1957900
2022-06-01,125.63999938964844,125.93000030517578,121.75,123.93000030517578,107.59382629394531,1016800
2022-06-02,124.05999755859375,127.0,123.81999969482422,126.87999725341797,110.15494537353516,718500
2022-06-03,125.5999984741211,126.66999816894531,123.94000244140625,125.77999877929688,109.199951171875,945500
2022-06-06,126.5,126.73999786376953,124.31999969482422,125.91999816894531,109.32149505615234,951200
2022-06-07,124.0199966430664,125.23999786376953,121.33999633789062,124.91000366210938,108.44461822509766,1281800
2022-06-08,124.08000183105469,125.19000244140625,122.98999786376953,124.37999725341797,107.98450469970703,885300
2022-06-09,123.56999969482422,125.55000305175781,122.93000030517578,123.45999908447266,107.18577575683594,681400
2022-06-10,121.2699966430664,122.75,119.19999694824219,119.94000244140625,104.12976837158203,939500
2022-06-13,116.37000274658203,117.18000030517578,113.23999786376953,114.27999877929688,99.2158432006836,1408400
2022-06-14,114.29000091552734,115.66000366210938,113.31999969482422,114.02999877929688,98.99880981445312,1220600
2022-06-15,114.72000122070312,118.29000091552734,114.58000183105469,116.55000305175781,101.18663024902344,1443100
2022-06-16,113.37000274658203,113.43000030517578,110.95999908447266,111.83999633789062,97.09749603271484,1326300
2022-06-17,112.29000091552734,115.08000183105469,111.8499984741211,114.19999694824219,99.14639282226562,2442900
2022-06-21,115.86000061035156,116.0,112.7300033569336,113.69999694824219,98.71229553222656,1713400
2022-06-22,113.23999786376953,116.30000305175781,112.2300033569336,115.12000274658203,99.94513702392578,2059500
2022-06-23,116.83999633789062,117.94000244140625,113.16999816894531,115.5999984741211,100.36186218261719,2973500
2022-06-24,117.27999877929688,119.88999938964844,116.12000274658203,119.80999755859375,104.01690673828125,2375100
2022-06-27,121.45999908447266,123.05999755859375,120.30000305175781,121.93000030517578,105.85745239257812,1692900
2022-06-28,122.0199966430664,123.44000244140625,114.93000030517578,115.0999984741211,99.9277572631836,1556300
2022-06-29,114.62999725341797,115.0,112.4000015258789,113.87000274658203,98.85990905761719,1236800
2022-06-30,113.23999786376953,114.62999725341797,111.37999725341797,113.12000274658203,98.20877838134766,1641600
2022-07-01,113.6500015258789,115.05000305175781,112.55000305175781,114.3499984741211,99.2766342163086,1540400
2022-07-05,112.93000030517578,118.58999633789062,111.77999877929688,118.51000213623047,102.88825225830078,1639700
2022-07-06,118.72000122070312,120.0,115.5999984741211,116.70999908447266,101.32555389404297,1639000
2022-07-07,115.3499984741211,117.37000274658203,114.37000274658203,117.27999877929688,102.8870849609375,1215400
2022-07-08,117.30000305175781,118.66000366210938,115.5,116.77999877929688,102.44844818115234,1052300
2022-07-11,116.11000061035156,117.30999755859375,115.05000305175781,115.44000244140625,101.27291107177734,1024000
2022-07-12,116.0,117.55000305175781,115.31999969482422,115.83000183105469,101.61502838134766,1012600
2022-07-13,113.52999877929688,117.0999984741211,113.08000183105469,116.30000305175781,102.02735900878906,1095100
2022-07-14,114.69000244140625,116.6500015258789,114.27999877929688,116.16000366210938,101.90453338623047,1322600
2022-07-15,117.51000213623047,118.72000122070312,116.4800033569336,117.08999633789062,102.72041320800781,1002900
2022-07-18,117.69999694824219,118.68000030517578,116.01000213623047,116.43000030517578,102.14140319824219,922100
2022-07-19,117.25,120.55000305175781,117.25,120.19000244140625,105.43997955322266,820600
2022-07-20,120.4800033569336,122.83000183105469,120.41000366210938,121.88999938964844,106.93134307861328,893400
2022-07-21,120.83999633789062,121.86000061035156,119.69999694824219,121.69000244140625,106.7558822631836,827800
2022-07-22,122.13999938964844,123.56999969482422,120.5,121.3499984741211,106.45762634277344,774200
2022-07-25,122.0,122.0,117.31999969482422,118.77999877929688,104.2030029296875,1144600
2022-07-26,117.31999969482422,117.62000274658203,115.06999969482422,115.11000061035156,100.98340606689453,1102500
2022-07-27,116.80999755859375,121.83999633789062,116.6500015258789,121.47000122070312,106.56289672851562,1206800
2022-07-28,121.5,126.66999816894531,121.05000305175781,126.58000183105469,111.04576873779297,1697100
2022-07-29,126.69999694824219,126.98999786376953,124.02999877929688,124.48999786376953,109.2122573852539,2380000
2022-08-01,123.52999877929688,125.95999908447266,122.83000183105469,124.75,109.44036865234375,1016800
2022-08-02,124.0,125.66999816894531,123.44999694824219,124.13999938964844,108.90522003173828,795200
2022-08-03,124.7300033569336,127.31999969482422,123.80999755859375,126.87000274658203,111.3001937866211,960500
2022-08-04,126.43000030517578,127.3499984741211,125.51000213623047,125.77999877929688,110.34395599365234,801500
2022-08-05,124.6500015258789,125.87000274658203,123.5,123.58000183105469,108.41395568847656,667200
2022-08-08,123.7300033569336,127.18000030517578,123.7300033569336,125.33999633789062,109.95793914794922,805000
2022-08-09,125.05000305175781,125.83000183105469,123.91000366210938,125.79000091552734,110.35272216796875,826100
2022-08-10,128.35000610351562,130.92999267578125,127.91000366210938,129.8800048828125,113.94081115722656,1333500
2022-08-11,130.85000610351562,132.22000122070312,130.08999633789062,130.22999572753906,114.24784088134766,1029300
2022-08-12,130.92999267578125,131.94000244140625,130.27000427246094,131.91000366210938,115.72166442871094,753000
2022-08-15,131.24000549316406,133.0,130.1999969482422,132.2100067138672,115.98484802246094,1113800
2022-08-16,131.77000427246094,135.30999755859375,131.3000030517578,134.35000610351562,117.86225128173828,1073700
2022-08-17,132.58999633789062,134.1300048828125,132.0800018310547,132.6999969482422,116.41471099853516,963100
2022-08-18,132.52000427246094,133.05999755859375,131.22000122070312,132.3699951171875,116.12520599365234,723800
2022-08-19,131.25,131.58999633789062,128.35000610351562,129.07000732421875,113.23020935058594,779000
2022-08-22,127.16000366210938,127.16999816894531,125.75,127.13999938964844,111.53705596923828,1002600
2022-08-23,127.94000244140625,128.92999267578125,126.77999877929688,126.97000122070312,111.38790893554688,762800
2022-08-24,126.44999694824219,128.5500030517578,124.61000061035156,127.68000030517578,112.01078033447266,1116100
2022-08-25,128.22999572753906,130.6699981689453,127.97000122070312,130.64999389648438,114.61627960205078,854000
2022-08-26,130.75,130.8699951171875,124.66000366210938,124.97000122070312,109.63334655761719,741100
2022-08-29,123.73999786376953,125.4800033569336,123.3499984741211,124.69999694824219,109.39649200439453,727000
2022-08-30,125.45999908447266,126.1500015258789,122.70999908447266,123.37999725341797,108.23847961425781,700800
2022-08-31,123.80999755859375,125.11000061035156,122.81999969482422,123.70999908447266,108.52799224853516,1050100
2022-09-01,122.94000244140625,125.95999908447266,122.29000091552734,125.93000030517578,110.47554016113281,917300
2022-09-02,127.4800033569336,127.93000030517578,124.37999725341797,125.16999816894531,109.80882263183594,851800
2022-09-06,125.97000122070312,126.87999725341797,122.36000061035156,123.20999908447266,108.08934783935547,1109000
2022-09-07,123.58999633789062,128.07000732421875,123.02999877929688,128.0500030517578,112.33537292480469,1127700
2022-09-08,127.41000366210938,130.5399932861328,127.0,130.4600067138672,114.44961547851562,957300
2022-09-09,130.92999267578125,131.85000610351562,130.0500030517578,131.0399932861328,114.95841217041016,705100
2022-09-12,132.25,133.77999877929688,131.5500030517578,133.72999572753906,117.31831359863281,876200
2022-09-13,130.30999755859375,131.3300018310547,128.22000122070312,128.7100067138672,112.91438293457031,965800
2022-09-14,128.91000366210938,131.8800048828125,127.5999984741211,130.3000030517578,114.30927276611328,968200
2022-09-15,130.16000366210938,132.66000366210938,129.5399932861328,130.42999267578125,114.42328643798828,830600
2022-09-16,128.72000122070312,130.22999572753906,127.77999877929688,129.67999267578125,113.76532745361328,1690900
2022-09-19,128.7100067138672,133.0,128.7100067138672,132.52999877929688,116.26556396484375,1585200
2022-09-20,132.0800018310547,133.08999633789062,130.77000427246094,132.75,116.45858764648438,1342600
2022-09-21,133.72000122070312,135.19000244140625,131.1999969482422,131.27999877929688,115.16898345947266,2000100
2022-09-22,129.0,129.16000366210938,124.41000366210938,125.44999694824219,110.05445098876953,2561200
2022-09-23,124.5,125.20999908447266,120.19999694824219,122.38999938964844,107.3699722290039,1862400
2022-09-26,122.38999938964844,124.30000305175781,120.94999694824219,121.16000366210938,106.29094696044922,1385000
2022-09-27,123.12999725341797,125.79000091552734,122.37000274658203,123.58000183105469,108.41395568847656,1447300
2022-09-28,124.33999633789062,128.22000122070312,123.31999969482422,127.72000122070312,112.04588317871094,1122700
2022-09-29,126.61000061035156,130.05999755859375,125.02999877929688,129.32000732421875,113.44950866699219,2073500
2022-09-30,128.33999633789062,128.63999938964844,126.02999877929688,126.31999969482422,110.81768035888672,2138600
2022-10-03,127.06999969482422,127.1500015258789,123.43000030517578,125.41000366210938,110.01936340332031,2312500
2022-10-04,128.00999450683594,132.30999755859375,127.91999816894531,132.22000122070312,115.9936294555664,1769800
2022-10-05,130.64999389648438,133.58999633789062,130.5399932861328,133.10000610351562,116.765625,1500200
2022-10-06,132.47000122070312,133.4499969482422,129.30999755859375,129.50999450683594,114.65855407714844,1542100
2022-10-07,128.11000061035156,128.44000244140625,124.5999984741211,125.69000244140625,111.27661895751953,1211700
2022-10-10,125.76000213623047,127.20999908447266,124.81999969482422,126.66999816894531,112.14421844482422,1093700
2022-10-11,126.98999786376953,129.99000549316406,125.16999816894531,128.52999877929688,113.79092407226562,1236500
2022-10-12,127.79000091552734,131.02999877929688,126.9800033569336,130.25999450683594,115.32252502441406,1023400
2022-10-13,127.69999694824219,133.58999633789062,126.69000244140625,132.97000122070312,117.72177124023438,996400
2022-10-14,133.97999572753906,134.41000366210938,129.80999755859375,130.02000427246094,115.11006927490234,932700
2022-10-17,131.8800048828125,132.89999389648438,131.3699951171875,131.94000244140625,116.80989837646484,798000
2022-10-18,134.05999755859375,134.64999389648438,132.5500030517578,133.44000244140625,118.13787078857422,1200400
2022-10-19,132.99000549316406,134.36000061035156,132.39999389648438,133.0,117.74833679199219,1227600
2022-10-20,132.63999938964844,134.10000610351562,131.5399932861328,132.22999572753906,117.06661987304688,997600
2022-10-21,132.1999969482422,133.8000030517578,131.3300018310547,133.32000732421875,118.03165435791016,1610100
2022-10-24,133.5,135.19000244140625,132.22000122070312,134.0,118.6336441040039,1271200
2022-10-25,134.25,136.02000427246094,133.67999267578125,135.97000122070312,120.37776947021484,1708800
2022-10-26,136.25,141.3699951171875,136.13999938964844,138.52000427246094,122.63533782958984,1791700
2022-10-27,139.72000122070312,141.9199981689453,139.27999877929688,140.72999572753906,124.59188079833984,1254100
2022-10-28,140.72999572753906,142.61000061035156,138.97999572753906,142.49000549316406,126.15010070800781,1326200
2022-10-31,141.75999450683594,144.16000366210938,140.66000366210938,143.13999938964844,126.72554779052734,1085600
2022-11-01,144.30999755859375,144.44000244140625,141.02000427246094,143.0399932861328,126.63700103759766,1009400
2022-11-02,142.75,143.3699951171875,139.5500030517578,139.7100067138672,123.68888854980469,1258100
2022-11-03,138.6699981689453,140.47999572753906,137.25,139.47000122070312,123.47638702392578,930800
2022-11-04,142.3800048828125,142.58999633789062,139.39999389648438,141.33999633789062,125.1319580078125,884800
2022-11-07,141.99000549316406,141.99000549316406,137.77999877929688,139.83999633789062,123.80396270751953,1071800
2022-11-08,140.77000427246094,141.42999267578125,138.5800018310547,140.13999938964844,124.06957244873047,859900
2022-11-09,139.25,140.5500030517578,138.5800018310547,139.64999389648438,123.63575744628906,945700
2022-11-10,143.8300018310547,145.77000427246094,142.47999572753906,145.3300018310547,128.66444396972656,1294200
2022-11-11,146.30999755859375,146.30999755859375,139.50999450683594,141.16000366210938,124.97260284423828,1450000
2022-11-14,140.69000244140625,143.33999633789062,139.6699981689453,142.52999877929688,126.18550109863281,1604200
2022-11-15,145.05999755859375,145.2899932861328,142.72999572753906,143.10000610351562,126.69014739990234,884700
2022-11-16,141.97999572753906,145.47999572753906,141.1199951171875,145.42999267578125,128.75291442871094,1446700
2022-11-17,144.24000549316406,146.99000549316406,144.00999450683594,146.0500030517578,129.30184936523438,919900
2022-11-18,148.5,149.8000030517578,145.74000549316406,147.13999938964844,130.26681518554688,994800
2022-11-21,147.0800018310547,148.07000732421875,146.0399932861328,146.6999969482422,129.8773193359375,988900
2022-11-22,147.2100067138672,148.36000061035156,146.36000061035156,147.99000549316406,131.01937866210938,839000
2022-11-23,148.00999450683594,148.72999572753906,147.2899932861328,148.3300018310547,131.3203887939453,528600
2022-11-25,148.5800018310547,149.0399932861328,147.5800018310547,148.38999938964844,131.37350463867188,336000
2022-11-28,147.82000732421875,149.1199951171875,146.7899932861328,146.82000732421875,129.9835205078125,769400
2022-11-29,144.5500030517578,146.3300018310547,144.30999755859375,144.9600067138672,128.33682250976562,1179600
2022-11-30,145.27000427246094,147.4199981689453,143.75,146.99000549316406,130.13404846191406,1521200
2022-12-01,147.58999633789062,148.00999450683594,145.52000427246094,145.64999389648438,128.9476776123047,1058100
2022-12-02,143.97000122070312,146.25,143.08999633789062,145.47999572753906,128.79721069335938,863500
2022-12-05,144.1199951171875,144.4199981689453,142.75999450683594,143.5399932861328,127.07965850830078,929400
2022-12-06,143.61000061035156,144.55999755859375,141.66000366210938,142.86000061035156,126.47764587402344,1167900
2022-12-07,142.7899932861328,144.6199951171875,142.0800018310547,142.2100067138672,125.9021987915039,798100
2022-12-08,143.42999267578125,144.49000549316406,142.67999267578125,143.77000427246094,127.28327178955078,1263400
2022-12-09,143.27999877929688,144.32000732421875,142.44000244140625,142.57000732421875,126.22090911865234,974300
2022-12-12,142.8000030517578,144.52999877929688,140.5,144.49000549316406,127.92073822021484,1371800
2022-12-13,147.5,148.14999389648438,143.67999267578125,145.02999877929688,128.39878845214844,1432100
2022-12-14,147.39999389648438,147.5,142.5,143.9499969482422,127.44263458251953,1289400
2022-12-15,142.97999572753906,143.35000610351562,140.89999389648438,142.86000061035156,126.47764587402344,1586100
2022-12-16,132.05999755859375,140.6999969482422,131.89999389648438,139.89999389648438,123.85707092285156,3701100
2022-12-19,140.07000732421875,140.7100067138672,137.50999450683594,138.4499969482422,122.5733642578125,1901500
2022-12-20,138.25999450683594,140.38999938964844,138.10000610351562,139.72000122070312,123.69771575927734,1380700
2022-12-21,140.60000610351562,140.94000244140625,138.50999450683594,138.5500030517578,122.66191101074219,990500
2022-12-22,137.82000732421875,138.19000244140625,136.2100067138672,137.30999755859375,121.56409454345703,840500
2022-12-23,137.3800048828125,139.35000610351562,136.3300018310547,138.83999633789062,122.91864776611328,659200
2022-12-27,138.94000244140625,139.1999969482422,137.19000244140625,137.74000549316406,121.94479370117188,813000
2022-12-28,138.1999969482422,139.77000427246094,137.9499969482422,138.82000732421875,122.90093231201172,911600
2022-12-29,139.58999633789062,140.41000366210938,139.14999389648438,140.0800018310547,124.01644897460938,675600
2022-12-30,139.6199951171875,139.74000549316406,137.47999572753906,138.3300018310547,122.46712493896484,800200
2023-01-03,139.74000549316406,140.17999267578125,137.92999267578125,139.9600067138672,123.91020202636719,1229700
2023-01-04,140.5,143.55999755859375,139.83999633789062,143.02999877929688,126.62815856933594,1229500
2023-01-05,143.44000244140625,144.85000610351562,142.02999877929688,144.3000030517578,127.75251007080078,1328800
2023-01-06,144.49000549316406,147.32000732421875,144.3800048828125,146.97999572753906,130.12515258789062,1431000
2023-01-09,146.0,148.4499969482422,145.92999267578125,148.10000610351562,132.2051239013672,1438400
2023-01-10,148.38999938964844,150.6999969482422,148.11000061035156,150.30999755859375,134.17791748046875,1507600
2023-01-11,150.80999755859375,152.0800018310547,149.00999450683594,149.64999389648438,133.58877563476562,1427400
2023-01-12,150.14999389648438,150.72000122070312,148.22000122070312,148.6999969482422,132.74073791503906,1287200
2023-01-13,147.85000610351562,149.92999267578125,147.25999450683594,149.8000030517578,133.72267150878906,649800
2023-01-17,148.97999572753906,149.9199981689453,148.5399932861328,149.00999450683594,133.01742553710938,729600
2023-01-18,149.69000244140625,149.8699951171875,146.00999450683594,146.47999572753906,130.75897216796875,812000
2023-01-19,146.25999450683594,146.69000244140625,145.25,145.38999938964844,129.78598022460938,1192600
2023-01-20,145.97000122070312,147.58999633789062,145.2899932861328,147.3800048828125,131.56240844726562,848600
2023-01-23,147.8699951171875,148.4600067138672,146.99000549316406,148.10000610351562,132.2051239013672,652300
2023-01-24,148.42999267578125,148.42999267578125,145.5,145.97999572753906,130.31265258789062,940300
2023-01-25,145.22000122070312,147.91000366210938,144.8300018310547,147.77999877929688,131.91946411132812,872700
2023-01-26,148.2100067138672,149.6300048828125,148.14999389648438,149.3000030517578,133.2763671875,802500
2023-01-27,150.0,150.0,147.86000061035156,148.3699951171875,132.44615173339844,852300
2023-01-30,148.00999450683594,149.55999755859375,146.77999877929688,146.9199981689453,131.15174865722656,889300
2023-01-31,146.69000244140625,148.17999267578125,146.3800048828125,147.97000122070312,132.08908081054688,2240500
2023-02-01,148.00999450683594,148.49000549316406,143.94000244140625,147.05999755859375,131.2767333984375,1211000
2023-02-02,148.24000549316406,149.25,146.7899932861328,147.9199981689453,132.04441833496094,1412500
2023-02-03,146.5,148.58999633789062,145.63999938964844,147.4199981689453,131.5980987548828,736300
2023-02-06,147.50999450683594,149.85000610351562,147.50999450683594,149.7899932861328,133.71371459960938,1027300
2023-02-07,148.6999969482422,149.89999389648438,147.64999389648438,149.58999633789062,133.53518676757812,664100
2023-02-08,148.7100067138672,149.6300048828125,147.7899932861328,148.4499969482422,132.51756286621094,696800
2023-02-09,149.39999389648438,150.72999572753906,147.33999633789062,147.75999450683594,131.90159606933594,897200
2023-02-10,147.5,148.0,146.36000061035156,147.02000427246094,131.2410430908203,1153400
2023-02-13,147.4199981689453,148.61000061035156,144.1300048828125,147.83999633789062,131.9730224609375,1110800
2023-02-14,147.91000366210938,148.07000732421875,145.3800048828125,146.30999755859375,130.60720825195312,1239600
2023-02-15,145.92999267578125,146.6999969482422,144.97999572753906,146.66000366210938,130.919677734375,1258300
2023-02-16,145.47000122070312,147.72000122070312,144.52000427246094,145.75999450683594,130.1162567138672,1306700
2023-02-17,145.35000610351562,147.0500030517578,144.6199951171875,146.08999633789062,130.41082763671875,1422800
2023-02-21,146.5,148.1999969482422,145.64999389648438,147.83999633789062,131.9730224609375,1508500
2023-02-22,148.5800018310547,149.9600067138672,146.8699951171875,148.91000366210938,132.92820739746094,1224100
2023-02-23,149.1300048828125,149.91000366210938,147.6300048828125,148.27999877929688,132.3657989501953,1092200
2023-02-24,146.75999450683594,147.75999450683594,144.19000244140625,144.52999877929688,129.018310546875,1142900
2023-02-27,145.0,145.27999877929688,142.42999267578125,142.6699981689453,127.35787200927734,923800
2023-02-28,142.8800048828125,143.66000366210938,142.25,142.99000549316406,127.64354705810547,1187400
2023-03-01,142.49000549316406,143.9499969482422,141.75,143.64999389648438,128.23272705078125,971500
2023-03-02,143.47000122070312,147.4199981689453,143.0,147.13999938964844,131.34815979003906,1046700
2023-03-03,147.13999938964844,148.25999450683594,146.5,147.33999633789062,131.5266876220703,1120800
2023-03-06,147.64999389648438,148.6699981689453,147.22000122070312,148.27000427246094,132.3568878173828,1066800
2023-03-07,148.52999877929688,149.8000030517578,146.2100067138672,146.52999877929688,130.80360412597656,1128800
2023-03-08,146.60000610351562,146.60000610351562,143.92999267578125,145.72999572753906,130.0894775390625,831900
2023-03-09,146.4600067138672,147.5,144.4600067138672,144.66000366210938,129.1343231201172,1086200
2023-03-10,144.91000366210938,146.67999267578125,143.41000366210938,143.97000122070312,128.5183868408203,1073900
2023-03-13,142.8300018310547,147.4499969482422,142.8300018310547,146.02000427246094,130.34840393066406,1952700
2023-03-14,147.75999450683594,149.9600067138672,146.0500030517578,147.5800018310547,131.7409210205078,2066200
2023-03-15,146.25,148.2899932861328,145.42999267578125,147.75999450683594,131.90159606933594,1922300
2023-03-16,146.86000061035156,151.1300048828125,146.52999877929688,150.36000061035156,134.22259521484375,1266900
2023-03-17,150.8699951171875,151.1199951171875,147.57000732421875,148.5,132.56219482421875,4673100
2023-03-20,148.69000244140625,151.4499969482422,148.69000244140625,150.6300048828125,134.46359252929688,1500100
2023-03-21,151.99000549316406,153.69000244140625,151.55999755859375,152.42999267578125,136.07041931152344,1304800
2023-03-22,151.6999969482422,154.13999938964844,151.0500030517578,151.0500030517578,134.8385009765625,1752000
2023-03-23,151.83999633789062,153.6699981689453,147.75,150.52000427246094,134.3653564453125,2675400
2023-03-24,151.47000122070312,152.8300018310547,149.91000366210938,152.5800018310547,136.20433044433594,1608200
2023-03-27,153.8800048828125,155.0399932861328,152.36000061035156,153.8000030517578,137.29335021972656,1580400
2023-03-28,154.0800018310547,155.4600067138672,153.19000244140625,154.47000122070312,137.89146423339844,1221800
2023-03-29,155.00999450683594,155.35000610351562,153.7100067138672,154.6699981689453,138.0699920654297,1190000
2023-03-30,154.60000610351562,155.25,153.0800018310547,153.8800048828125,137.36477661132812,1308200
2023-03-31,154.6999969482422,155.89999389648438,154.10000610351562,155.16000366210938,138.50741577148438,1367400
2023-04-03,154.6999969482422,155.39999389648438,153.0,153.88999938964844,137.37371826171875,1767400
2023-04-04,154.0,154.72999572753906,152.72000122070312,153.08999633789062,136.6595458984375,1415500
2023-04-05,152.94000244140625,153.58999633789062,151.83999633789062,153.05999755859375,136.63279724121094,1306100
2023-04-06,151.7899932861328,151.7899932861328,149.13999938964844,149.6999969482422,134.6982421875,1282200
2023-04-10,149.2100067138672,151.52000427246094,149.0800018310547,151.5,136.31785583496094,1694900
2023-04-11,151.52999877929688,154.4499969482422,151.47000122070312,153.47999572753906,138.09942626953125,1499500
2023-04-12,154.27999877929688,154.8300018310547,151.60000610351562,151.74000549316406,136.5338134765625,1461500
2023-04-13,152.8000030517578,153.80999755859375,152.2100067138672,153.47000122070312,138.09043884277344,1171500
2023-04-14,153.24000549316406,154.6999969482422,152.25999450683594,152.4199981689453,137.1456298828125,746800
2023-04-17,153.1300048828125,153.67999267578125,150.64999389648438,151.75,136.54278564453125,996700
2023-04-18,152.4600067138672,153.22999572753906,151.75999450683594,151.80999755859375,136.59678649902344,736400
2023-04-19,151.83999633789062,152.22000122070312,151.24000549316406,151.5500030517578,136.36285400390625,840900
2023-04-20,151.33999633789062,151.49000549316406,149.16000366210938,149.92999267578125,134.9051971435547,902800
2023-04-21,150.41000366210938,151.8699951171875,150.2899932861328,151.85000610351562,136.63279724121094,1048200
2023-04-24,152.0,152.25,148.5500030517578,149.27000427246094,134.31134033203125,1125600
2023-04-25,149.52999877929688,149.52999877929688,145.89999389648438,146.4600067138672,131.78292846679688,1201100
2023-04-26,146.82000732421875,149.27000427246094,146.75,148.52000427246094,133.63648986816406,1220800
2023-04-27,149.3800048828125,151.30999755859375,148.24000549316406,151.1999969482422,136.04794311523438,749700
2023-04-28,151.38999938964844,152.41000366210938,150.69000244140625,151.92999267578125,136.70477294921875,739700
2023-05-01,150.8800048828125,152.19000244140625,150.41000366210938,151.25999450683594,136.10191345214844,1542500
2023-05-02,151.4600067138672,152.7100067138672,149.14999389648438,151.8300018310547,136.6147918701172,1140100
2023-05-03,151.88999938964844,152.1999969482422,150.52000427246094,151.47000122070312,136.29086303710938,1454300
2023-05-04,151.5,153.07000732421875,151.13999938964844,152.9199981689453,137.5955810546875,1005400
2023-05-05,153.32000732421875,154.17999267578125,152.02999877929688,153.08999633789062,137.74855041503906,1225500
2023-05-08,152.80999755859375,153.9499969482422,149.8699951171875,150.24000549316406,135.18414306640625,1746700
2023-05-09,149.85000610351562,151.5500030517578,149.8000030517578,150.3300018310547,135.26512145996094,904500
2023-05-10,150.55999755859375,151.02999877929688,147.82000732421875,149.05999755859375,134.12237548828125,1347000
2023-05-11,148.85000610351562,149.1199951171875,146.2899932861328,147.00999450683594,132.27780151367188,1492100
2023-05-12,146.58999633789062,148.91000366210938,146.58999633789062,148.5500030517578,133.6634979248047,1444500
2023-05-15,149.3000030517578,151.92999267578125,148.44000244140625,151.88999938964844,136.66876220703125,1216700
2023-05-16,151.67999267578125,153.4199981689453,150.5,153.16000366210938,137.81150817871094,1582300
2023-05-17,154.22000122070312,158.86000061035156,153.64999389648438,158.69000244140625,142.787353515625,1921800
2023-05-18,159.0,162.30999755859375,158.6999969482422,162.13999938964844,145.8916015625,2024600
2023-05-19,162.75999450683594,163.41000366210938,160.5399932861328,161.41000366210938,145.23475646972656,1621900
2023-05-22,161.7899932861328,163.4199981689453,161.02999877929688,161.22999572753906,145.0727996826172,1159300
2023-05-23,160.50999450683594,161.35000610351562,159.6199951171875,160.57000732421875,144.47894287109375,1286100
2023-05-24,160.5800018310547,162.32000732421875,159.97000122070312,160.4600067138672,144.3799591064453,1283900
2023-05-25,161.2899932861328,162.19000244140625,160.08999633789062,161.02999877929688,144.89283752441406,1211300
2023-05-26,161.52000427246094,163.77000427246094,160.5,161.27999877929688,145.1177978515625,1159100
2023-05-30,161.50999450683594,161.94000244140625,160.0500030517578,160.3800048828125,144.3079833984375,1004300
2023-05-31,160.13999938964844,160.60000610351562,158.0,158.52000427246094,142.63441467285156,1970000
2023-06-01,159.9499969482422,162.30999755859375,158.7100067138672,161.72999572753906,145.52267456054688,1328900
2023-06-02,162.4499969482422,164.42999267578125,161.5800018310547,164.0399932861328,147.60121154785156,1121800
2023-06-05,163.4199981689453,163.99000549316406,160.9199981689453,161.0399932861328,144.90182495117188,1330600
2023-06-06,160.4199981689453,163.42999267578125,159.6999969482422,163.07000732421875,146.72842407226562,1502500
2023-06-07,163.47999572753906,164.97999572753906,163.05999755859375,164.39999389648438,147.92510986328125,1292100
2023-06-08,163.82000732421875,164.60000610351562,162.63999938964844,163.36000061035156,146.9893341064453,1167500
2023-06-09,163.39999389648438,164.57000732421875,161.8000030517578,161.91000366210938,145.68466186523438,1044700
2023-06-12,162.67999267578125,165.14999389648438,162.57000732421875,164.97999572753906,148.44699096679688,1112200
2023-06-13,165.2899932861328,166.6300048828125,164.91000366210938,166.0399932861328,149.4007568359375,1068400
2023-06-14,166.77999877929688,168.72000122070312,166.3800048828125,167.63999938964844,150.84043884277344,1256000
2023-06-15,167.91000366210938,168.97999572753906,166.6999969482422,166.86000061035156,150.13861083984375,1182700
2023-06-16,167.49000549316406,168.0399932861328,165.27999877929688,166.00999450683594,149.3738250732422,1927000
2023-06-20,166.07000732421875,167.11000061035156,165.10000610351562,165.82000732421875,149.2028350830078,1101400
2023-06-21,165.41000366210938,167.77000427246094,165.0500030517578,166.41000366210938,149.73370361328125,1518200
2023-06-22,161.0,165.10000610351562,159.14999389648438,162.1300048828125,145.8826141357422,3009200
2023-06-23,161.2100067138672,165.5500030517578,160.10000610351562,161.3000030517578,145.1357879638672,2516500
2023-06-26,161.6300048828125,162.4499969482422,159.55999755859375,161.58999633789062,145.39669799804688,1644900
2023-06-27,161.41000366210938,163.6999969482422,160.7899932861328,163.38999938964844,147.01634216308594,1131600
2023-06-28,162.85000610351562,162.94000244140625,161.52999877929688,162.0500030517578,145.8106231689453,1173500
2023-06-29,162.17999267578125,165.5800018310547,162.17999267578125,165.3000030517578,148.7349395751953,1104000
2023-06-30,165.25999450683594,167.66000366210938,165.25999450683594,167.0800018310547,150.33656311035156,1155200
2023-07-03,166.80999755859375,168.3800048828125,166.02999877929688,167.4499969482422,150.66946411132812,631000
2023-07-05,167.0,167.91000366210938,164.83999633789062,164.9499969482422,148.4199981689453,1445500
2023-07-06,163.72999572753906,164.5,162.3300018310547,164.11000061035156,147.66419982910156,1174000
2023-07-07,162.67999267578125,164.88999938964844,161.92999267578125,163.4499969482422,148.2537841796875,928000
2023-07-10,163.6300048828125,166.5,163.47999572753906,165.9499969482422,150.52130126953125,1091200
2023-07-11,166.77999877929688,167.33999633789062,165.99000549316406,166.55999755859375,151.07461547851562,850400
2023-07-12,167.35000610351562,168.0,166.44000244140625,166.86000061035156,151.3467254638672,1029500
2023-07-13,167.55999755859375,169.3000030517578,167.1199951171875,168.4600067138672,152.79795837402344,917800
2023-07-14,168.47999572753906,168.47999572753906,166.58999633789062,167.44000244140625,151.872802734375,946400
2023-07-17,167.86000061035156,169.72000122070312,167.85000610351562,169.25,153.51454162597656,853200
2023-07-18,167.4199981689453,170.41000366210938,166.05999755859375,170.08999633789062,154.27639770507812,951200
2023-07-19,170.7100067138672,172.0500030517578,169.77999877929688,171.4499969482422,155.50999450683594,904600
2023-07-20,171.9600067138672,172.8300018310547,170.66000366210938,172.17999267578125,156.17210388183594,1002700
2023-07-21,173.05999755859375,173.05999755859375,170.33999633789062,170.3699951171875,154.53041076660156,1140900
2023-07-24,170.8800048828125,171.36000061035156,169.17999267578125,170.0800018310547,154.267333984375,1088600
2023-07-25,169.25,170.05999755859375,167.1300048828125,167.82000732421875,152.21746826171875,1033600
2023-07-26,168.02000427246094,169.1999969482422,167.0800018310547,169.02000427246094,153.30587768554688,881900
2023-07-27,168.6199951171875,171.3000030517578,168.33999633789062,170.25999450683594,154.4305877685547,904700
2023-07-28,171.44000244140625,172.14999389648438,167.08999633789062,167.52000427246094,151.9453582763672,921700
2023-07-31,167.83999633789062,169.72999572753906,167.60000610351562,168.9199981689453,153.2152099609375,2898500
2023-08-01,168.5,168.63999938964844,166.1199951171875,166.3800048828125,150.91136169433594,1380500
2023-08-02,165.1699981689453,166.3300018310547,164.11000061035156,164.1300048828125,148.87054443359375,1107900
2023-08-03,163.3800048828125,164.0500030517578,162.38999938964844,162.92999267578125,147.7821044921875,1248100
2023-08-04,163.5800018310547,163.94000244140625,161.9199981689453,162.4499969482422,147.3467254638672,1002500
2023-08-07,162.99000549316406,164.99000549316406,162.61000061035156,164.7899932861328,149.46917724609375,1027900
2023-08-08,163.97999572753906,165.5399932861328,163.6300048828125,164.7899932861328,149.46917724609375,1091800
2023-08-09,164.52999877929688,165.10000610351562,163.6199951171875,163.92999267578125,148.68911743164062,741900
2023-08-10,164.32000732421875,166.32000732421875,163.27000427246094,163.57000732421875,148.36260986328125,689600
2023-08-11,163.05999755859375,163.19000244140625,159.6199951171875,160.49000549316406,145.5689697265625,1169100
2023-08-14,160.10000610351562,161.2899932861328,159.6999969482422,161.25999450683594,146.26736450195312,1238600
2023-08-15,160.41000366210938,162.11000061035156,160.22999572753906,161.72999572753906,146.6936798095703,901600
2023-08-16,161.32000732421875,162.1699981689453,159.85000610351562,160.32000732421875,145.41476440429688,914200
2023-08-17,161.05999755859375,161.5,158.49000549316406,158.88999938964844,144.11769104003906,1238600
2023-08-18,158.0,159.47000122070312,157.6999969482422,158.47000122070312,143.73675537109375,2383000
2023-08-21,158.72999572753906,159.00999450683594,154.17999267578125,155.2899932861328,140.8524169921875,1372900
2023-08-22,155.41000366210938,156.2899932861328,154.30999755859375,156.00999450683594,141.50546264648438,936300
2023-08-23,156.05999755859375,157.19000244140625,154.77000427246094,156.3000030517578,141.7685089111328,814900
2023-08-24,155.88999938964844,156.91000366210938,155.22999572753906,155.5800018310547,141.11544799804688,523900
2023-08-25,156.3300018310547,156.5800018310547,155.50999450683594,155.99000549316406,141.48733520507812,694800
2023-08-28,155.8800048828125,156.39999389648438,154.57000732421875,155.16000366210938,140.73448181152344,942600
2023-08-29,154.36000061035156,155.9499969482422,154.36000061035156,155.82000732421875,141.33314514160156,907900
2023-08-30,155.8800048828125,157.49000549316406,155.8800048828125,157.13999938964844,142.5303955078125,682900
2023-08-31,157.42999267578125,157.5,155.47000122070312,155.50999450683594,141.0519561767578,873700
2023-09-01,156.25999450683594,157.16000366210938,154.0500030517578,155.55999755859375,141.09730529785156,866400
2023-09-05,155.41000366210938,155.41000366210938,150.17999267578125,150.6999969482422,136.6891632080078,1320400
2023-09-06,150.80999755859375,151.47000122070312,148.86000061035156,148.9499969482422,135.10186767578125,1353800
2023-09-07,148.89999389648438,150.52000427246094,148.69000244140625,149.86000061035156,135.92723083496094,1141100
2023-09-08,149.8300018310547,150.97000122070312,149.1699981689453,149.44000244140625,135.54629516601562,862300
2023-09-11,149.77999877929688,150.1300048828125,147.5800018310547,148.08999633789062,134.32180786132812,1293700
2023-09-12,148.0,149.83999633789062,147.25,149.74000549316406,135.81842041015625,1081400
2023-09-13,148.99000549316406,150.02000427246094,148.02999877929688,148.80999755859375,134.97486877441406,1150900
2023-09-14,149.52000427246094,151.94000244140625,148.85000610351562,151.82000732421875,137.7050323486328,955300
2023-09-15,151.0,151.16000366210938,149.85000610351562,150.05999755859375,136.10865783691406,1329900
2023-09-18,150.50999450683594,151.0800018310547,148.5,149.10000610351562,135.23789978027344,1233800
2023-09-19,148.74000549316406,149.8699951171875,148.3000030517578,149.7100067138672,135.79119873046875,1323600
2023-09-20,150.33999633789062,152.0,149.10000610351562,149.4600067138672,135.564453125,1932600
2023-09-21,149.52999877929688,150.94000244140625,145.25,145.49000549316406,131.96356201171875,2464400
2023-09-22,145.5500030517578,145.83999633789062,143.3699951171875,143.5,130.15853881835938,1632500
2023-09-25,142.58999633789062,143.7899932861328,141.1199951171875,141.27000427246094,128.13584899902344,1356200
2023-09-26,140.63999938964844,142.49000549316406,140.63999938964844,141.36000061035156,128.2174835205078,1430800
2023-09-27,141.5800018310547,142.55999755859375,140.17999267578125,141.42999267578125,128.28099060058594,1199400
2023-09-28,141.8000030517578,143.88999938964844,140.83999633789062,143.10000610351562,129.79574584960938,925200
2023-09-29,143.99000549316406,144.58999633789062,143.02000427246094,143.22000122070312,129.9045867919922,989400
2023-10-02,142.6999969482422,143.5,141.75,142.41000366210938,129.1698760986328,1178800
2023-10-03,141.10000610351562,142.05999755859375,139.24000549316406,139.8300018310547,126.82975769042969,1317700
2023-10-04,140.32000732421875,141.66000366210938,139.6699981689453,141.1999969482422,128.0723876953125,983900
2023-10-05,141.5500030517578,142.22999572753906,140.82000732421875,141.11000061035156,127.99075317382812,986200
2023-10-06,139.41000366210938,139.86000061035156,136.41000366210938,136.94000244140625,125.37235260009766,1597800
2023-10-09,135.94000244140625,137.49000549316406,135.13999938964844,137.0800018310547,125.50053405761719,1209500
2023-10-10,137.50999450683594,138.8800048828125,137.0399932861328,138.2100067138672,126.53507232666016,989700
2023-10-11,138.3000030517578,138.5399932861328,136.27999877929688,137.52000427246094,125.9033432006836,1125800
2023-10-12,138.00999450683594,138.00999450683594,133.75,134.25,122.90955352783203,1102300
2023-10-13,133.91000366210938,134.77000427246094,133.36000061035156,134.0,122.6806869506836,1340000
2023-10-16,135.61000061035156,139.02000427246094,134.92999267578125,138.80999755859375,127.08438110351562,1576400
2023-10-17,138.86000061035156,141.25,138.2899932861328,140.80999755859375,128.91543579101562,1160700
2023-10-18,140.2899932861328,141.77999877929688,140.07000732421875,140.72000122070312,128.83303833007812,1084500
2023-10-19,142.2899932861328,144.2100067138672,141.22999572753906,142.25999450683594,130.242919921875,1338900
2023-10-20,142.3800048828125,142.5,140.6199951171875,140.6699981689453,128.78726196289062,812500
2023-10-23,140.11000061035156,142.5500030517578,139.4199981689453,141.77999877929688,129.80349731445312,1179900
2023-10-24,142.6999969482422,143.1699981689453,141.02999877929688,142.08999633789062,130.0873260498047,1191700
2023-10-25,142.00999450683594,143.11000061035156,141.7100067138672,142.1999969482422,130.18798828125,1160800
2023-10-26,143.2899932861328,143.9499969482422,141.89999389648438,142.19000244140625,130.17889404296875,917800
2023-10-27,142.6199951171875,145.52999877929688,142.3699951171875,142.49000549316406,130.45352172851562,1031200
2023-10-30,143.50999450683594,144.77000427246094,142.66000366210938,143.35000610351562,131.2408905029297,1142100
2023-10-31,144.10000610351562,145.8800048828125,142.88999938964844,145.52999877929688,133.23672485351562,1049900
2023-11-01,146.64999389648438,146.9199981689453,144.5800018310547,145.66000366210938,133.35574340820312,1337800
2023-11-02,146.69000244140625,148.22999572753906,146.4499969482422,146.8800048828125,134.47267150878906,894600
2023-11-03,147.47999572753906,151.14999389648438,147.42999267578125,150.7100067138672,137.97914123535156,1119100
2023-11-06,149.77000427246094,150.86000061035156,148.69000244140625,149.2899932861328,136.67909240722656,1587200
2023-11-07,149.27999877929688,149.27999877929688,147.88999938964844,148.5399932861328,135.99246215820312,624500
2023-11-08,148.6199951171875,149.4600067138672,147.27999877929688,147.6699981689453,135.19595336914062,789300
2023-11-09,148.32000732421875,149.08999633789062,147.52999877929688,148.16000366210938,135.6445770263672,540500
2023-11-10,148.57000732421875,150.32000732421875,148.0,150.10000610351562,137.420654296875,756200
2023-11-13,149.74000549316406,151.55999755859375,149.66000366210938,151.25,138.47352600097656,781700
2023-11-14,152.47999572753906,154.86000061035156,152.0399932861328,154.7899932861328,141.71450805664062,800500
2023-11-15,155.0,155.97000122070312,154.8300018310547,155.82000732421875,142.65750122070312,902100
2023-11-16,156.0399932861328,157.32000732421875,155.1999969482422,155.67999267578125,142.52931213378906,813800
2023-11-17,156.3800048828125,156.47000122070312,155.5500030517578,155.86000061035156,142.69412231445312,784300
2023-11-20,155.3699951171875,155.82000732421875,153.52999877929688,154.02999877929688,141.01870727539062,801000
2023-11-21,154.2100067138672,155.4600067138672,153.75,154.83999633789062,141.76025390625,641400
2023-11-22,155.75999450683594,158.6999969482422,155.75,156.47000122070312,143.25259399414062,769300
2023-11-24,156.41000366210938,157.25,155.3699951171875,156.00999450683594,142.83143615722656,399400
2023-11-27,155.6999969482422,157.47999572753906,155.5500030517578,156.74000549316406,143.49981689453125,757100
2023-11-28,156.5500030517578,156.6999969482422,154.99000549316406,155.42999267578125,142.30043029785156,754600
2023-11-29,156.25999450683594,156.25999450683594,154.47999572753906,155.72999572753906,142.5750732421875,785200
2023-11-30,155.6300048828125,156.69000244140625,154.02000427246094,156.47000122070312,143.25259399414062,767300
2023-12-01,156.47999572753906,160.2100067138672,156.19000244140625,159.91000366210938,146.40200805664062,803300
2023-12-04,159.5,161.66000366210938,159.00999450683594,161.0,147.39991760253906,1026500
2023-12-05,160.6300048828125,161.33999633789062,159.58999633789062,160.0399932861328,146.5210418701172,725100
2023-12-06,161.10000610351562,162.5,160.91000366210938,161.25999450683594,147.63795471191406,749500
2023-12-07,161.7899932861328,161.7899932861328,160.27999877929688,161.08999633789062,147.48233032226562,810000
2023-12-08,161.0399932861328,161.3699951171875,158.57000732421875,158.9499969482422,145.52310180664062,781200
2023-12-11,160.0800018310547,161.6199951171875,158.77999877929688,161.1999969482422,147.58303833007812,978700
2023-12-12,161.60000610351562,162.1300048828125,160.33999633789062,161.0800018310547,147.47317504882812,785700
2023-12-13,158.92999267578125,162.82000732421875,158.92999267578125,162.4600067138672,148.73658752441406,967500
2023-12-14,163.69000244140625,164.27999877929688,161.5399932861328,163.08999633789062,149.31336975097656,1892900
2023-12-15,155.39999389648438,163.16000366210938,153.50999450683594,162.49000549316406,148.76406860351562,3402900
2023-12-18,163.16000366210938,167.24000549316406,162.25,167.1699981689453,153.04872131347656,1447800
2023-12-19,167.77999877929688,168.3000030517578,165.0,165.4600067138672,151.4832000732422,1175900
2023-12-20,164.9600067138672,165.3300018310547,161.92999267578125,162.13999938964844,148.44363403320312,1073200
2023-12-21,163.7100067138672,163.7100067138672,161.6300048828125,162.2100067138672,148.50772094726562,826000
2023-12-22,162.08999633789062,162.5,161.0,161.83999633789062,148.16896057128906,745800
2023-12-26,161.75,164.10000610351562,161.75,163.99000549316406,150.13739013671875,622400
2023-12-27,164.1199951171875,164.1199951171875,162.47000122070312,163.5500030517578,149.7345428466797,812600
2023-12-28,163.6300048828125,164.74000549316406,163.47999572753906,164.27000427246094,150.39370727539062,744500
2023-12-29,164.19000244140625,164.7100067138672,163.57000732421875,164.3000030517578,150.42117309570312,772200
2024-01-02,163.42999267578125,165.6699981689453,162.19000244140625,162.27999877929688,148.57183837890625,1298400
2024-01-03,162.75999450683594,163.0,160.30999755859375,160.39999389648438,146.85060119628906,1146300
2024-01-04,160.4499969482422,161.66000366210938,160.27999877929688,161.0,147.39991760253906,1024500
2024-01-05,161.14999389648438,162.17999267578125,160.75999450683594,162.0800018310547,148.38870239257812,1003400
2024-01-08,162.3699951171875,164.05999755859375,160.7899932861328,163.9499969482422,150.10073852539062,1297700
2024-01-09,161.0,162.02000427246094,160.33999633789062,161.60000610351562,149.1409149169922,888500
2024-01-10,161.49000549316406,161.85000610351562,159.2899932861328,161.0399932861328,148.6240997314453,881600
2024-01-11,160.6699981689453,161.1300048828125,156.74000549316406,159.99000549316406,147.65505981445312,1161900
2024-01-12,160.2899932861328,160.2899932861328,157.0,157.1300048828125,145.0155792236328,976600
2024-01-16,156.52999877929688,157.22999572753906,154.74000549316406,157.1699981689453,145.05247497558594,1428600
2024-01-17,156.49000549316406,158.3699951171875,155.66000366210938,157.7100067138672,145.5508270263672,904900
2024-01-18,158.42999267578125,160.2100067138672,157.14999389648438,159.9199981689453,147.59043884277344,848600
2024-01-19,160.36000061035156,160.36000061035156,157.66000366210938,159.24000549316406,146.96287536621094,1004600
2024-01-22,159.6300048828125,161.92999267578125,159.02000427246094,161.58999633789062,149.13168334960938,1119300
2024-01-23,162.16000366210938,163.07000732421875,160.82000732421875,161.66000366210938,149.19630432128906,794200
2024-01-24,162.05999755859375,162.58999633789062,159.97999572753906,161.66000366210938,149.19630432128906,1184500
2024-01-25,162.2100067138672,162.91000366210938,161.11000061035156,162.1199951171875,149.62081909179688,851400
2024-01-26,162.5,162.91000366210938,160.61000061035156,160.99000549316406,148.5779571533203,556100
2024-01-29,161.0800018310547,163.6199951171875,160.5800018310547,163.6199951171875,151.00518798828125,889700
2024-01-30,163.22000122070312,163.97000122070312,162.1999969482422,163.7899932861328,151.16207885742188,1004100
2024-01-31,164.86000061035156,165.67999267578125,162.24000549316406,162.5800018310547,150.0453643798828,1033700
2024-02-01,163.22999572753906,167.22999572753906,162.50999450683594,167.22999572753906,154.33682250976562,1108300
2024-02-02,166.38999938964844,167.4199981689453,164.3000030517578,166.52000427246094,153.6815948486328,881000
2024-02-05,165.38999938964844,165.61000061035156,162.91000366210938,164.50999450683594,151.8265838623047,845400
2024-02-06,164.42999267578125,167.67999267578125,163.94000244140625,165.9199981689453,153.12786865234375,1065800
2024-02-07,166.75999450683594,168.32000732421875,165.9499969482422,166.0399932861328,153.23861694335938,978200
2024-02-08,167.0399932861328,169.0,166.05999755859375,168.17999267578125,155.21359252929688,586400
2024-02-09,167.9600067138672,168.5,167.16000366210938,167.66000366210938,154.73373413085938,574800
2024-02-12,167.5,167.94000244140625,164.8000030517578,165.35000610351562,152.601806640625,1081700
2024-02-13,163.33999633789062,163.33999633789062,160.85000610351562,162.2899932861328,149.7777099609375,976900
2024-02-14,162.61000061035156,162.61000061035156,160.0,161.14999389648438,148.72561645507812,877800
2024-02-15,161.77000427246094,163.1699981689453,160.5399932861328,162.3800048828125,149.8607940673828,787300
2024-02-16,161.82000732421875,165.36000061035156,161.75999450683594,162.4600067138672,149.93463134765625,998700
2024-02-20,161.8800048828125,167.0399932861328,161.8800048828125,165.30999755859375,152.56488037109375,1567500
2024-02-21,165.4600067138672,167.60000610351562,165.4499969482422,166.44000244140625,153.6077423095703,964100
2024-02-22,167.60000610351562,168.91000366210938,166.97999572753906,168.47000122070312,155.48126220703125,1283400
2024-02-23,168.0399932861328,169.82000732421875,168.0399932861328,169.50999450683594,156.44105529785156,872600
2024-02-26,170.0,170.9499969482422,169.44000244140625,169.5399932861328,156.46873474121094,1147700
2024-02-27,169.69000244140625,170.80999755859375,168.97999572753906,169.52999877929688,156.45953369140625,1336000
2024-02-28,169.47000122070312,170.92999267578125,169.08999633789062,170.4499969482422,157.30859375,941700
2024-02-29,171.4199981689453,171.4199981689453,168.8699951171875,170.7100067138672,157.54856872558594,1544000
2024-03-01,170.6199951171875,171.35000610351562,169.0399932861328,171.2899932861328,158.0838165283203,866100
2024-03-04,172.5,176.83999633789062,171.97999572753906,174.0500030517578,160.6310577392578,1542000
2024-03-05,173.8000030517578,176.0800018310547,173.44000244140625,174.41000366210938,160.96328735351562,899000
2024-03-06,174.02000427246094,176.05999755859375,173.80999755859375,175.88999938964844,162.32920837402344,799500
2024-03-07,175.92999267578125,176.11000061035156,172.32000732421875,173.19000244140625,159.8373565673828,1275300
2024-03-08,172.75,173.64999389648438,171.2100067138672,171.57000732421875,158.34225463867188,870500
2024-03-11,170.89999389648438,172.5800018310547,170.36000061035156,171.80999755859375,158.56375122070312,853900
2024-03-12,171.3800048828125,172.9600067138672,171.22999572753906,172.32000732421875,159.034423828125,805300
2024-03-13,172.8000030517578,175.41000366210938,172.8000030517578,174.57000732421875,161.1109619140625,1080500
2024-03-14,174.41000366210938,174.6999969482422,170.75,171.77000427246094,158.52685546875,889900
2024-03-15,170.9199981689453,173.8000030517578,170.9199981689453,171.9600067138672,158.7021942138672,2552500
2024-03-18,171.0,173.75,171.0,172.8699951171875,159.54202270507812,1195900
2024-03-19,173.13999938964844,174.42999267578125,172.66000366210938,174.08999633789062,160.66796875,1121400
2024-03-20,174.27999877929688,175.1199951171875,173.80999755859375,174.5800018310547,161.1201934814453,1359300
2024-03-21,164.72999572753906,168.0800018310547,162.2100067138672,163.24000549316406,150.6544647216797,3891900
2024-03-22,164.10000610351562,165.6699981689453,162.5399932861328,165.11000061035156,152.38031005859375,1675900
2024-03-25,164.2100067138672,164.83999633789062,162.0500030517578,162.6999969482422,150.15609741210938,2116200
2024-03-26,163.38999938964844,164.77999877929688,162.3699951171875,163.5,150.89443969726562,1309300
2024-03-27,163.85000610351562,166.97999572753906,163.85000610351562,166.97000122070312,154.09689331054688,1129100
2024-03-28,167.4499969482422,168.0,166.91000366210938,167.14999389648438,154.26303100585938,975000
2024-04-01,166.6999969482422,167.75999450683594,165.2100067138672,167.24000549316406,154.3461151123047,1478900
2024-04-02,166.74000549316406,167.16000366210938,163.47999572753906,163.97999572753906,151.33741760253906,1072000
2024-04-03,163.99000549316406,164.61000061035156,162.6999969482422,162.97999572753906,150.4145050048828,1230700
2024-04-04,163.8800048828125,165.5,157.99000549316406,158.50999450683594,146.28915405273438,1827400
2024-04-05,158.10000610351562,158.16000366210938,156.25,156.35000610351562,144.29568481445312,1467800
2024-04-08,156.4199981689453,158.77000427246094,156.4199981689453,157.94000244140625,145.76309204101562,1484400
2024-04-09,156.8800048828125,158.39999389648438,156.22000122070312,158.30999755859375,147.3265380859375,927100
2024-04-10,156.6300048828125,156.6300048828125,154.88999938964844,155.89999389648438,145.083740234375,1089800
2024-04-11,156.25999450683594,156.41000366210938,153.30999755859375,155.00999450683594,144.25547790527344,1290600
2024-04-12,154.30999755859375,154.55999755859375,151.5399932861328,153.0500030517578,142.43148803710938,1423500
2024-04-15,153.63999938964844,155.25999450683594,153.41000366210938,154.05999755859375,143.37139892578125,1126600
2024-04-16,153.94000244140625,155.00999450683594,152.44000244140625,154.13999938964844,143.44586181640625,1066500
2024-04-17,154.77000427246094,155.22999572753906,152.27999877929688,152.97000122070312,142.35702514648438,1093800
2024-04-18,154.00999450683594,154.00999450683594,152.05999755859375,152.2899932861328,141.7241973876953,890300
2024-04-19,152.38999938964844,153.80999755859375,152.27999877929688,152.5,141.91964721679688,960600
2024-04-22,153.27000427246094,155.24000549316406,152.67999267578125,154.5500030517578,143.82740783691406,1235400
2024-04-23,155.38999938964844,156.35000610351562,154.60000610351562,155.89999389648438,145.083740234375,876700
2024-04-24,155.4499969482422,156.9199981689453,155.3300018310547,156.61000061035156,145.74447631835938,970000
2024-04-25,156.27000427246094,157.30999755859375,154.75,156.5399932861328,145.6793212890625,1550700
2024-04-26,155.8300018310547,158.19000244140625,155.80999755859375,156.10000610351562,145.26986694335938,886600
2024-04-29,156.91000366210938,157.02999877929688,155.1199951171875,155.49000549316406,144.70217895507812,960700
2024-04-30,154.5800018310547,155.3000030517578,153.27000427246094,153.41000366210938,142.7665252685547,1329700
2024-05-01,152.5,153.0,149.74000549316406,151.14999389648438,140.6632843017578,1556900
2024-05-02,151.69000244140625,151.69000244140625,147.4600067138672,147.86000061035156,137.6015625,2574600
2024-05-03,148.7899932861328,149.77999877929688,147.77000427246094,149.25,138.89511108398438,1864300
2024-05-06,149.6999969482422,150.3800048828125,147.22999572753906,147.47999572753906,137.2479248046875,1545200
2024-05-07,147.66000366210938,148.67999267578125,146.25,147.02999877929688,136.82913208007812,1557800
2024-05-08,146.25,148.0500030517578,145.77000427246094,147.97999572753906,137.7132110595703,1226000
2024-05-09,148.0500030517578,148.38999938964844,146.36000061035156,146.9199981689453,136.72677612304688,950100
2024-05-10,147.27000427246094,149.2899932861328,147.27000427246094,148.25,137.96449279785156,1082400
2024-05-13,148.5800018310547,150.00999450683594,148.05999755859375,149.05999755859375,138.71829223632812,1354700
2024-05-14,150.19000244140625,151.4600067138672,148.02999877929688,148.94000244140625,138.6066131591797,1119800
2024-05-15,149.2899932861328,151.92999267578125,148.9600067138672,151.77999877929688,141.2495880126953,1181500
2024-05-16,152.22000122070312,152.7899932861328,150.9199981689453,151.4199981689453,140.91458129882812,1056900
2024-05-17,153.07000732421875,154.08999633789062,151.74000549316406,154.0,143.3155517578125,1191400
2024-05-20,154.0800018310547,154.4199981689453,151.89999389648438,151.97999572753906,141.43572998046875,969300
2024-05-21,152.24000549316406,152.27000427246094,149.5,149.69000244140625,139.30459594726562,942700
2024-05-22,149.16000366210938,149.60000610351562,148.2100067138672,148.7100067138672,138.392578125,1189800
2024-05-23,148.75999450683594,148.8000030517578,146.6300048828125,147.66000366210938,137.4154510498047,921200
2024-05-24,148.27999877929688,148.5500030517578,147.14999389648438,147.60000610351562,137.35958862304688,843700
2024-05-28,147.52000427246094,149.72000122070312,147.17999267578125,148.32000732421875,138.02964782714844,1348700
2024-05-29,147.41000366210938,148.41000366210938,145.75,145.97999572753906,135.85198974609375,964100
2024-05-30,146.74000549316406,148.4199981689453,146.22000122070312,148.0500030517578,137.7783660888672,753800
2024-05-31,148.11000061035156,150.47000122070312,147.61000061035156,150.38999938964844,139.95603942871094,1532500
2024-06-03,149.85000610351562,152.44000244140625,149.3800048828125,151.13999938964844,140.6539764404297,932200
2024-06-04,150.47999572753906,151.4600067138672,149.6300048828125,149.80999755859375,139.416259765625,790500
2024-06-05,149.72000122070312,151.0,147.74000549316406,150.61000061035156,140.1607666015625,822600
2024-06-06,150.25,151.3699951171875,149.60000610351562,150.11000061035156,139.69544982910156,710600
2024-06-07,149.2100067138672,150.6300048828125,148.22999572753906,148.5399932861328,138.23439025878906,937500
2024-06-10,148.39999389648438,148.85000610351562,147.25,147.67999267578125,137.43405151367188,930300
2024-06-11,147.02000427246094,147.16000366210938,145.75999450683594,146.61000061035156,136.4382781982422,920300
2024-06-12,147.63999938964844,148.8800048828125,146.86000061035156,147.19000244140625,136.97802734375,1320200
2024-06-13,145.58999633789062,147.63999938964844,145.30999755859375,147.47999572753906,137.2479248046875,1208300
2024-06-14,146.82000732421875,148.8000030517578,146.19000244140625,148.77999877929688,138.4577178955078,1229200
2024-06-17,148.80999755859375,154.5500030517578,148.58999633789062,153.5800018310547,142.9247283935547,2551000
2024-06-18,153.49000549316406,154.86000061035156,151.6699981689453,151.9600067138672,141.41708374023438,2335400
2024-06-20,157.47999572753906,158.0,151.80999755859375,154.2899932861328,143.58543395996094,2727600
2024-06-21,155.0,155.0,151.75,153.27999877929688,142.64552307128906,2642700
2024-06-24,153.30999755859375,154.94000244140625,152.3000030517578,154.1300048828125,143.4365692138672,1605100
2024-06-25,154.3300018310547,155.02999877929688,152.4600067138672,153.08999633789062,142.4687042236328,1009700
2024-06-26,152.17999267578125,152.38999938964844,150.25999450683594,152.1300048828125,141.57530212402344,959300
2024-06-27,152.35000610351562,153.11000061035156,150.4600067138672,152.1199951171875,141.5659942626953,1104500
2024-06-28,152.39999389648438,153.75,150.9499969482422,151.32000732421875,140.82151794433594,1701200
2024-07-01,151.80999755859375,151.80999755859375,147.7100067138672,148.3300018310547,138.03897094726562,898900
2024-07-02,148.67999267578125,149.0,146.52999877929688,146.77000427246094,136.58718872070312,1066300
2024-07-03,145.5399932861328,146.67999267578125,144.6699981689453,145.4199981689453,135.3308563232422,603900
2024-07-05,145.1300048828125,145.5,144.25,145.22000122070312,135.1447296142578,952800
2024-07-08,146.27999877929688,146.55999755859375,144.5,144.7899932861328,134.7445526123047,910700
2024-07-09,144.5,144.9600067138672,140.19000244140625,140.2899932861328,130.55674743652344,1517400
2024-07-10,138.97999572753906,139.1999969482422,136.9199981689453,138.05999755859375,129.77655029296875,2387000
2024-07-11,136.02999877929688,140.47999572753906,135.8699951171875,139.9600067138672,131.56256103515625,1473600
2024-07-12,140.72000122070312,142.9499969482422,140.2100067138672,142.27000427246094,133.7339630126953,1226800
2024-07-15,142.89999389648438,144.11000061035156,142.19000244140625,143.27000427246094,134.67398071289062,1299900
2024-07-16,143.42999267578125,145.82000732421875,142.57000732421875,145.32000732421875,136.60096740722656,1190400
2024-07-17,144.85000610351562,148.66000366210938,144.85000610351562,147.35000610351562,138.5091552734375,1171000
2024-07-18,145.61000061035156,146.1999969482422,141.67999267578125,142.8699951171875,134.29795837402344,1681700
2024-07-19,143.36000061035156,143.36000061035156,141.19000244140625,142.86000061035156,134.28855895996094,1008300
2024-07-22,142.88999938964844,143.7100067138672,139.97999572753906,143.60000610351562,134.98416137695312,1320500
2024-07-23,142.5399932861328,143.8000030517578,140.13999938964844,140.1999969482422,131.78814697265625,1477900
2024-07-24,140.05999755859375,140.14999389648438,138.2100067138672,139.42999267578125,131.06434631347656,1430900
2024-07-25,139.63999938964844,142.3699951171875,139.1199951171875,141.89999389648438,133.38613891601562,1352100
2024-07-26,143.0,143.72000122070312,141.8800048828125,142.27000427246094,133.7339630126953,1185700
2024-07-29,142.25,146.80999755859375,141.02000427246094,146.75,137.94517517089844,1486100
2024-07-30,146.86000061035156,148.9199981689453,145.6699981689453,148.13999938964844,139.25177001953125,1180600
2024-07-31,148.11000061035156,148.22000122070312,146.02999877929688,146.2899932861328,137.51275634765625,1841500
2024-08-01,147.02999877929688,147.25999450683594,142.8699951171875,145.35000610351562,136.629150390625,1613800
2024-08-02,145.0,145.0,141.22000122070312,144.02999877929688,135.38833618164062,2066700
2024-08-05,141.8000030517578,143.0500030517578,140.10000610351562,141.22000122070312,132.7469482421875,1662200
2024-08-06,141.91000366210938,144.55999755859375,141.63999938964844,143.47000122070312,134.86196899414062,1203000
2024-08-07,142.9600067138672,145.25999450683594,141.66000366210938,141.86000061035156,133.34857177734375,1665600
2024-08-08,141.83999633789062,145.0,141.61000061035156,144.49000549316406,135.8207550048828,936500
2024-08-09,144.6699981689453,144.80999755859375,142.67999267578125,143.10000610351562,134.51416015625,954300
2024-08-12,143.19000244140625,143.6300048828125,141.55999755859375,142.0800018310547,133.5553741455078,601300
2024-08-13,142.47000122070312,145.05999755859375,142.1699981689453,144.1999969482422,135.54815673828125,760700
2024-08-14,143.44000244140625,143.44000244140625,140.5,140.82000732421875,132.37095642089844,1063800
2024-08-15,142.19000244140625,144.8699951171875,141.82000732421875,144.25,135.59515380859375,955500
2024-08-16,143.83999633789062,144.66000366210938,143.0800018310547,143.36000061035156,134.75857543945312,768100
2024-08-19,143.9199981689453,149.86000061035156,143.91000366210938,149.67999267578125,140.69935607910156,1517200
2024-08-20,151.5,157.3000030517578,151.0,155.14999389648438,145.8411865234375,3235600
2024-08-21,155.77000427246094,156.3000030517578,154.72999572753906,155.6300048828125,146.2923583984375,1196000
2024-08-22,155.69000244140625,156.5800018310547,153.22999572753906,153.89999389648438,144.66616821289062,902100
2024-08-23,154.9600067138672,156.02999877929688,153.75,154.07000732421875,144.8259735107422,969300
2024-08-26,154.38999938964844,157.11000061035156,154.38999938964844,156.1999969482422,146.8281707763672,962700
2024-08-27,155.9199981689453,156.8699951171875,155.30999755859375,156.74000549316406,147.33578491210938,767900
2024-08-28,156.1300048828125,157.88999938964844,155.63999938964844,156.9600067138672,147.54257202148438,1275000
2024-08-29,157.5,158.74000549316406,155.77999877929688,156.75,147.34518432617188,1308800
2024-08-30,156.8800048828125,158.64999389648438,156.8800048828125,158.14999389648438,148.6611785888672,1103500
2024-09-03,157.7899932861328,159.2899932861328,157.3000030517578,158.25,148.75515747070312,1064200
2024-09-04,158.24000549316406,159.75,158.0,159.35000610351562,149.7891845703125,1002700
2024-09-05,160.0,160.38999938964844,157.5800018310547,157.94000244140625,148.46376037597656,1208500
2024-09-06,158.97999572753906,160.63999938964844,156.9499969482422,157.42999267578125,147.98434448242188,1150700
2024-09-09,156.55999755859375,157.5,155.41000366210938,156.7100067138672,147.3075714111328,1203200
2024-09-10,156.97000122070312,157.8000030517578,155.00999450683594,155.61000061035156,146.27357482910156,841900
2024-09-11,155.58999633789062,157.61000061035156,153.97999572753906,157.44000244140625,147.9937744140625,1273200
2024-09-12,157.89999389648438,159.1999969482422,156.47000122070312,158.50999450683594,148.9995574951172,592700
2024-09-13,159.0,160.94000244140625,158.91000366210938,160.25,150.63519287109375,1034200
2024-09-16,161.30999755859375,162.5399932861328,159.6999969482422,160.13999938964844,150.5317840576172,1430400
2024-09-17,160.66000366210938,162.7100067138672,160.58999633789062,161.52999877929688,151.83839416503906,1114900
2024-09-18,162.3300018310547,162.49000549316406,158.97999572753906,159.13999938964844,149.59178161621094,1256300
2024-09-19,173.50999450683594,173.74000549316406,167.17999267578125,172.27000427246094,161.9340057373047,3660900
2024-09-20,172.6699981689453,172.6699981689453,169.0,170.1699981689453,159.95997619628906,2870800
2024-09-23,172.00999450683594,173.27000427246094,170.77999877929688,172.74000549316406,162.37579345703125,1801000
2024-09-24,173.0,173.75,171.02000427246094,171.11000061035156,160.84359741210938,1219300
2024-09-25,171.35000610351562,171.35000610351562,167.7100067138672,168.11000061035156,158.02357482910156,2012200
2024-09-26,168.8800048828125,169.52999877929688,167.16000366210938,167.9499969482422,157.87318420410156,1301500
2024-09-27,168.05999755859375,168.33999633789062,165.9199981689453,166.7100067138672,156.70761108398438,1447800
2024-09-30,166.8300018310547,167.30999755859375,163.1699981689453,164.1300048828125,154.28237915039062,1357300
2024-10-01,164.1699981689453,164.9600067138672,162.97000122070312,164.1199951171875,154.2729949951172,1345200
2024-10-02,162.72999572753906,163.35000610351562,160.8000030517578,162.6999969482422,152.93817138671875,1371300
2024-10-03,161.6699981689453,162.35000610351562,160.19000244140625,161.83999633789062,152.12977600097656,1149000
2024-10-04,163.14999389648438,164.86000061035156,163.10000610351562,164.83999633789062,154.9497833251953,1039300
2024-10-07,163.0800018310547,163.5399932861328,158.49000549316406,159.5500030517578,149.97718811035156,1269100
2024-10-08,161.33999633789062,161.33999633789062,158.82000732421875,159.1300048828125,149.58238220214844,1024100
2024-10-09,158.99000549316406,159.25999450683594,157.69000244140625,158.55999755859375,149.0465850830078,1179900
2024-10-10,156.77999877929688,157.85000610351562,155.17999267578125,155.92999267578125,147.88006591796875,931200
2024-10-11,156.63999938964844,157.99000549316406,156.4600067138672,156.72000122070312,148.62928771972656,889500
2024-10-14,156.42999267578125,157.5500030517578,155.89999389648438,156.94000244140625,148.83795166015625,989600
2024-10-15,157.17999267578125,161.55999755859375,157.00999450683594,160.13999938964844,151.8727569580078,1332300
2024-10-16,160.08999633789062,163.1300048828125,159.82000732421875,162.92999267578125,154.51869201660156,1127400
2024-10-17,162.4499969482422,164.3300018310547,161.80999755859375,164.27000427246094,155.78953552246094,911200
2024-10-18,164.85000610351562,164.85000610351562,163.02999877929688,164.58999633789062,156.09300231933594,723400
2024-10-21,164.66000366210938,165.66000366210938,163.5,164.0399932861328,155.57139587402344,1184700
2024-10-22,162.33999633789062,162.33999633789062,160.38999938964844,161.1199951171875,152.8021240234375,774300
2024-10-23,160.3000030517578,163.22999572753906,159.0500030517578,162.36000061035156,153.9781036376953,1373400
2024-10-24,163.27999877929688,163.80999755859375,161.57000732421875,162.57000732421875,154.1772918701172,788800
2024-10-25,162.6300048828125,162.92999267578125,159.6300048828125,159.9199981689453,151.66409301757812,691300
2024-10-28,162.00999450683594,163.0,160.22000122070312,162.1999969482422,153.82640075683594,937100
2024-10-29,161.0500030517578,162.74000549316406,159.5,161.94000244140625,153.57981872558594,864800
2024-10-30,162.80999755859375,163.52999877929688,159.77999877929688,160.2100067138672,151.93911743164062,761600
2024-10-31,159.8000030517578,161.75,159.30999755859375,160.02000427246094,151.75894165039062,1112900
2024-11-01,160.3300018310547,161.0399932861328,159.47999572753906,159.64999389648438,151.4080352783203,747700
2024-11-04,159.22000122070312,160.22999572753906,157.88999938964844,158.77000427246094,150.57347106933594,813400
2024-11-05,159.0500030517578,161.85000610351562,157.94000244140625,161.3800048828125,153.04873657226562,1041100
2024-11-06,166.74000549316406,174.32000732421875,166.60000610351562,170.9499969482422,162.1246795654297,1988800
2024-11-07,170.55999755859375,170.8000030517578,167.8000030517578,168.47999572753906,159.78216552734375,1056400
2024-11-08,168.47000122070312,170.58999633789062,167.8300018310547,168.44000244140625,159.74423217773438,920000
2024-11-11,169.47000122070312,171.66000366210938,168.69000244140625,169.25,160.51243591308594,1327300
2024-11-12,169.9199981689453,172.10000610351562,165.6300048828125,167.0800018310547,158.45445251464844,1193700
2024-11-13,167.6199951171875,170.80999755859375,166.75,169.67999267578125,160.92022705078125,1311700
2024-11-14,169.5,171.2100067138672,168.27000427246094,168.69000244140625,159.98133850097656,889600
2024-11-15,168.86000061035156,169.44000244140625,166.3300018310547,166.77999877929688,158.16993713378906,1978800
2024-11-18,166.9499969482422,168.19000244140625,163.89999389648438,164.4499969482422,155.96022033691406,1112100
2024-11-19,162.25,163.66000366210938,160.32000732421875,160.85000610351562,152.54608154296875,1279100
2024-11-20,160.05999755859375,163.05999755859375,159.39999389648438,162.58999633789062,154.1962432861328,1473100
2024-11-21,161.9499969482422,164.8000030517578,161.30999755859375,164.55999755859375,156.06455993652344,1253000
2024-11-22,164.36000061035156,168.47000122070312,163.82000732421875,167.69000244140625,159.03297424316406,1270800
2024-11-25,170.85000610351562,177.5800018310547,170.85000610351562,175.22000122070312,166.17422485351562,1920800
2024-11-26,174.3300018310547,175.07000732421875,171.32000732421875,173.85000610351562,164.87496948242188,996200
2024-11-27,174.32000732421875,176.91000366210938,174.32000732421875,174.97999572753906,165.94662475585938,714200
2024-11-29,175.1300048828125,177.6699981689453,174.82000732421875,176.27000427246094,167.17001342773438,541700
2024-12-02,175.72999572753906,175.72999572753906,171.8000030517578,172.0,163.12046813964844,1148700
2024-12-03,171.61000061035156,172.0800018310547,169.9499969482422,170.77000427246094,161.95394897460938,953400
2024-12-04,170.6999969482422,171.75,170.16000366210938,171.22000122070312,162.3807373046875,768200
2024-12-05,171.74000549316406,173.13999938964844,171.16000366210938,171.1699981689453,162.3333282470703,716100
2024-12-06,172.47000122070312,173.0500030517578,169.5800018310547,169.75,160.9866180419922,1112500
2024-12-09,169.25,169.77999877929688,166.14999389648438,168.63999938964844,159.9339141845703,1376400
2024-12-10,168.05999755859375,170.85000610351562,165.00999450683594,168.30999755859375,159.62095642089844,1284300
2024-12-11,169.19000244140625,169.8699951171875,167.6199951171875,167.8300018310547,159.16574096679688,809900
2024-12-12,167.64999389648438,168.8000030517578,164.3800048828125,164.99000549316406,156.47238159179688,1512200
2024-12-13,165.1999969482422,166.99000549316406,164.38999938964844,166.69000244140625,158.08460998535156,1472700
2024-12-16,166.50999450683594,171.61000061035156,166.50999450683594,167.57000732421875,158.91917419433594,1809800
2024-12-17,167.44000244140625,168.92999267578125,164.24000549316406,165.4600067138672,156.91812133789062,2161900
2024-12-18,164.99000549316406,165.99000549316406,159.6699981689453,159.8699951171875,151.6166534423828,2673000
2024-12-19,177.72000122070312,188.82000732421875,176.83999633789062,183.44000244140625,173.96987915039062,4765800
2024-12-20,183.3699951171875,188.8800048828125,181.0800018310547,187.58999633789062,177.90560913085938,4153200
2024-12-23,187.9499969482422,188.47999572753906,180.47999572753906,184.7899932861328,175.2501678466797,2049000
2024-12-24,185.6699981689453,186.7899932861328,183.33999633789062,186.64999389648438,177.01414489746094,626800
2024-12-26,186.0,188.9499969482422,185.00999450683594,188.66000366210938,178.92039489746094,1209700
2024-12-27,187.1699981689453,189.17999267578125,186.83999633789062,187.5800018310547,177.89613342285156,872800
2024-12-30,185.42999267578125,187.8300018310547,184.85000610351562,186.77000427246094,177.1279754638672,928900
2024-12-31,187.02000427246094,188.4600067138672,185.89999389648438,186.69000244140625,177.0520782470703,834100
2025-01-02,188.47000122070312,188.52000427246094,184.8800048828125,186.50999450683594,176.88137817382812,872600
2025-01-03,186.92999267578125,188.2100067138672,185.9199981689453,187.72000122070312,178.02891540527344,1129400
2025-01-06,187.10000610351562,187.72000122070312,183.52999877929688,183.9600067138672,174.4630126953125,1670900
2025-01-07,185.35000610351562,186.27999877929688,183.67999267578125,184.33999633789062,174.82339477539062,1145600
2025-01-08,183.22000122070312,185.4499969482422,181.9199981689453,183.72999572753906,174.24488830566406,1122200
2025-01-10,180.38999938964844,182.5399932861328,179.14999389648438,180.02000427246094,172.03733825683594,1293300
2025-01-13,179.6999969482422,182.88999938964844,179.0,182.77000427246094,174.6654052734375,1091100
2025-01-14,184.08999633789062,185.27999877929688,181.97000122070312,182.0399932861328,173.96775817871094,1228100
2025-01-15,184.52999877929688,185.0399932861328,180.7899932861328,180.8300018310547,172.81141662597656,880200
2025-01-16,180.6999969482422,182.42999267578125,179.86000061035156,181.05999755859375,173.0312042236328,763300
2025-01-17,182.00999450683594,183.13999938964844,181.00999450683594,181.75,173.69061279296875,940500
2025-01-21,182.4600067138672,187.80999755859375,182.3800048828125,186.49000549316406,178.22044372558594,1839200
2025-01-22,186.64999389648438,187.66000366210938,184.97000122070312,185.64999389648438,177.4176788330078,1047000
2025-01-23,185.08999633789062,186.44000244140625,183.5500030517578,186.1699981689453,177.91461181640625,968000
2025-01-24,184.8000030517578,188.50999450683594,184.02000427246094,187.61000061035156,179.29075622558594,1304800
2025-01-27,188.0,193.1300048828125,188.0,192.6199951171875,184.07859802246094,1353700
2025-01-28,191.8300018310547,194.6999969482422,191.47999572753906,192.39999389648438,183.86834716796875,931900
2025-01-29,193.58999633789062,194.85000610351562,192.52000427246094,193.8000030517578,185.20626831054688,857500
2025-01-30,194.60000610351562,196.64999389648438,194.08999633789062,196.19000244140625,187.4902801513672,769600
2025-01-31,195.13999938964844,196.8000030517578,195.00999450683594,195.24000549316406,186.58242797851562,1508600
2025-02-03,192.50999450683594,199.9499969482422,191.74000549316406,198.6699981689453,189.86032104492188,1324400
2025-02-04,199.32000732421875,200.89999389648438,197.24000549316406,199.55999755859375,190.7108612060547,868400
2025-02-05,199.64999389648438,201.08999633789062,196.5399932861328,200.4199981689453,191.53271484375,974300
2025-02-06,201.4199981689453,201.94000244140625,199.0800018310547,200.42999267578125,191.5422821044922,733100
2025-02-07,199.63999938964844,200.00999450683594,197.0399932861328,197.22000122070312,188.474609375,775300
2025-02-10,198.14999389648438,198.27000427246094,193.75,195.30999755859375,186.64930725097656,882900
2025-02-11,193.05999755859375,194.9199981689453,192.13999938964844,194.1699981689453,185.5598602294922,895500
2025-02-12,193.3699951171875,195.47000122070312,192.0800018310547,194.80999755859375,186.17147827148438,798000
2025-02-13,195.3300018310547,196.30999755859375,192.6199951171875,193.4600067138672,184.88136291503906,908300
2025-02-14,194.0800018310547,194.0800018310547,190.22000122070312,191.19000244140625,182.71202087402344,1149000
2025-02-18,191.05999755859375,200.66000366210938,190.67999267578125,200.39999389648438,191.5135955810547,1928500
2025-02-19,198.60000610351562,199.17999267578125,195.5800018310547,196.85000610351562,188.12103271484375,1551600
2025-02-20,195.83999633789062,197.5,193.24000549316406,195.10000610351562,186.44862365722656,1133500
2025-02-21,195.17999267578125,195.5,190.05999755859375,191.2100067138672,182.7311248779297,1385000
2025-02-24,191.92999267578125,195.38999938964844,190.85000610351562,194.94000244140625,186.2957305908203,1300800
2025-02-25,194.94000244140625,198.64999389648438,194.94000244140625,197.69000244140625,188.9237823486328,1383800
2025-02-26,198.22999572753906,198.22999572753906,192.3800048828125,194.0399932861328,185.43563842773438,1212600
2025-02-27,194.88999938964844,196.33999633789062,193.1199951171875,194.9199981689453,186.276611328125,1257400
2025-02-28,195.30999755859375,200.77999877929688,195.30999755859375,200.4600067138672,191.5709686279297,1132700
2025-03-03,201.58999633789062,203.1199951171875,195.30999755859375,195.91000366210938,187.22271728515625,1578600
2025-03-04,194.42999267578125,195.6999969482422,192.3000030517578,192.72000122070312,184.1741485595703,1241600
2025-03-05,192.63999938964844,195.88999938964844,191.69000244140625,194.6699981689453,186.03770446777344,870300
2025-03-06,192.8800048828125,195.11000061035156,191.6300048828125,192.30999755859375,183.7823486328125,944000
2025-03-07,191.80999755859375,195.38999938964844,189.22000122070312,194.6699981689453,186.03770446777344,1151500
2025-03-10,194.11000061035156,197.35000610351562,193.14999389648438,195.52000427246094,186.8500213623047,1368000
2025-03-11,193.69000244140625,195.05999755859375,188.83999633789062,189.38999938964844,180.9918212890625,1578600
2025-03-12,189.4600067138672,191.11000061035156,185.30999755859375,189.82000732421875,181.4027557373047,1245300
2025-03-13,190.25999450683594,191.1999969482422,180.3800048828125,181.1300048828125,173.0980987548828,1644400
2025-03-14,182.3699951171875,186.52999877929688,180.22000122070312,185.99000549316406,177.74261474609375,1047400
2025-03-17,185.3800048828125,188.24000549316406,184.69000244140625,187.60000610351562,179.2812042236328,1204100
2025-03-18,186.5,188.57000732421875,185.7899932861328,188.07000732421875,179.73037719726562,1192700
2025-03-19,186.82000732421875,189.77999877929688,186.82000732421875,188.14999389648438,179.80679321289062,1536800
2025-03-20,198.41000366210938,203.47000122070312,195.58999633789062,199.00999450683594,190.18524169921875,3178800
2025-03-21,199.0800018310547,200.3800048828125,195.5500030517578,199.92999267578125,191.06443786621094,2514100
2025-03-24,202.75,210.47000122070312,202.33999633789062,208.55999755859375,199.31175231933594,2129600
2025-03-25,207.67999267578125,208.9199981689453,205.6300048828125,207.1699981689453,197.9833984375,1226700
2025-03-26,208.25,209.02999877929688,205.99000549316406,207.4499969482422,198.25100708007812,941800
2025-03-27,207.5,211.0,206.32000732421875,207.99000549316406,198.76702880859375,954300
2025-03-28,207.55999755859375,207.55999755859375,203.25,205.1300048828125,196.03387451171875,798200
2025-03-31,203.0500030517578,209.27000427246094,203.0500030517578,207.75999450683594,198.5472412109375,1556300
2025-04-01,206.94000244140625,209.77000427246094,204.50999450683594,209.5399932861328,200.24830627441406,986600
2025-04-02,206.39999389648438,210.74000549316406,205.75999450683594,209.57000732421875,200.27700805664062,1117700
2025-04-03,203.39999389648438,204.67999267578125,198.32000732421875,200.67999267578125,191.78118896484375,2082800
2025-04-04,196.6199951171875,197.42999267578125,190.4600067138672,192.3800048828125,183.84922790527344,1913000
2025-04-07,186.5,194.80999755859375,181.02999877929688,188.97999572753906,180.6000213623047,2115500
2025-04-08,193.02999877929688,194.22000122070312,184.3300018310547,186.5800018310547,178.3064422607422,1622400
2025-04-09,183.3000030517578,198.64999389648438,181.0,196.35000610351562,187.64320373535156,2018200
2025-04-10,191.8300018310547,193.9499969482422,187.22999572753906,192.02999877929688,184.8326416015625,1289100
2025-04-11,192.0,196.77000427246094,189.32000732421875,194.47000122070312,187.18118286132812,1109100
2025-04-14,197.02999877929688,200.47999572753906,195.86000061035156,199.27000427246094,191.80128479003906,1421200
2025-04-15,199.35000610351562,202.2100067138672,198.4199981689453,199.55999755859375,192.08042907714844,1105600
2025-04-16,199.27999877929688,200.42999267578125,196.35000610351562,197.8699951171875,190.45376586914062,1161100
2025-04-17,198.6999969482422,202.9600067138672,197.27000427246094,200.22000122070312,192.71568298339844,928600
2025-04-21,199.52000427246094,200.05999755859375,194.88999938964844,197.07000732421875,189.68374633789062,1112800
2025-04-22,199.02999877929688,202.82000732421875,197.7899932861328,202.64999389648438,195.0546112060547,935500
2025-04-23,205.05999755859375,206.97000122070312,201.02000427246094,201.77000427246094,194.2075958251953,945200
2025-04-24,200.72999572753906,200.72999572753906,197.52000427246094,200.44000244140625,192.92742919921875,935600
2025-04-25,199.22000122070312,201.0800018310547,197.77999877929688,199.10000610351562,191.63768005371094,811700
2025-04-28,199.47999572753906,200.92999267578125,197.4499969482422,200.3699951171875,192.86007690429688,979400
2025-04-29,199.0,199.85000610351562,196.3699951171875,198.82000732421875,191.3681640625,877800
2025-04-30,197.6300048828125,201.50999450683594,194.97000122070312,200.63999938964844,193.1199493408203,1155400
2025-05-01,200.47999572753906,202.39999389648438,198.22999572753906,199.86000061035156,192.36917114257812,881600
2025-05-02,202.44000244140625,204.1199951171875,201.36000061035156,203.88999938964844,196.24813842773438,820200
2025-05-05,203.57000732421875,204.14999389648438,201.86000061035156,202.67999267578125,195.08348083496094,934100
2025-05-06,200.69000244140625,201.25999450683594,198.47000122070312,198.5,191.06015014648438,877400
2025-05-07,199.57000732421875,200.92999267578125,197.82000732421875,198.0,190.57888793945312,1754100
2025-05-08,200.91000366210938,201.1999969482422,198.92999267578125,199.0,191.54139709472656,1428500
2025-05-09,199.63999938964844,200.25,196.69000244140625,198.41000366210938,190.97352600097656,1321000
2025-05-12,202.60000610351562,205.9499969482422,201.39999389648438,203.85000610351562,196.2096405029297,3983700
2025-05-13,204.0,209.22000122070312,203.3000030517578,205.0,197.3165283203125,2843300
2025-05-14,205.60000610351562,208.25,205.07000732421875,207.4199981689453,199.64581298828125,2635100
2025-05-15,208.1300048828125,210.94000244140625,207.5,209.0,201.16661071777344,2227000
2025-05-16,209.24000549316406,211.82000732421875,208.32000732421875,211.64999389648438,203.71728515625,2316200
2025-05-19,209.47000122070312,210.44000244140625,208.00999450683594,208.72999572753906,200.90672302246094,1560300
2025-05-20,207.9499969482422,209.41000366210938,206.92999267578125,207.0399932861328,199.28005981445312,1231400
2025-05-21,205.32000732421875,206.39999389648438,202.92999267578125,203.13999938964844,195.5262451171875,1696200
2025-05-22,203.44000244140625,204.4499969482422,202.1300048828125,203.8800048828125,196.23851013183594,2844400
2025-05-23,202.57000732421875,204.64999389648438,201.9199981689453,204.02000427246094,196.37326049804688,901500
2025-05-27,206.0500030517578,214.13999938964844,205.3800048828125,214.0500030517578,206.02734375,2048300
2025-05-28,214.02000427246094,215.0500030517578,212.8699951171875,213.75999450683594,205.74818420410156,1066800
2025-05-29,214.0800018310547,215.67999267578125,211.4499969482422,213.7100067138672,205.7000732421875,1623700
2025-05-30,212.6999969482422,214.75999450683594,212.58999633789062,214.2100067138672,206.1813507080078,1415700
2025-06-02,213.25999450683594,216.89999389648438,212.52999877929688,216.85000610351562,208.72238159179688,1185800
2025-06-03,216.52999877929688,218.22000122070312,214.64999389648438,217.2100067138672,209.06890869140625,1255900
2025-06-04,217.19000244140625,217.89999389648438,215.3300018310547,216.25,208.14486694335938,811400
2025-06-05,215.94000244140625,216.44000244140625,213.99000549316406,215.05999755859375,206.9994659423828,835400
2025-06-06,217.17999267578125,218.16000366210938,214.92999267578125,217.52999877929688,209.37689208984375,761200
2025-06-09,217.52000427246094,220.7899932861328,216.13999938964844,219.6999969482422,211.46554565429688,1364700
2025-06-10,219.39999389648438,220.00999450683594,215.6699981689453,216.1999969482422,208.0967559814453,949600
2025-06-11,216.5800018310547,219.0500030517578,215.7100067138672,217.6699981689453,209.51165771484375,951500
2025-06-12,216.52999877929688,217.91000366210938,215.94000244140625,217.80999755859375,209.64639282226562,783300
2025-06-13,217.69000244140625,218.6999969482422,215.52000427246094,217.5,209.34800720214844,1329400
2025-06-16,220.14999389648438,225.41000366210938,220.14999389648438,224.75999450683594,216.33590698242188,1914200
2025-06-17,224.38999938964844,226.97999572753906,223.08999633789062,224.77999877929688,216.3551483154297,2161500
2025-06-18,225.2100067138672,226.3300018310547,221.41000366210938,222.75,214.40126037597656,2672000
2025-06-20,223.57000732421875,228.27000427246094,217.00999450683594,225.77999877929688,217.31768798828125,3826300
2025-06-23,221.86000061035156,223.8800048828125,213.07000732421875,221.33999633789062,213.04409790039062,2729600
2025-06-24,223.5,224.94000244140625,220.6300048828125,220.8300018310547,212.55320739746094,1686500
2025-06-25,221.02000427246094,221.47999572753906,216.27000427246094,217.4600067138672,209.3095245361328,1711500
2025-06-26,218.92999267578125,218.92999267578125,215.33999633789062,215.97000122070312,207.87538146972656,1425100
2025-06-27,215.83999633789062,216.3699951171875,213.72999572753906,216.1300048828125,208.0293731689453,3490800
2025-06-30,216.35000610351562,218.67999267578125,215.52999877929688,217.97000122070312,209.80043029785156,1487000
2025-07-01,217.66000366210938,222.55999755859375,217.61000061035156,219.60000610351562,211.36932373046875,1518000
2025-07-02,218.91000366210938,219.66000366210938,215.27000427246094,219.3300018310547,211.10943603515625,1314500
2025-07-03,219.83999633789062,220.85000610351562,218.82000732421875,220.27000427246094,212.0142059326172,604900
2025-07-07,219.32000732421875,220.32000732421875,214.32000732421875,216.02000427246094,207.9235076904297,1247800
2025-07-08,216.9600067138672,218.22999572753906,215.1300048828125,217.6300048828125,209.47315979003906,838100
2025-07-09,218.39999389648438,218.5,215.44000244140625,215.8300018310547,207.7406005859375,1087700
2025-07-10,214.25,216.75,212.35000610351562,212.8800048828125,206.33518981933594,1331900
2025-07-11,212.27999877929688,212.42999267578125,208.0,209.33999633789062,202.90403747558594,1471000
2025-07-14,209.66000366210938,210.82000732421875,208.05999755859375,209.47999572753906,203.0397186279297,1173900
2025-07-15,207.75999450683594,208.6300048828125,206.08999633789062,206.7100067138672,200.35487365722656,1215400
2025-07-16,206.33999633789062,209.50999450683594,206.1199951171875,208.25,201.8475341796875,1113900
2025-07-17,207.16000366210938,209.38999938964844,205.30999755859375,207.1300048828125,200.761962890625,1269100
2025-07-18,207.83999633789062,210.25999450683594,206.38999938964844,209.5399932861328,203.09786987304688,1052200
2025-07-21,209.3800048828125,210.0,206.74000549316406,206.80999755859375,200.45181274414062,926700
2025-07-22,206.80999755859375,209.64999389648438,206.33999633789062,209.25999450683594,202.8264923095703,754600
2025-07-23,209.97999572753906,211.4199981689453,208.25,208.50999450683594,202.0995330810547,1099600
2025-07-24,206.89999389648438,207.00999450683594,202.2100067138672,202.8000030517578,196.56509399414062,1480500
2025-07-25,203.1300048828125,204.58999633789062,202.3699951171875,204.47999572753906,198.1934356689453,867200
2025-07-28,204.5500030517578,204.5500030517578,201.9499969482422,203.11000061035156,196.8655548095703,1225000
2025-07-29,203.69000244140625,204.00999450683594,201.44000244140625,202.72999572753906,196.4972381591797,1017300
2025-07-30,204.75999450683594,207.05999755859375,202.1699981689453,203.1999969482422,196.95278930664062,1450400
2025-07-31,202.77999877929688,205.22999572753906,200.9199981689453,201.6699981689453,195.46981811523438,1223900
2025-08-01,200.74000549316406,204.02000427246094,200.1699981689453,203.49000549316406,197.23388671875,1158400
2025-08-04,203.83999633789062,205.4499969482422,202.1999969482422,204.80999755859375,198.51329040527344,1090800
2025-08-05,203.64999389648438,205.44000244140625,203.0399932861328,204.24000549316406,197.96083068847656,992900
2025-08-06,204.7899932861328,207.05999755859375,203.0,205.14999389648438,198.8428497314453,956900
2025-08-07,205.3699951171875,206.72000122070312,204.3300018310547,206.66000366210938,200.30642700195312,950100
2025-08-08,205.6300048828125,206.02999877929688,201.6699981689453,202.0,195.78968811035156,1027700
2025-08-11,202.82000732421875,202.85000610351562,199.8000030517578,201.5500030517578,195.353515625,793000
2025-08-12,203.19000244140625,205.50999450683594,202.9600067138672,205.1300048828125,198.82345581054688,675600
2025-08-13,205.30999755859375,207.5399932861328,202.64999389648438,206.9199981689453,200.55844116210938,997600
2025-08-14,206.25,206.85000610351562,203.97000122070312,206.05999755859375,199.724853515625,744400
2025-08-15,207.13999938964844,208.1300048828125,205.02999877929688,207.35000610351562,200.9752197265625,1337700
2025-08-18,207.6699981689453,208.25,204.41000366210938,205.41000366210938,199.09486389160156,1298700
2025-08-19,205.77999877929688,211.6300048828125,204.74000549316406,207.83999633789062,201.4501495361328,934700
2025-08-20,208.3800048828125,209.97000122070312,206.97999572753906,207.49000549316406,201.11090087890625,839500
2025-08-21,206.6999969482422,207.74000549316406,205.57000732421875,206.5399932861328,200.1901092529297,581900
2025-08-22,208.35000610351562,210.0,207.47999572753906,208.5800018310547,202.16738891601562,863600
2025-08-25,208.19000244140625,210.0,205.24000549316406,205.24000549316406,198.93006896972656,995200
2025-08-26,205.72000122070312,206.72999572753906,204.9499969482422,205.97999572753906,199.64732360839844,907400
2025-08-27,205.52000427246094,206.88999938964844,205.30999755859375,206.25999450683594,199.91873168945312,591500
2025-08-28,206.1199951171875,207.0,205.10000610351562,206.7100067138672,200.35487365722656,730600
2025-08-29,206.64999389648438,208.0,205.8800048828125,206.94000244140625,200.5778045654297,701700
2025-09-02,205.72999572753906,208.52000427246094,205.72999572753906,208.05999755859375,201.66339111328125,783300
2025-09-03,207.02000427246094,208.4499969482422,206.63999938964844,208.27000427246094,201.86692810058594,791500
2025-09-04,209.22000122070312,210.47000122070312,207.49000549316406,210.19000244140625,203.72792053222656,736600
2025-09-05,209.6300048828125,211.38999938964844,208.10000610351562,210.13999938964844,203.67941284179688,739800
2025-09-08,209.52999877929688,211.1999969482422,208.25999450683594,210.7899932861328,204.3094482421875,1199000
2025-09-09,209.69000244140625,212.25,208.85000610351562,211.85000610351562,205.3368682861328,1201300
2025-09-10,211.47000122070312,213.14999389648438,209.00999450683594,211.4600067138672,204.9588623046875,1139200
2025-09-11,211.52000427246094,214.02999877929688,209.8800048828125,213.39999389648438,206.83920288085938,939000
2025-09-12,214.08999633789062,215.27999877929688,212.4499969482422,212.61000061035156,206.073486328125,1138500
2025-09-15,213.3000030517578,215.1300048828125,212.07000732421875,212.16000366210938,205.6373291015625,1004700
2025-09-16,212.4199981689453,214.33999633789062,209.4499969482422,210.0399932861328,203.58248901367188,1261900
2025-09-17,210.4600067138672,211.89999389648438,208.5399932861328,208.7899932861328,202.3709259033203,1376000
2025-09-18,193.6699981689453,195.07000732421875,186.89999389648438,192.74000549316406,186.81439208984375,6696500
2025-09-19,192.75999450683594,192.80999755859375,184.60000610351562,184.72999572753906,179.05064392089844,3337500
2025-09-22,184.80999755859375,185.4600067138672,182.75999450683594,185.2100067138672,179.51588439941406,2103200
2025-09-23,185.0800018310547,186.83999633789062,183.49000549316406,186.52000427246094,180.78561401367188,1515200
2025-09-24,186.49000549316406,188.24000549316406,185.3000030517578,186.61000061035156,180.87283325195312,1302300
2025-09-25,186.77999877929688,187.4600067138672,183.0800018310547,187.02000427246094,181.27023315429688,1593400
2025-09-26,187.80999755859375,189.5800018310547,186.97999572753906,188.1199951171875,182.33642578125,1289900
2025-09-29,189.02000427246094,193.02000427246094,188.08999633789062,192.97999572753906,187.04698181152344,1588100
2025-09-30,191.8000030517578,191.99000549316406,189.5399932861328,190.36000061035156,184.50755310058594,1166200
2025-10-01,190.11000061035156,192.4199981689453,189.6699981689453,192.39999389648438,186.4848175048828,1056900
2025-10-02,191.33999633789062,194.30999755859375,191.0,193.49000549316406,187.54132080078125,1029000
2025-10-03,192.72000122070312,194.16000366210938,191.5399932861328,193.17999267578125,187.2408447265625,930400
2025-10-06,193.39999389648438,196.55999755859375,192.44000244140625,193.27000427246094,187.3280792236328,1115900
2025-10-07,193.07000732421875,194.07000732421875,189.3699951171875,191.5399932861328,185.65126037597656,1018100
2025-10-08,191.3000030517578,191.74000549316406,187.85000610351562,187.9199981689453,182.14254760742188,1142600
2025-10-09,188.22999572753906,188.83999633789062,186.41000366210938,186.69000244140625,180.9503936767578,785500
2025-10-10,185.55999755859375,186.0,181.11000061035156,181.1699981689453,177.0224151611328,1190900
2025-10-13,183.39999389648438,186.89999389648438,182.2100067138672,185.00999450683594,180.77450561523438,1245800
2025-10-14,183.74000549316406,187.97000122070312,183.47999572753906,187.0,182.7189483642578,1069200
2025-10-15,187.77999877929688,191.25999450683594,187.50999450683594,188.36000061035156,184.04782104492188,894300
2025-10-16,187.33999633789062,188.89999389648438,186.6300048828125,187.4499969482422,183.1586456298828,902500
2025-10-17,188.5800018310547,190.32000732421875,187.13999938964844,188.19000244140625,183.88169860839844,1269900
2025-10-20,191.25999450683594,191.5,187.55999755859375,187.9199981689453,183.6178741455078,1026900
2025-10-21,188.05999755859375,188.97999572753906,187.08999633789062,187.49000549316406,183.19772338867188,830300
2025-10-22,188.19000244140625,189.0500030517578,186.47000122070312,187.41000366210938,183.11956787109375,703800
2025-10-23,187.0800018310547,187.97999572753906,184.67999267578125,186.4600067138672,182.1913299560547,714700
2025-10-24,187.27000427246094,187.27000427246094,184.2899932861328,184.82000732421875,180.58885192871094,786300
2025-10-27,184.72000122070312,185.4499969482422,182.4600067138672,183.6300048828125,179.4261016845703,1036800
2025-10-28,182.63999938964844,183.49000549316406,180.69000244140625,181.3300018310547,177.17874145507812,773400
2025-10-29,180.02000427246094,182.7100067138672,177.3300018310547,182.41000366210938,178.23402404785156,1842300
2025-10-30,180.97000122070312,181.36000061035156,177.8300018310547,178.1999969482422,174.1204071044922,1192900
2025-10-31,177.9199981689453,180.75999450683594,177.0,180.14999389648438,176.0257568359375,1315400
2025-11-03,179.6300048828125,180.1199951171875,173.52999877929688,177.57000732421875,173.5048370361328,1965900
2025-11-04,177.57000732421875,180.77000427246094,176.22000122070312,180.22000122070312,176.09417724609375,1584300
2025-11-05,180.0500030517578,182.02000427246094,178.9499969482422,180.10000610351562,175.97691345214844,1126100
2025-11-06,179.25999450683594,179.25999450683594,177.1300048828125,177.50999450683594,173.44619750976562,1035800
2025-11-07,177.24000549316406,180.1199951171875,176.86000061035156,178.05999755859375,173.98361206054688,1224500
2025-11-10,178.97999572753906,179.11000061035156,172.66000366210938,173.58999633789062,169.61595153808594,1418700
2025-11-11,173.66000366210938,174.1199951171875,170.63999938964844,171.58999633789062,167.66172790527344,1702100
2025-11-12,172.0800018310547,176.0,171.75,175.6699981689453,171.64833068847656,1512700
2025-11-13,175.5399932861328,178.63999938964844,174.99000549316406,175.4199981689453,171.40403747558594,1495300
2025-11-14,175.13999938964844,176.86000061035156,173.30999755859375,173.8300018310547,169.85043334960938,1210700
2025-11-17,174.9499969482422,175.55999755859375,171.5,171.7899932861328,167.85714721679688,1353500
2025-11-18,171.92999267578125,172.8800048828125,169.67999267578125,171.0399932861328,167.1243133544922,1552000
2025-11-19,171.2899932861328,172.3800048828125,169.97999572753906,170.0,166.10813903808594,1017000
2025-11-20,170.80999755859375,171.1300048828125,169.0,169.2100067138672,165.3362274169922,1538700
2025-11-21,169.9499969482422,175.3800048828125,169.52999877929688,174.72000122070312,170.72006225585938,2204000
2025-11-24,174.27999877929688,175.86000061035156,172.6999969482422,173.32000732421875,169.35214233398438,1598900
2025-11-25,174.36000061035156,179.52000427246094,174.16000366210938,179.27999877929688,175.17568969726562,1563200
2025-11-26,179.69000244140625,181.6300048828125,179.07000732421875,180.0,175.8791961669922,1311600
2025-11-28,179.5800018310547,180.9199981689453,179.44000244140625,179.5800018310547,175.46881103515625,387000
2025-12-01,178.66000366210938,179.22000122070312,173.91000366210938,173.94000244140625,169.95794677734375,2204600
2025-12-02,175.63999938964844,175.92999267578125,174.0800018310547,174.63999938964844,170.64190673828125,1849800
2025-12-03,175.4600067138672,178.9199981689453,174.72000122070312,177.32000732421875,173.2605438232422,1065600
2025-12-04,178.02999877929688,178.72999572753906,175.05999755859375,176.25999450683594,172.22482299804688,1031800
2025-12-05,177.1999969482422,178.9600067138672,176.1699981689453,177.72000122070312,173.65138244628906,1139800
2025-12-08,178.72999572753906,180.89999389648438,177.10000610351562,179.88999938964844,175.77171325683594,1246200
2025-12-09,179.39999389648438,181.32000732421875,177.07000732421875,177.14999389648438,173.09445190429688,895600
2025-12-10,177.99000549316406,180.10000610351562,177.47000122070312,179.1199951171875,175.0193328857422,1018800
2025-12-11,180.0399932861328,184.1999969482422,179.24000549316406,183.3000030517578,179.10365295410156,1220100
2025-12-12,183.27999877929688,186.6999969482422,181.4600067138672,182.27999877929688,178.10699462890625,1585300
2025-12-15,183.1300048828125,187.2100067138672,183.0,186.42999267578125,182.16197204589844,2194300
2025-12-16,185.94000244140625,187.25,184.35000610351562,185.52999877929688,181.2825927734375,1918400
2025-12-17,185.55999755859375,191.99000549316406,185.5,189.52999877929688,185.19102478027344,2593500
2025-12-18,198.0,198.0,187.25999450683594,192.8800048828125,188.46434020996094,4743900
2025-12-19,191.41000366210938,191.92999267578125,186.7100067138672,189.8699951171875,185.5232391357422,4788700
2025-12-22,189.2899932861328,191.33999633789062,187.10000610351562,189.25999450683594,184.9272003173828,2001800
2025-12-23,189.10000610351562,189.10000610351562,184.63999938964844,187.0,182.7189483642578,1465700
2025-12-24,187.0,190.67999267578125,186.41000366210938,189.91000366210938,185.5623321533203,768500
2025-12-26,189.2899932861328,189.83999633789062,186.82000732421875,188.3699951171875,184.0575714111328,839100
2025-12-29,187.0,188.80999755859375,186.60000610351562,186.91000366210938,182.63101196289062,1280900
2025-12-30,186.47000122070312,187.5500030517578,184.9199981689453,184.9499969482422,180.71588134765625,1123400
2025-12-31,184.64999389648438,185.86000061035156,183.74000549316406,184.02000427246094,179.8071746826172,1227000
2026-01-02,184.5399932861328,188.4199981689453,183.33999633789062,187.2100067138672,182.92413330078125,1498800
2026-01-05,186.80999755859375,193.00999450683594,186.80999755859375,192.66000366210938,188.24937438964844,2074000
2026-01-06,193.33999633789062,200.6699981689453,192.5399932861328,200.25,195.66561889648438,2347700
2026-01-07,201.1699981689453,203.25,199.3800048828125,199.77000427246094,195.19659423828125,2424800
2026-01-08,196.67999267578125,204.6199951171875,196.58999633789062,202.5,197.8640899658203,1828200
2026-01-09,200.5399932861328,203.67999267578125,198.75,202.36000061035156,199.20289611816406,1971900
2026-01-12,202.49000549316406,209.58999633789062,200.97000122070312,209.4199981689453,206.15272521972656,2416400
2026-01-13,208.1300048828125,210.55999755859375,205.52999877929688,206.5500030517578,203.3275146484375,1945000
2026-01-14,205.80999755859375,208.49000549316406,204.41000366210938,207.8699951171875,204.6269073486328,1258600
2026-01-15,208.39999389648438,215.14999389648438,208.16000366210938,214.3300018310547,210.9861297607422,2091700
2026-01-16,213.0,215.83999633789062,211.8000030517578,214.6199951171875,211.27159118652344,1882200
2026-01-20,213.64999389648438,214.97000122070312,207.6300048828125,208.8800048828125,205.62115478515625,2076500
2026-01-21,208.89999389648438,209.36000061035156,204.1699981689453,207.33999633789062,204.1051788330078,1590400
2026-01-22,208.58999633789062,209.22000122070312,205.02000427246094,205.16000366210938,201.95919799804688,894800
2026-01-23,208.11000061035156,209.5,205.02999877929688,206.1699981689453,202.95343017578125,1490000
2026-01-26,205.0,205.25999450683594,194.52000427246094,196.42999267578125,193.36538696289062,1894300
2026-01-27,195.5500030517578,198.16000366210938,195.1199951171875,196.89999389648438,193.8280487060547,924800
2026-01-28,200.94000244140625,201.52000427246094,195.9600067138672,196.5,193.43431091308594,886600
2026-01-29,196.6999969482422,200.75,195.39999389648438,199.3300018310547,196.22015380859375,1519600
2026-01-30,198.91000366210938,199.74000549316406,195.50999450683594,199.35000610351562,196.23985290527344,1408500
2026-02-02,201.33999633789062,201.33999633789062,197.32000732421875,200.89999389648438,197.76565551757812,1401700
2026-02-03,200.27999877929688,205.9199981689453,198.1699981689453,205.49000549316406,202.2840576171875,1449600
2026-02-04,206.19000244140625,213.22999572753906,206.19000244140625,212.22000122070312,208.90904235839844,1684100
2026-02-05,212.61000061035156,216.91000366210938,211.6300048828125,213.55999755859375,210.2281494140625,1862700
2026-02-06,214.3800048828125,220.4499969482422,214.3800048828125,216.27000427246094,212.8958740234375,1407600
2026-02-09,216.3000030517578,219.97999572753906,214.24000549316406,218.00999450683594,214.6087188720703,1239000
2026-02-10,215.0800018310547,217.44000244140625,210.22000122070312,210.24000549316406,206.95994567871094,1372800
2026-02-11,210.47999572753906,213.1699981689453,208.1300048828125,212.7899932861328,209.47015380859375,1178000
2026-02-12,214.0399932861328,217.13999938964844,212.47000122070312,212.86000061035156,209.53907775878906,1060300
2026-02-13,212.69000244140625,215.02999877929688,210.4499969482422,211.5,208.20028686523438,969100
2026-02-17,214.32000732421875,219.13999938964844,212.83999633789062,218.66000366210938,215.2485809326172,1313600
2026-02-18,216.52000427246094,220.64999389648438,216.3699951171875,216.41000366210938,213.03367614746094,1104400
2026-02-19,214.0399932861328,215.25,211.25999450683594,212.97999572753906,209.65719604492188,1321600
2026-02-20,214.0399932861328,218.1300048828125,212.6300048828125,217.27000427246094,213.88026428222656,986800
2026-02-23,216.86000061035156,218.39999389648438,211.10000610351562,214.25999450683594,210.91722106933594,1102900
2026-02-24,213.50999450683594,216.22999572753906,213.50999450683594,213.9199981689453,210.58251953125,937800
2026-02-25,214.97000122070312,215.67999267578125,210.1699981689453,212.05999755859375,208.7515411376953,1024800
2026-02-26,213.52000427246094,216.1300048828125,212.61000061035156,214.8300018310547,211.47833251953125,917900
2026-02-27,212.9600067138672,214.30999755859375,209.94000244140625,213.85000610351562,210.5136260986328,1177300
2026-03-02,212.94000244140625,212.94000244140625,208.35000610351562,209.8699951171875,206.59571838378906,962700
2026-03-03,205.99000549316406,211.14999389648438,202.99000549316406,210.60000610351562,207.3143310546875,723900
2026-03-04,211.5,211.5,202.5,203.41000366210938,200.2364959716797,1745200
2026-03-05,201.05999755859375,208.52999877929688,201.05999755859375,206.2100067138672,202.99281311035156,1787200
2026-03-06,203.72999572753906,203.82000732421875,198.10000610351562,203.17999267578125,200.01007080078125,1252200
2026-03-09,199.11000061035156,201.88999938964844,194.25999450683594,201.63999938964844,198.49411010742188,2056700
2026-03-10,199.3699951171875,204.8300018310547,199.07000732421875,203.47000122070312,200.29556274414062,1064000
2026-03-11,203.22000122070312,207.52000427246094,202.0399932861328,203.44000244140625,200.2660369873047,1275000
2026-03-12,201.44000244140625,203.13999938964844,198.22999572753906,198.42999267578125,195.3341827392578,1327400
2026-03-13,201.41000366210938,203.9199981689453,199.9600067138672,202.3699951171875,199.2127227783203,1114800
2026-03-16,205.44000244140625,207.8000030517578,203.9499969482422,206.69000244140625,203.46533203125,1694100
2026-03-17,207.97000122070312,210.97999572753906,203.72999572753906,203.86000061035156,200.6794891357422,1732500
2026-03-18,202.4600067138672,204.0,199.33999633789062,200.7100067138672,197.57862854003906,2157000
2026-03-19,195.72000122070312,206.75,195.69000244140625,204.4199981689453,201.23072814941406,3293900
2026-03-20,205.1300048828125,208.0,201.77999877929688,203.0500030517578,199.8821258544922,5472500
2026-03-23,206.05999755859375,206.75999450683594,195.83999633789062,195.97000122070312,192.91256713867188,1776300
2026-03-24,195.05999755859375,201.3000030517578,194.3800048828125,200.52000427246094,197.39158630371094,1709600
2026-03-25,199.9600067138672,201.77000427246094,196.0800018310547,201.66000366210938,198.51380920410156,1287000
2026-03-26,200.88999938964844,202.6300048828125,197.92999267578125,198.8699951171875,195.767333984375,901400
2026-03-27,198.0,199.0,191.67999267578125,192.49000549316406,189.48687744140625,1452100
2026-03-30,193.42999267578125,195.9199981689453,192.3800048828125,195.0500030517578,192.00692749023438,1122300
2026-03-31,197.1999969482422,198.61000061035156,193.25,196.0399932861328,192.98147583007812,1132700
2026-04-01,195.75,197.27999877929688,193.0399932861328,193.05999755859375,190.0479736328125,1376800
2026-04-02,191.67999267578125,197.0399932861328,190.22000122070312,196.3300018310547,193.26695251464844,1255100
2026-04-06,195.0399932861328,196.60000610351562,194.4499969482422,196.57000732421875,193.5032196044922,966900
2026-04-07,196.1699981689453,197.30999755859375,190.32000732421875,190.6300048828125,187.6558837890625,1162100
2026-04-08,194.58999633789062,198.52000427246094,193.99000549316406,195.64999389648438,192.59756469726562,1936200
2026-04-09,195.2899932861328,198.08999633789062,194.66000366210938,196.33999633789062,193.27679443359375,1231700
2026-04-10,194.67999267578125,196.0500030517578,191.41000366210938,192.38999938964844,190.84646606445312,1235400
2026-04-13,191.3800048828125,191.9199981689453,186.91000366210938,191.88999938964844,190.35047912597656,1583400
2026-04-14,191.4499969482422,198.6699981689453,191.4499969482422,197.97999572753906,196.39161682128906,1817300
2026-04-15,197.9499969482422,202.3000030517578,196.72999572753906,199.67999267578125,198.07797241210938,1564800
2026-04-16,199.36000061035156,200.4499969482422,195.7100067138672,196.66000366210938,195.08221435546875,1218900
2026-04-17,198.66000366210938,203.89999389648438,198.22999572753906,201.07000732421875,199.4568328857422,1062400
2026-04-20,200.3300018310547,202.77000427246094,199.1199951171875,201.85000610351562,200.23057556152344,938800
2026-04-21,202.3800048828125,202.3800048828125,196.02000427246094,196.9499969482422,195.369873046875,885300
2026-04-22,197.19000244140625,200.08999633789062,197.1199951171875,199.72999572753906,198.1275634765625,1271600
2026-04-23,201.38999938964844,204.5500030517578,200.33999633789062,202.33999633789062,200.7166290283203,1763400
2026-04-24,201.0399932861328,202.83999633789062,199.4499969482422,201.05999755859375,199.4468994140625,909800
2026-04-27,200.92999267578125,202.0800018310547,198.0,198.6999969482422,197.1058349609375,892600
2026-04-28,199.6699981689453,200.1699981689453,195.91000366210938,196.50999450683594,194.9333953857422,710100
2026-04-29,196.1699981689453,199.52999877929688,195.77999877929688,196.2899932861328,194.7151641845703,767400
2026-04-30,198.1999969482422,201.07000732421875,197.00999450683594,200.55999755859375,198.95091247558594,789200
2026-05-01,200.74000549316406,202.77000427246094,192.1199951171875,194.75999450683594,193.19744873046875,1121100
2026-05-04,194.57000732421875,195.92999267578125,190.00999450683594,192.08999633789062,190.54885864257812,974900
2026-05-05,192.13999938964844,196.67999267578125,191.19000244140625,194.5,192.9395294189453,754800
2026-05-06,198.27999877929688,199.5800018310547,194.9199981689453,195.6999969482422,194.12989807128906,975100
2026-05-07,193.4499969482422,195.86000061035156,190.00999450683594,195.1699981689453,193.60415649414062,1067000
2026-05-08,199.6199951171875,201.0399932861328,194.9499969482422,196.22999572753906,194.65565490722656,877600
2026-05-11,196.10000610351562,197.52000427246094,193.7100067138672,195.8000030517578,194.22911071777344,1039900
2026-05-12,197.19000244140625,202.8699951171875,196.0800018310547,199.1199951171875,197.5224609375,1338100
2026-05-13,198.2100067138672,198.44000244140625,190.1300048828125,192.80999755859375,191.26309204101562,1381600
2026-05-14,194.2100067138672,197.11000061035156,193.1199951171875,194.61000061035156,193.04864501953125,742900
2026-05-15,195.57000732421875,196.99000549316406,194.05999755859375,195.88999938964844,194.31837463378906,805300
2026-05-18,193.92999267578125,195.30999755859375,191.7899932861328,193.75,192.195556640625,1054600
2026-05-19,193.7899932861328,194.92999267578125,189.97000122070312,193.72999572753906,192.1757049560547,661200
2026-05-20,194.02000427246094,198.72999572753906,191.97000122070312,197.27000427246094,195.68731689453125,742800
2026-05-21,195.50999450683594,199.02999877929688,193.72000122070312,197.07000732421875,195.48892211914062,925800
2026-05-22,198.8300018310547,204.39999389648438,198.5,203.50999450683594,201.8772430419922,1503900
2026-05-26,203.3800048828125,204.57000732421875,201.97000122070312,203.8300018310547,202.19468688964844,1053500
2026-05-27,206.88999938964844,210.42999267578125,205.8699951171875,205.92999267578125,204.27781677246094,1042500
2026-05-28,204.88999938964844,207.36000061035156,203.22999572753906,204.47000122070312,202.8295440673828,705600
2026-05-29,203.52000427246094,208.36000061035156,202.08999633789062,203.91000366210938,202.2740478515625,1448300
2026-06-01,202.77999877929688,205.07000732421875,201.3300018310547,201.91000366210938,200.2900848388672,1020900
2026-06-02,200.02000427246094,200.02000427246094,196.0,198.27000427246094,196.67929077148438,990400
2026-06-03,197.35000610351562,200.83999633789062,196.61000061035156,198.27000427246094,196.67929077148438,959800
2026-06-04,200.2100067138672,200.2100067138672,191.72999572753906,193.4600067138672,191.9078826904297,1209700
2026-06-05,194.99000549316406,198.82000732421875,194.5,198.1199951171875,196.53048706054688,960500
2026-06-08,195.9199981689453,197.52999877929688,193.92999267578125,196.0,194.42750549316406,903600
2026-06-09,196.19000244140625,201.27999877929688,194.50999450683594,200.91000366210938,199.29811096191406,1057000
2026-06-10,202.7100067138672,206.07000732421875,199.25,203.63999938964844,202.00621032714844,1110800
2026-06-11,205.27000427246094,211.0,204.5,210.83999633789062,209.1484375,1343100
2026-06-12,213.25,214.13999938964844,209.72000122070312,211.47000122070312,209.7733917236328,1119300
2026-06-15,209.85000610351562,212.50999450683594,208.69000244140625,208.75999450683594,207.08511352539062,1235200
2026-06-16,209.2899932861328,211.0,207.1999969482422,209.0500030517578,207.372802734375,939200
2026-06-17,207.75,215.38999938964844,207.75,211.3300018310547,209.63450622558594,1192800
2026-06-18,215.0,219.3800048828125,212.42999267578125,213.4499969482422,211.73748779296875,1884900
2026-06-22,215.1300048828125,218.6699981689453,209.02000427246094,212.0,210.29913330078125,2090300
2026-06-23,209.75999450683594,214.19000244140625,208.8000030517578,210.58999633789062,208.9004364013672,1559000
2026-06-24,210.0,216.3800048828125,210.0,213.4499969482422,211.73748779296875,2322200
2026-06-25,210.13999938964844,216.0,207.35000610351562,212.75999450683594,211.0530242919922,3428500
2026-06-26,212.5800018310547,213.97999572753906,208.27999877929688,213.72000122070312,212.00534057617188,2289200
2026-06-29,212.6999969482422,212.6999969482422,204.66000366210938,205.6999969482422,204.04966735839844,2313700
2026-06-30,206.5500030517578,207.02000427246094,203.77999877929688,206.00999450683594,204.357177734375,1321600
2026-07-01,205.77999877929688,207.25,201.91000366210938,201.9499969482422,200.3297576904297,1417800
2026-07-02,203.27999877929688,205.6199951171875,199.75,204.32000732421875,202.68075561523438,1506100
2026-07-06,204.10000610351562,204.80999755859375,199.9600067138672,203.22000122070312,201.58956909179688,1356800
2026-07-07,205.5500030517578,209.3699951171875,203.8300018310547,204.5,202.8592987060547,1239500
2026-07-08,204.0800018310547,204.08999633789062,199.0,201.10000610351562,199.48658752441406,1781800
2026-07-09,200.9499969482422,205.16000366210938,200.00999450683594,201.9199981689453,200.3000030517578,1631600
2026-07-10,201.52000427246094,206.9600067138672,200.9199981689453,204.25,204.25,1554100
2026-07-13,205.9600067138672,206.19000244140625,196.1999969482422,196.69000244140625,196.69000244140625,1781000
2026-07-14,197.8800048828125,197.8800048828125,193.92999267578125,195.74000549316406,195.74000549316406,1313200
2026-07-15,195.74000549316406,199.24000549316406,193.35000610351562,196.05999755859375,196.05999755859375,1304200
2026-07-16,197.25,201.75,197.02000427246094,201.2100067138672,201.2100067138672,1393700
2026-07-17,202.60000610351562,203.0,197.7100067138672,198.52999877929688,198.52999877929688,1049400
2026-07-20,198.74000549316406,200.11000061035156,192.3000030517578,194.82000732421875,194.82000732421875,1718300
2026-07-21,192.9199981689453,193.77000427246094,191.66000366210938,193.38999938964844,193.38999938964844,1282800
2026-07-22,194.0,196.82000732421875,192.0,193.94000244140625,193.94000244140625,1477300
2026-07-23,192.47000122070312,194.74000549316406,190.97999572753906,194.1199951171875,194.1199951171875,1171800
2026-07-24,193.9199981689453,197.17999267578125,192.7899932861328,196.30999755859375,196.30999755859375,970800
2026-07-27,200.02999877929688,204.7100067138672,200.02999877929688,204.10000610351562,204.10000610351562,1554900
2026-07-28,207.5,211.05999755859375,206.07000732421875,206.97999572753906,206.97999572753906,1658400
2026-07-29,206.66000366210938,212.33999633789062,205.05999755859375,212.22999572753906,212.22999572753906,1356300
2026-07-30,212.86000061035156,212.99000549316406,205.8300018310547,206.97000122070312,206.97000122070312,1636500
2026-07-31,204.9499969482422,206.1199951171875,202.0500030517578,203.5800018310547,203.5800018310547,1451400
2026-08-03,205.92999267578125,210.47999572753906,204.7100067138672,206.24000549316406,206.24000549316406,1211500
2026-08-04,204.5399932861328,205.52000427246094,202.3699951171875,204.57000732421875,204.57000732421875,1119200
2026-08-05,205.8300018310547,209.47000122070312,205.52000427246094,208.85000610351562,208.85000610351562,890000
2026-08-06,210.24000549316406,210.99000549316406,207.14999389648438,210.94000244140625,210.94000244140625,1080400
2026-08-07,211.25,215.77999877929688,210.55999755859375,213.75999450683594,213.75999450683594,975300
2026-08-10,214.57000732421875,218.05999755859375,212.47000122070312,217.97000122070312,217.97000122070312,890500
2026-08-11,217.0,219.42999267578125,215.5800018310547,218.89999389648438,218.89999389648438,1037100
2026-08-12,218.66000366210938,228.72999572753906,217.35000610351562,227.67999267578125,227.67999267578125,1436500
2026-08-13,228.19000244140625,229.75999450683594,222.3699951171875,223.5,223.5,1095600
2026-08-14,224.75999450683594,225.43899536132812,223.1199951171875,225.25999450683594,225.25999450683594,488778
