Datetime,Open,High,Low,Close,Adj Close,Volume
2026-08-10 09:30:00,46.20000076293945,46.2599983215332,46.08000183105469,46.08000183105469,46.08000183105469,10500
2026-08-10 09:31:00,46.08000183105469,46.52000045776367,46.08000183105469,46.400001525878906,46.400001525878906,31400
2026-08-10 09:32:00,46.36000061035156,46.5,46.31999969482422,46.5,46.5,18700
2026-08-10 09:33:00,46.400001525878906,46.47999954223633,46.400001525878906,46.47999954223633,46.47999954223633,12800
2026-08-10 09:34:00,46.47999954223633,46.47999954223633,46.36000061035156,46.400001525878906,46.400001525878906,5000
2026-08-10 09:35:00,46.380001068115234,46.380001068115234,46.27999877929688,46.36000061035156,46.36000061035156,5300
2026-08-10 09:36:00,46.36000061035156,46.540000915527344,46.31999969482422,46.47999954223633,46.47999954223633,15100
2026-08-10 09:37:00,46.47999954223633,46.5,46.47999954223633,46.5,46.5,1100
2026-08-10 09:38:00,46.52000045776367,46.52000045776367,46.52000045776367,46.52000045776367,46.52000045776367,500
2026-08-10 09:39:00,46.540000915527344,46.58000183105469,46.41999816894531,46.43999862670898,46.43999862670898,9600
2026-08-10 09:40:00,46.459999084472656,46.47999954223633,46.459999084472656,46.47999954223633,46.47999954223633,400
2026-08-10 09:41:00,46.47999954223633,46.47999954223633,46.400001525878906,46.400001525878906,46.400001525878906,11700
2026-08-10 09:42:00,46.43999862670898,46.459999084472656,46.43999862670898,46.459999084472656,46.459999084472656,1300
2026-08-10 09:43:00,46.459999084472656,46.47999954223633,46.459999084472656,46.47999954223633,46.47999954223633,1000
2026-08-10 09:44:00,46.47999954223633,46.5,46.47999954223633,46.5,46.5,5600
2026-08-10 09:45:00,46.52000045776367,46.540000915527344,46.52000045776367,46.52000045776367,46.52000045776367,4500
2026-08-10 09:46:00,46.52000045776367,46.52000045776367,46.380001068115234,46.380001068115234,46.380001068115234,6400
2026-08-10 09:47:00,46.400001525878906,46.43999862670898,46.380001068115234,46.43999862670898,46.43999862670898,3000
2026-08-10 09:48:00,46.43999862670898,46.52000045776367,46.43999862670898,46.47999954223633,46.47999954223633,5500
2026-08-10 09:49:00,46.459999084472656,46.459999084472656,46.380001068115234,46.459999084472656,46.459999084472656,12300
2026-08-10 09:50:00,46.459999084472656,46.5,46.459999084472656,46.47999954223633,46.47999954223633,2400
2026-08-10 09:51:00,46.47999954223633,46.5,46.47999954223633,46.5,46.5,1700
2026-08-10 09:52:00,46.5,46.560001373291016,46.5,46.560001373291016,46.560001373291016,2500
2026-08-10 09:53:00,46.58000183105469,46.63999938964844,46.58000183105469,46.63999938964844,46.63999938964844,2000
2026-08-10 09:54:00,46.63999938964844,46.65999984741211,46.58000183105469,46.59999847412109,46.59999847412109,8900
2026-08-10 09:55:00,46.540000915527344,46.58000183105469,46.540000915527344,46.560001373291016,46.560001373291016,1400
2026-08-10 09:56:00,46.540000915527344,46.58000183105469,46.540000915527344,46.540000915527344,46.540000915527344,2900
2026-08-10 09:57:00,46.540000915527344,46.540000915527344,46.540000915527344,46.540000915527344,46.540000915527344,600
2026-08-10 09:58:00,46.540000915527344,46.58000183105469,46.540000915527344,46.58000183105469,46.58000183105469,3500
2026-08-10 09:59:00,46.58000183105469,46.58000183105469,46.459999084472656,46.459999084472656,46.459999084472656,15100
2026-08-10 10:00:00,46.43999862670898,46.43999862670898,46.41999816894531,46.43999862670898,46.43999862670898,1100
2026-08-10 10:01:00,46.43999862670898,46.459999084472656,46.43999862670898,46.459999084472656,46.459999084472656,4800
2026-08-10 10:02:00,46.459999084472656,46.47999954223633,46.459999084472656,46.47999954223633,46.47999954223633,2700
2026-08-10 10:03:00,46.5,46.5,46.5,46.5,46.5,1600
2026-08-10 10:04:00,46.5,46.52000045776367,46.47999954223633,46.5,46.5,4500
2026-08-10 10:05:00,46.5,46.5,46.43999862670898,46.43999862670898,46.43999862670898,7000
2026-08-10 10:06:00,46.47999954223633,46.63999938964844,46.47999954223633,46.619998931884766,46.619998931884766,9600
2026-08-10 10:07:00,46.63999938964844,46.63999938964844,46.63999938964844,46.63999938964844,46.63999938964844,800
2026-08-10 10:08:00,46.63999938964844,46.65999984741211,46.540000915527344,46.560001373291016,46.560001373291016,25700
2026-08-10 10:09:00,46.58000183105469,46.58000183105469,46.58000183105469,46.58000183105469,46.58000183105469,3100
2026-08-10 10:10:00,46.560001373291016,46.560001373291016,46.540000915527344,46.560001373291016,46.560001373291016,4200
2026-08-10 10:11:00,46.560001373291016,46.560001373291016,46.540000915527344,46.540000915527344,46.540000915527344,400
2026-08-10 10:12:00,46.540000915527344,46.540000915527344,46.52000045776367,46.52000045776367,46.52000045776367,2800
2026-08-10 10:13:00,46.52000045776367,46.52000045776367,46.41999816894531,46.43999862670898,46.43999862670898,6500
2026-08-10 10:14:00,46.459999084472656,46.459999084472656,46.41999816894531,46.43999862670898,46.43999862670898,1300
2026-08-10 10:15:00,46.43999862670898,46.459999084472656,46.43999862670898,46.459999084472656,46.459999084472656,2400
2026-08-10 10:16:00,46.43999862670898,46.43999862670898,46.43999862670898,46.43999862670898,46.43999862670898,4500
2026-08-10 10:17:00,46.43999862670898,46.43999862670898,46.43999862670898,46.43999862670898,46.43999862670898,1700
2026-08-10 10:18:00,46.459999084472656,46.459999084472656,46.459999084472656,46.459999084472656,46.459999084472656,1500
2026-08-10 10:19:00,46.459999084472656,46.5,46.43999862670898,46.47999954223633,46.47999954223633,9800
2026-08-10 10:20:00,46.47999954223633,46.5,46.459999084472656,46.459999084472656,46.459999084472656,13200
2026-08-10 10:21:00,46.52000045776367,46.52000045776367,46.52000045776367,46.52000045776367,46.52000045776367,1900
2026-08-10 10:22:00,46.52000045776367,46.540000915527344,46.52000045776367,46.540000915527344,46.540000915527344,2200
2026-08-10 10:23:00,46.52000045776367,46.58000183105469,46.52000045776367,46.560001373291016,46.560001373291016,12000
2026-08-10 10:24:00,46.540000915527344,46.59999847412109,46.540000915527344,46.560001373291016,46.560001373291016,14300
2026-08-10 10:25:00,46.58000183105469,46.58000183105469,46.58000183105469,46.58000183105469,46.58000183105469,100
2026-08-10 10:26:00,46.58000183105469,46.59999847412109,46.560001373291016,46.59999847412109,46.59999847412109,2700
2026-08-10 10:27:00,46.59999847412109,46.59999847412109,46.59999847412109,46.59999847412109,46.59999847412109,1800
2026-08-10 10:28:00,46.619998931884766,46.619998931884766,46.619998931884766,46.619998931884766,46.619998931884766,3900
2026-08-10 10:29:00,46.63999938964844,46.63999938964844,46.63999938964844,46.63999938964844,46.63999938964844,200
2026-08-10 10:30:00,46.63999938964844,46.65999984741211,46.63999938964844,46.65999984741211,46.65999984741211,2900
2026-08-10 10:31:00,46.68000030517578,46.7599983215332,46.68000030517578,46.68000030517578,46.68000030517578,10300
2026-08-10 10:32:00,46.70000076293945,46.70000076293945,46.70000076293945,46.70000076293945,46.70000076293945,100
2026-08-10 10:33:00,46.70000076293945,46.70000076293945,46.68000030517578,46.68000030517578,46.68000030517578,3700
2026-08-10 10:34:00,46.65999984741211,46.70000076293945,46.65999984741211,46.70000076293945,46.70000076293945,10700
2026-08-10 10:35:00,46.70000076293945,46.70000076293945,46.70000076293945,46.70000076293945,46.70000076293945,200
2026-08-10 10:36:00,46.70000076293945,46.70000076293945,46.68000030517578,46.70000076293945,46.70000076293945,2400
2026-08-10 10:37:00,46.70000076293945,46.720001220703125,46.70000076293945,46.720001220703125,46.720001220703125,1700
2026-08-10 10:38:00,46.720001220703125,46.720001220703125,46.70000076293945,46.70000076293945,46.70000076293945,6000
2026-08-10 10:39:00,46.68000030517578,46.70000076293945,46.68000030517578,46.70000076293945,46.70000076293945,300
2026-08-10 10:40:00,46.70000076293945,46.70000076293945,46.560001373291016,46.58000183105469,46.58000183105469,7900
2026-08-10 10:41:00,46.619998931884766,46.63999938964844,46.619998931884766,46.63999938964844,46.63999938964844,1700
2026-08-10 10:42:00,46.65999984741211,46.65999984741211,46.560001373291016,46.58000183105469,46.58000183105469,32200
2026-08-10 10:43:00,46.58000183105469,46.619998931884766,46.58000183105469,46.59999847412109,46.59999847412109,3000
2026-08-10 10:44:00,46.63999938964844,46.63999938964844,46.59999847412109,46.59999847412109,46.59999847412109,2800
2026-08-10 10:45:00,46.59999847412109,46.59999847412109,46.58000183105469,46.58000183105469,46.58000183105469,2600
2026-08-10 10:46:00,46.619998931884766,46.619998931884766,46.58000183105469,46.58000183105469,46.58000183105469,4700
2026-08-10 10:47:00,46.58000183105469,46.59999847412109,46.540000915527344,46.560001373291016,46.560001373291016,3300
2026-08-10 10:48:00,46.58000183105469,46.59999847412109,46.560001373291016,46.59999847412109,46.59999847412109,700
2026-08-10 10:49:00,46.58000183105469,46.59999847412109,46.560001373291016,46.560001373291016,46.560001373291016,2900
2026-08-10 10:50:00,46.560001373291016,46.58000183105469,46.560001373291016,46.58000183105469,46.58000183105469,1200
2026-08-10 10:51:00,46.58000183105469,46.59999847412109,46.58000183105469,46.58000183105469,46.58000183105469,2100
2026-08-10 10:52:00,46.58000183105469,46.59999847412109,46.58000183105469,46.59999847412109,46.59999847412109,1000
2026-08-10 10:53:00,46.58000183105469,46.58000183105469,46.52000045776367,46.540000915527344,46.540000915527344,9700
2026-08-10 10:54:00,46.540000915527344,46.540000915527344,46.540000915527344,46.540000915527344,46.540000915527344,500
2026-08-10 10:55:00,46.560001373291016,46.560001373291016,46.5,46.5,46.5,4200
2026-08-10 10:56:00,46.5,46.5,46.41999816894531,46.41999816894531,46.41999816894531,22200
2026-08-10 10:57:00,46.43999862670898,46.47999954223633,46.43999862670898,46.47999954223633,46.47999954223633,8100
2026-08-10 10:59:00,46.5,46.5,46.47999954223633,46.47999954223633,46.47999954223633,1900
2026-08-10 11:00:00,46.5,46.560001373291016,46.5,46.560001373291016,46.560001373291016,17900
2026-08-10 11:01:00,46.58000183105469,46.58000183105469,46.58000183105469,46.58000183105469,46.58000183105469,1600
2026-08-10 11:02:00,46.58000183105469,46.58000183105469,46.560001373291016,46.560001373291016,46.560001373291016,5000
2026-08-10 11:03:00,46.540000915527344,46.560001373291016,46.540000915527344,46.560001373291016,46.560001373291016,2400
2026-08-10 11:04:00,46.560001373291016,46.58000183105469,46.560001373291016,46.58000183105469,46.58000183105469,3500
2026-08-10 11:05:00,46.58000183105469,46.58000183105469,46.58000183105469,46.58000183105469,46.58000183105469,800
2026-08-10 11:06:00,46.58000183105469,46.59999847412109,46.560001373291016,46.560001373291016,46.560001373291016,6800
2026-08-10 11:07:00,46.540000915527344,46.540000915527344,46.540000915527344,46.540000915527344,46.540000915527344,200
2026-08-10 11:08:00,46.58000183105469,46.58000183105469,46.560001373291016,46.560001373291016,46.560001373291016,1800
2026-08-10 11:10:00,46.59999847412109,46.59999847412109,46.58000183105469,46.58000183105469,46.58000183105469,2100
2026-08-10 11:11:00,46.58000183105469,46.58000183105469,46.58000183105469,46.58000183105469,46.58000183105469,200
2026-08-10 11:12:00,46.59999847412109,46.59999847412109,46.58000183105469,46.58000183105469,46.58000183105469,2100
2026-08-10 11:13:00,46.59999847412109,46.59999847412109,46.58000183105469,46.59999847412109,46.59999847412109,600
2026-08-10 11:14:00,46.59999847412109,46.59999847412109,46.58000183105469,46.58000183105469,46.58000183105469,2300
2026-08-10 11:15:00,46.59999847412109,46.59999847412109,46.59999847412109,46.59999847412109,46.59999847412109,700
2026-08-10 11:16:00,46.59999847412109,46.59999847412109,46.58000183105469,46.59999847412109,46.59999847412109,3000
2026-08-10 11:17:00,46.59999847412109,46.59999847412109,46.59999847412109,46.59999847412109,46.59999847412109,300
2026-08-10 11:18:00,46.59999847412109,46.59999847412109,46.59999847412109,46.59999847412109,46.59999847412109,2800
2026-08-10 11:19:00,46.59999847412109,46.619998931884766,46.59999847412109,46.619998931884766,46.619998931884766,1800
2026-08-10 11:20:00,46.619998931884766,46.63999938964844,46.619998931884766,46.63999938964844,46.63999938964844,3100
2026-08-10 11:21:00,46.59999847412109,46.63999938964844,46.58000183105469,46.63999938964844,46.63999938964844,17500
2026-08-10 11:22:00,46.63999938964844,46.63999938964844,46.59999847412109,46.619998931884766,46.619998931884766,6700
2026-08-10 11:23:00,46.59999847412109,46.59999847412109,46.560001373291016,46.560001373291016,46.560001373291016,2900
2026-08-10 11:24:00,46.58000183105469,46.59999847412109,46.58000183105469,46.58000183105469,46.58000183105469,3300
2026-08-10 11:25:00,46.619998931884766,46.619998931884766,46.560001373291016,46.560001373291016,46.560001373291016,3100
2026-08-10 11:26:00,46.560001373291016,46.560001373291016,46.560001373291016,46.560001373291016,46.560001373291016,100
2026-08-10 11:27:00,46.58000183105469,46.59999847412109,46.58000183105469,46.59999847412109,46.59999847412109,1400
2026-08-10 11:28:00,46.59999847412109,46.59999847412109,46.5,46.5,46.5,9500
2026-08-10 11:29:00,46.540000915527344,46.560001373291016,46.540000915527344,46.560001373291016,46.560001373291016,500
2026-08-10 11:30:00,46.560001373291016,46.58000183105469,46.540000915527344,46.540000915527344,46.540000915527344,3500
2026-08-10 11:31:00,46.560001373291016,46.560001373291016,46.540000915527344,46.540000915527344,46.540000915527344,1700
2026-08-10 11:32:00,46.58000183105469,46.58000183105469,46.560001373291016,46.560001373291016,46.560001373291016,4000
2026-08-10 11:33:00,46.58000183105469,46.58000183105469,46.560001373291016,46.560001373291016,46.560001373291016,500
2026-08-10 11:34:00,46.59999847412109,46.59999847412109,46.58000183105469,46.58000183105469,46.58000183105469,1300
2026-08-10 11:35:00,46.619998931884766,46.619998931884766,46.58000183105469,46.58000183105469,46.58000183105469,2000
2026-08-10 11:37:00,46.619998931884766,46.619998931884766,46.59999847412109,46.59999847412109,46.59999847412109,1400
2026-08-10 11:38:00,46.619998931884766,46.63999938964844,46.59999847412109,46.63999938964844,46.63999938964844,2200
2026-08-10 11:39:00,46.63999938964844,46.63999938964844,46.619998931884766,46.619998931884766,46.619998931884766,300
2026-08-10 11:40:00,46.63999938964844,46.63999938964844,46.619998931884766,46.619998931884766,46.619998931884766,2000
2026-08-10 11:41:00,46.619998931884766,46.619998931884766,46.59999847412109,46.59999847412109,46.59999847412109,3100
2026-08-10 11:42:00,46.63999938964844,46.63999938964844,46.59999847412109,46.59999847412109,46.59999847412109,2500
2026-08-10 11:44:00,46.63999938964844,46.63999938964844,46.59999847412109,46.59999847412109,46.59999847412109,2200
2026-08-10 11:45:00,46.59999847412109,46.59999847412109,46.59999847412109,46.59999847412109,46.59999847412109,700
2026-08-10 11:46:00,46.63999938964844,46.63999938964844,46.560001373291016,46.560001373291016,46.560001373291016,10200
2026-08-10 11:47:00,46.540000915527344,46.540000915527344,46.540000915527344,46.540000915527344,46.540000915527344,100
2026-08-10 11:48:00,46.560001373291016,46.560001373291016,46.540000915527344,46.540000915527344,46.540000915527344,2000
2026-08-10 11:49:00,46.560001373291016,46.560001373291016,46.560001373291016,46.560001373291016,46.560001373291016,1900
2026-08-10 11:51:00,46.560001373291016,46.560001373291016,46.560001373291016,46.560001373291016,46.560001373291016,1000
2026-08-10 11:52:00,46.560001373291016,46.58000183105469,46.560001373291016,46.58000183105469,46.58000183105469,2000
2026-08-10 11:53:00,46.560001373291016,46.560001373291016,46.5,46.540000915527344,46.540000915527344,6800
2026-08-10 11:54:00,46.560001373291016,46.58000183105469,46.560001373291016,46.58000183105469,46.58000183105469,1700
2026-08-10 11:55:00,46.58000183105469,46.58000183105469,46.560001373291016,46.560001373291016,46.560001373291016,1200
2026-08-10 11:56:00,46.58000183105469,46.59999847412109,46.58000183105469,46.59999847412109,46.59999847412109,3000
2026-08-10 11:57:00,46.619998931884766,46.619998931884766,46.59999847412109,46.59999847412109,46.59999847412109,1700
2026-08-10 11:58:00,46.63999938964844,46.65999984741211,46.619998931884766,46.619998931884766,46.619998931884766,3600
2026-08-10 11:59:00,46.65999984741211,46.65999984741211,46.619998931884766,46.65999984741211,46.65999984741211,1700
2026-08-10 13:00:00,46.65999984741211,46.65999984741211,46.52000045776367,46.58000183105469,46.58000183105469,13200
2026-08-10 13:01:00,46.58000183105469,46.59999847412109,46.58000183105469,46.59999847412109,46.59999847412109,800
2026-08-10 13:02:00,46.619998931884766,46.68000030517578,46.619998931884766,46.68000030517578,46.68000030517578,5500
2026-08-10 13:03:00,46.68000030517578,46.68000030517578,46.68000030517578,46.68000030517578,46.68000030517578,500
2026-08-10 13:04:00,46.70000076293945,46.70000076293945,46.70000076293945,46.70000076293945,46.70000076293945,1900
2026-08-10 13:05:00,46.70000076293945,46.70000076293945,46.70000076293945,46.70000076293945,46.70000076293945,400
2026-08-10 13:06:00,46.70000076293945,46.70000076293945,46.68000030517578,46.68000030517578,46.68000030517578,7700
2026-08-10 13:07:00,46.68000030517578,46.68000030517578,46.68000030517578,46.68000030517578,46.68000030517578,2000
2026-08-10 13:08:00,46.68000030517578,46.68000030517578,46.68000030517578,46.68000030517578,46.68000030517578,600
2026-08-10 13:09:00,46.68000030517578,46.68000030517578,46.63999938964844,46.63999938964844,46.63999938964844,6200
2026-08-10 13:10:00,46.63999938964844,46.63999938964844,46.63999938964844,46.63999938964844,46.63999938964844,800
2026-08-10 13:11:00,46.65999984741211,46.65999984741211,46.619998931884766,46.619998931884766,46.619998931884766,2900
2026-08-10 13:13:00,46.63999938964844,46.65999984741211,46.63999938964844,46.65999984741211,46.65999984741211,1300
2026-08-10 13:14:00,46.65999984741211,46.65999984741211,46.619998931884766,46.619998931884766,46.619998931884766,5600
2026-08-10 13:15:00,46.59999847412109,46.619998931884766,46.59999847412109,46.619998931884766,46.619998931884766,1500
2026-08-10 13:16:00,46.59999847412109,46.59999847412109,46.560001373291016,46.560001373291016,46.560001373291016,2400
2026-08-10 13:17:00,46.540000915527344,46.58000183105469,46.540000915527344,46.58000183105469,46.58000183105469,3300
2026-08-10 13:18:00,46.59999847412109,46.59999847412109,46.59999847412109,46.59999847412109,46.59999847412109,3300
2026-08-10 13:19:00,46.59999847412109,46.59999847412109,46.59999847412109,46.59999847412109,46.59999847412109,400
2026-08-10 13:20:00,46.59999847412109,46.619998931884766,46.59999847412109,46.619998931884766,46.619998931884766,2400
2026-08-10 13:21:00,46.619998931884766,46.619998931884766,46.619998931884766,46.619998931884766,46.619998931884766,1100
2026-08-10 13:22:00,46.619998931884766,46.65999984741211,46.619998931884766,46.65999984741211,46.65999984741211,5500
2026-08-10 13:23:00,46.63999938964844,46.63999938964844,46.619998931884766,46.63999938964844,46.63999938964844,6200
2026-08-10 13:24:00,46.63999938964844,46.63999938964844,46.63999938964844,46.63999938964844,46.63999938964844,700
2026-08-10 13:25:00,46.63999938964844,46.65999984741211,46.619998931884766,46.63999938964844,46.63999938964844,2000
2026-08-10 13:26:00,46.63999938964844,46.65999984741211,46.63999938964844,46.65999984741211,46.65999984741211,300
2026-08-10 13:27:00,46.65999984741211,46.65999984741211,46.65999984741211,46.65999984741211,46.65999984741211,1800
2026-08-10 13:28:00,46.65999984741211,46.65999984741211,46.59999847412109,46.59999847412109,46.59999847412109,7800
2026-08-10 13:29:00,46.59999847412109,46.619998931884766,46.58000183105469,46.58000183105469,46.58000183105469,3500
2026-08-10 13:30:00,46.58000183105469,46.58000183105469,46.58000183105469,46.58000183105469,46.58000183105469,2000
2026-08-10 13:31:00,46.58000183105469,46.59999847412109,46.58000183105469,46.59999847412109,46.59999847412109,1500
2026-08-10 13:32:00,46.59999847412109,46.619998931884766,46.59999847412109,46.619998931884766,46.619998931884766,2000
2026-08-10 13:33:00,46.619998931884766,46.619998931884766,46.59999847412109,46.619998931884766,46.619998931884766,300
2026-08-10 13:34:00,46.59999847412109,46.619998931884766,46.59999847412109,46.619998931884766,46.619998931884766,1900
2026-08-10 13:35:00,46.619998931884766,46.619998931884766,46.619998931884766,46.619998931884766,46.619998931884766,2800
2026-08-10 13:36:00,46.619998931884766,46.63999938964844,46.619998931884766,46.63999938964844,46.63999938964844,2000
2026-08-10 13:37:00,46.619998931884766,46.68000030517578,46.619998931884766,46.68000030517578,46.68000030517578,9400
2026-08-10 13:38:00,46.68000030517578,46.68000030517578,46.68000030517578,46.68000030517578,46.68000030517578,1800
2026-08-10 13:39:00,46.68000030517578,46.68000030517578,46.68000030517578,46.68000030517578,46.68000030517578,1300
2026-08-10 13:40:00,46.65999984741211,46.77999877929688,46.65999984741211,46.77999877929688,46.77999877929688,29300
2026-08-10 13:41:00,46.77999877929688,46.79999923706055,46.7400016784668,46.7599983215332,46.7599983215332,10300
2026-08-10 13:42:00,46.7599983215332,46.7599983215332,46.720001220703125,46.720001220703125,46.720001220703125,9200
2026-08-10 13:43:00,46.7400016784668,46.86000061035156,46.7400016784668,46.81999969482422,46.81999969482422,14100
2026-08-10 13:44:00,46.81999969482422,46.84000015258789,46.81999969482422,46.84000015258789,46.84000015258789,2100
2026-08-10 13:46:00,46.84000015258789,46.84000015258789,46.84000015258789,46.84000015258789,46.84000015258789,1800
2026-08-10 13:47:00,46.86000061035156,46.86000061035156,46.86000061035156,46.86000061035156,46.86000061035156,5400
2026-08-10 13:49:00,46.880001068115234,46.880001068115234,46.86000061035156,46.86000061035156,46.86000061035156,2500
2026-08-10 13:50:00,46.86000061035156,46.86000061035156,46.84000015258789,46.86000061035156,46.86000061035156,1000
2026-08-10 13:51:00,46.86000061035156,46.880001068115234,46.86000061035156,46.880001068115234,46.880001068115234,1200
2026-08-10 13:52:00,46.86000061035156,46.86000061035156,46.79999923706055,46.84000015258789,46.84000015258789,12700
2026-08-10 13:53:00,46.84000015258789,46.84000015258789,46.84000015258789,46.84000015258789,46.84000015258789,1900
2026-08-10 13:54:00,46.86000061035156,46.86000061035156,46.81999969482422,46.81999969482422,46.81999969482422,8300
2026-08-10 13:55:00,46.79999923706055,46.84000015258789,46.79999923706055,46.84000015258789,46.84000015258789,1000
2026-08-10 13:56:00,46.81999969482422,46.84000015258789,46.81999969482422,46.81999969482422,46.81999969482422,4000
2026-08-10 13:57:00,46.86000061035156,46.86000061035156,46.81999969482422,46.86000061035156,46.86000061035156,3800
2026-08-10 13:58:00,46.84000015258789,46.84000015258789,46.84000015258789,46.84000015258789,46.84000015258789,2100
2026-08-10 13:59:00,46.86000061035156,46.880001068115234,46.86000061035156,46.880001068115234,46.880001068115234,5600
2026-08-10 14:00:00,46.880001068115234,46.880001068115234,46.84000015258789,46.84000015258789,46.84000015258789,4900
2026-08-10 14:01:00,46.81999969482422,46.84000015258789,46.79999923706055,46.79999923706055,46.79999923706055,4000
2026-08-10 14:02:00,46.84000015258789,46.84000015258789,46.79999923706055,46.79999923706055,46.79999923706055,700
2026-08-10 14:03:00,46.81999969482422,46.84000015258789,46.81999969482422,46.84000015258789,46.84000015258789,5500
2026-08-10 14:04:00,46.84000015258789,46.84000015258789,46.77999877929688,46.77999877929688,46.77999877929688,9000
2026-08-10 14:05:00,46.77999877929688,46.81999969482422,46.77999877929688,46.81999969482422,46.81999969482422,2200
2026-08-10 14:06:00,46.79999923706055,46.79999923706055,46.79999923706055,46.79999923706055,46.79999923706055,1000
2026-08-10 14:07:00,46.81999969482422,46.84000015258789,46.81999969482422,46.84000015258789,46.84000015258789,7800
2026-08-10 14:09:00,46.81999969482422,46.84000015258789,46.81999969482422,46.84000015258789,46.84000015258789,2700
2026-08-10 14:10:00,46.81999969482422,46.84000015258789,46.81999969482422,46.84000015258789,46.84000015258789,600
2026-08-10 14:11:00,46.84000015258789,46.84000015258789,46.81999969482422,46.84000015258789,46.84000015258789,3800
2026-08-10 14:12:00,46.84000015258789,46.84000015258789,46.81999969482422,46.84000015258789,46.84000015258789,1600
2026-08-10 14:13:00,46.81999969482422,46.81999969482422,46.77999877929688,46.79999923706055,46.79999923706055,15000
2026-08-10 14:14:00,46.77999877929688,46.77999877929688,46.7599983215332,46.7599983215332,46.7599983215332,1300
2026-08-10 14:15:00,46.7599983215332,46.79999923706055,46.7599983215332,46.77999877929688,46.77999877929688,3100
2026-08-10 14:16:00,46.7599983215332,46.7599983215332,46.70000076293945,46.70000076293945,46.70000076293945,8700
2026-08-10 14:17:00,46.720001220703125,46.7599983215332,46.720001220703125,46.7400016784668,46.7400016784668,5600
2026-08-10 14:18:00,46.720001220703125,46.7599983215332,46.720001220703125,46.7599983215332,46.7599983215332,4100
2026-08-10 14:19:00,46.77999877929688,46.77999877929688,46.7599983215332,46.7599983215332,46.7599983215332,6100
2026-08-10 14:20:00,46.7400016784668,46.7400016784668,46.7400016784668,46.7400016784668,46.7400016784668,2600
2026-08-10 14:21:00,46.720001220703125,46.7599983215332,46.720001220703125,46.7599983215332,46.7599983215332,3700
2026-08-10 14:22:00,46.77999877929688,46.77999877929688,46.77999877929688,46.77999877929688,46.77999877929688,1800
2026-08-10 14:23:00,46.77999877929688,46.77999877929688,46.77999877929688,46.77999877929688,46.77999877929688,1500
2026-08-10 14:24:00,46.79999923706055,46.79999923706055,46.79999923706055,46.79999923706055,46.79999923706055,3000
2026-08-10 14:26:00,46.81999969482422,46.81999969482422,46.77999877929688,46.79999923706055,46.79999923706055,2900
2026-08-10 14:28:00,46.81999969482422,46.81999969482422,46.81999969482422,46.81999969482422,46.81999969482422,3200
2026-08-10 14:29:00,46.81999969482422,46.81999969482422,46.81999969482422,46.81999969482422,46.81999969482422,10600
2026-08-10 14:30:00,46.84000015258789,46.84000015258789,46.79999923706055,46.84000015258789,46.84000015258789,2700
2026-08-10 14:32:00,46.84000015258789,46.84000015258789,46.77999877929688,46.77999877929688,46.77999877929688,15000
2026-08-10 14:33:00,46.7599983215332,46.77999877929688,46.7400016784668,46.7400016784668,46.7400016784668,3800
2026-08-10 14:34:00,46.7599983215332,46.7599983215332,46.7400016784668,46.7400016784668,46.7400016784668,4300
2026-08-10 14:35:00,46.720001220703125,46.7599983215332,46.720001220703125,46.7599983215332,46.7599983215332,6200
2026-08-10 14:36:00,46.77999877929688,46.81999969482422,46.7599983215332,46.7599983215332,46.7599983215332,16000
2026-08-10 14:37:00,46.7599983215332,46.7599983215332,46.7599983215332,46.7599983215332,46.7599983215332,2100
2026-08-10 14:38:00,46.7400016784668,46.7400016784668,46.7400016784668,46.7400016784668,46.7400016784668,100
2026-08-10 14:39:00,46.7599983215332,46.7599983215332,46.7400016784668,46.7400016784668,46.7400016784668,2500
2026-08-10 14:40:00,46.7599983215332,46.7599983215332,46.7400016784668,46.7400016784668,46.7400016784668,4100
2026-08-10 14:41:00,46.720001220703125,46.7400016784668,46.720001220703125,46.7400016784668,46.7400016784668,2600
2026-08-10 14:42:00,46.720001220703125,46.720001220703125,46.720001220703125,46.720001220703125,46.720001220703125,1400
2026-08-10 14:43:00,46.7400016784668,46.7400016784668,46.7400016784668,46.7400016784668,46.7400016784668,1800
2026-08-10 14:44:00,46.720001220703125,46.720001220703125,46.720001220703125,46.720001220703125,46.720001220703125,700
2026-08-10 14:45:00,46.7400016784668,46.7400016784668,46.7400016784668,46.7400016784668,46.7400016784668,1800
2026-08-10 14:46:00,46.7400016784668,46.7400016784668,46.7400016784668,46.7400016784668,46.7400016784668,1100
2026-08-10 14:47:00,46.7400016784668,46.7400016784668,46.7400016784668,46.7400016784668,46.7400016784668,2600
2026-08-10 14:48:00,46.7400016784668,46.7400016784668,46.7400016784668,46.7400016784668,46.7400016784668,2600
2026-08-10 14:49:00,46.7599983215332,46.7599983215332,46.7599983215332,46.7599983215332,46.7599983215332,1900
2026-08-10 14:50:00,46.7599983215332,46.79999923706055,46.7400016784668,46.79999923706055,46.79999923706055,6400
2026-08-10 14:51:00,46.79999923706055,46.81999969482422,46.79999923706055,46.79999923706055,46.79999923706055,11500
2026-08-10 14:52:00,46.79999923706055,46.79999923706055,46.79999923706055,46.79999923706055,46.79999923706055,1300
2026-08-10 14:53:00,46.79999923706055,46.81999969482422,46.77999877929688,46.77999877929688,46.77999877929688,2400
2026-08-10 14:54:00,46.77999877929688,46.77999877929688,46.77999877929688,46.77999877929688,46.77999877929688,1400
2026-08-10 14:55:00,46.81999969482422,46.81999969482422,46.81999969482422,46.81999969482422,46.81999969482422,2200
2026-08-10 14:57:00,46.81999969482422,46.81999969482422,46.79999923706055,46.81999969482422,46.81999969482422,2800
2026-08-10 14:58:00,46.79999923706055,46.79999923706055,46.79999923706055,46.79999923706055,46.79999923706055,400
2026-08-10 14:59:00,46.79999923706055,46.81999969482422,46.79999923706055,46.79999923706055,46.79999923706055,3500
2026-08-10 15:00:00,46.81999969482422,46.86000061035156,46.81999969482422,46.86000061035156,46.86000061035156,4700
2026-08-10 15:01:00,46.86000061035156,46.86000061035156,46.86000061035156,46.86000061035156,46.86000061035156,4700
2026-08-10 15:02:00,46.86000061035156,46.880001068115234,46.86000061035156,46.880001068115234,46.880001068115234,1800
2026-08-10 15:03:00,46.880001068115234,46.880001068115234,46.880001068115234,46.880001068115234,46.880001068115234,700
2026-08-10 15:04:00,46.880001068115234,46.880001068115234,46.880001068115234,46.880001068115234,46.880001068115234,3700
2026-08-10 15:05:00,46.880001068115234,46.880001068115234,46.86000061035156,46.86000061035156,46.86000061035156,11500
2026-08-10 15:06:00,46.880001068115234,46.91999816894531,46.880001068115234,46.91999816894531,46.91999816894531,23500
2026-08-10 15:07:00,46.93999862670898,46.97999954223633,46.900001525878906,46.900001525878906,46.900001525878906,17200
2026-08-10 15:08:00,46.91999816894531,46.91999816894531,46.900001525878906,46.900001525878906,46.900001525878906,3900
2026-08-10 15:09:00,46.900001525878906,46.91999816894531,46.900001525878906,46.900001525878906,46.900001525878906,3400
2026-08-10 15:10:00,46.900001525878906,46.93999862670898,46.900001525878906,46.93999862670898,46.93999862670898,2700
2026-08-10 15:11:00,46.91999816894531,46.959999084472656,46.91999816894531,46.959999084472656,46.959999084472656,6100
2026-08-10 15:12:00,46.959999084472656,46.959999084472656,46.93999862670898,46.93999862670898,46.93999862670898,6103
2026-08-10 15:13:00,46.93999862670898,46.959999084472656,46.91999816894531,46.93999862670898,46.93999862670898,2600
2026-08-10 15:14:00,46.959999084472656,46.959999084472656,46.959999084472656,46.959999084472656,46.959999084472656,1000
2026-08-10 15:15:00,46.959999084472656,46.959999084472656,46.959999084472656,46.959999084472656,46.959999084472656,3900
2026-08-10 15:16:00,46.959999084472656,46.97999954223633,46.959999084472656,46.97999954223633,46.97999954223633,3700
2026-08-10 15:17:00,46.97999954223633,46.97999954223633,46.97999954223633,46.97999954223633,46.97999954223633,1200
2026-08-10 15:18:00,46.97999954223633,46.97999954223633,46.97999954223633,46.97999954223633,46.97999954223633,5600
2026-08-10 15:19:00,46.97999954223633,46.97999954223633,46.97999954223633,46.97999954223633,46.97999954223633,2000
2026-08-10 15:20:00,46.97999954223633,46.97999954223633,46.97999954223633,46.97999954223633,46.97999954223633,4000
2026-08-10 15:21:00,46.97999954223633,47.02000045776367,46.97999954223633,47.0,47.0,20800
2026-08-10 15:22:00,47.0,47.0,47.0,47.0,47.0,2910
2026-08-10 15:23:00,47.0,47.060001373291016,47.0,47.060001373291016,47.060001373291016,8300
2026-08-10 15:24:00,47.060001373291016,47.060001373291016,47.0,47.02000045776367,47.02000045776367,17600
2026-08-10 15:25:00,47.02000045776367,47.02000045776367,47.02000045776367,47.02000045776367,47.02000045776367,3000
2026-08-10 15:26:00,47.02000045776367,47.040000915527344,47.02000045776367,47.02000045776367,47.02000045776367,4000
2026-08-10 15:27:00,47.02000045776367,47.02000045776367,47.02000045776367,47.02000045776367,47.02000045776367,900
2026-08-10 15:28:00,47.02000045776367,47.040000915527344,47.02000045776367,47.040000915527344,47.040000915527344,2700
2026-08-10 15:29:00,47.040000915527344,47.040000915527344,47.02000045776367,47.040000915527344,47.040000915527344,2800
2026-08-10 15:30:00,47.040000915527344,47.040000915527344,46.97999954223633,47.0,47.0,15900
2026-08-10 15:31:00,46.97999954223633,47.0,46.959999084472656,47.0,47.0,1800
2026-08-10 15:32:00,47.0,47.0,46.959999084472656,47.0,47.0,3200
2026-08-10 15:33:00,47.0,47.0,46.97999954223633,47.0,47.0,1300
2026-08-10 15:34:00,46.97999954223633,47.02000045776367,46.97999954223633,47.02000045776367,47.02000045776367,3900
2026-08-10 15:35:00,47.02000045776367,47.02000045776367,47.0,47.02000045776367,47.02000045776367,1600
2026-08-10 15:36:00,47.02000045776367,47.02000045776367,47.02000045776367,47.02000045776367,47.02000045776367,2800
2026-08-10 15:37:00,47.02000045776367,47.02000045776367,47.0,47.02000045776367,47.02000045776367,3200
2026-08-10 15:38:00,47.02000045776367,47.040000915527344,46.97999954223633,46.97999954223633,46.97999954223633,20800
2026-08-10 15:39:00,46.959999084472656,47.02000045776367,46.959999084472656,47.02000045776367,47.02000045776367,3200
2026-08-10 15:40:00,47.02000045776367,47.02000045776367,46.97999954223633,47.0,47.0,2800
2026-08-10 15:41:00,47.0,47.02000045776367,47.0,47.02000045776367,47.02000045776367,4400
2026-08-10 15:42:00,47.02000045776367,47.02000045776367,47.0,47.0,47.0,4500
2026-08-10 15:43:00,47.0,47.02000045776367,47.0,47.02000045776367,47.02000045776367,2200
2026-08-10 15:44:00,47.02000045776367,47.02000045776367,47.0,47.02000045776367,47.02000045776367,4200
2026-08-10 15:45:00,47.02000045776367,47.02000045776367,47.0,47.0,47.0,13000
2026-08-10 15:46:00,46.97999954223633,47.0,46.97999954223633,47.0,47.0,1900
2026-08-10 15:47:00,47.0,47.02000045776367,46.97999954223633,47.0,47.0,6500
2026-08-10 15:48:00,47.0,47.02000045776367,46.97999954223633,47.02000045776367,47.02000045776367,4000
2026-08-10 15:49:00,47.0,47.02000045776367,46.97999954223633,47.0,47.0,6600
2026-08-10 15:50:00,47.0,47.0,46.97999954223633,47.0,47.0,600
2026-08-10 15:51:00,47.0,47.0,46.97999954223633,46.97999954223633,46.97999954223633,9800
2026-08-10 15:52:00,46.959999084472656,46.97999954223633,46.959999084472656,46.97999954223633,46.97999954223633,7117
2026-08-10 15:53:00,46.97999954223633,47.0,46.97999954223633,47.0,47.0,3400
2026-08-10 15:54:00,46.97999954223633,47.0,46.97999954223633,47.0,47.0,1800
2026-08-10 15:55:00,47.0,47.0,46.97999954223633,46.97999954223633,46.97999954223633,15200
2026-08-10 15:56:00,47.0,47.0,46.959999084472656,46.959999084472656,46.959999084472656,4600
2026-08-10 15:57:00,46.97999954223633,46.97999954223633,46.959999084472656,46.97999954223633,46.97999954223633,4900
2026-08-10 15:58:00,46.97999954223633,46.97999954223633,46.97999954223633,46.97999954223633,46.97999954223633,1300
2026-08-10 15:59:00,46.97999954223633,47.08000183105469,46.97999954223633,47.08000183105469,47.08000183105469,13400
2026-08-10 16:08:00,46.91999816894531,46.91999816894531,46.91999816894531,46.91999816894531,46.91999816894531,269800
2026-08-11 09:30:00,47.400001525878906,47.400001525878906,46.59999847412109,46.70000076293945,46.70000076293945,4600
2026-08-11 09:31:00,46.70000076293945,47.29999923706055,46.34000015258789,46.77999877929688,46.77999877929688,18600
2026-08-11 09:32:00,46.43999862670898,46.7599983215332,46.41999816894531,46.41999816894531,46.41999816894531,7979
2026-08-11 09:33:00,46.41999816894531,46.720001220703125,46.41999816894531,46.720001220703125,46.720001220703125,17500
2026-08-11 09:34:00,46.720001220703125,46.720001220703125,46.619998931884766,46.70000076293945,46.70000076293945,5600
2026-08-11 09:35:00,46.70000076293945,46.7400016784668,46.58000183105469,46.58000183105469,46.58000183105469,86900
2026-08-11 09:36:00,46.58000183105469,46.59999847412109,46.58000183105469,46.58000183105469,46.58000183105469,3300
2026-08-11 09:37:00,46.540000915527344,46.59999847412109,46.47999954223633,46.59999847412109,46.59999847412109,13300
2026-08-11 09:38:00,46.59999847412109,46.65999984741211,46.59999847412109,46.65999984741211,46.65999984741211,2100
2026-08-11 09:39:00,46.70000076293945,46.77999877929688,46.70000076293945,46.77999877929688,46.77999877929688,2400
2026-08-11 09:40:00,46.79999923706055,46.79999923706055,46.7599983215332,46.7599983215332,46.7599983215332,3400
2026-08-11 09:41:00,46.79999923706055,46.97999954223633,46.79999923706055,46.84000015258789,46.84000015258789,6100
2026-08-11 09:42:00,46.880001068115234,46.959999084472656,46.880001068115234,46.93999862670898,46.93999862670898,3700
2026-08-11 09:43:00,46.91999816894531,46.91999816894531,46.880001068115234,46.900001525878906,46.900001525878906,5900
2026-08-11 09:44:00,46.900001525878906,46.900001525878906,46.900001525878906,46.900001525878906,46.900001525878906,1100
2026-08-11 09:45:00,46.91999816894531,46.93999862670898,46.91999816894531,46.93999862670898,46.93999862670898,1000
2026-08-11 09:46:00,46.959999084472656,46.97999954223633,46.93999862670898,46.93999862670898,46.93999862670898,3500
2026-08-11 09:47:00,46.97999954223633,47.0,46.97999954223633,47.0,47.0,1800
2026-08-11 09:48:00,47.0,47.060001373291016,47.0,47.060001373291016,47.060001373291016,3500
2026-08-11 09:49:00,47.060001373291016,47.060001373291016,47.060001373291016,47.060001373291016,47.060001373291016,800
2026-08-11 09:50:00,47.02000045776367,47.040000915527344,46.959999084472656,47.040000915527344,47.040000915527344,8100
2026-08-11 09:51:00,47.040000915527344,47.060001373291016,47.040000915527344,47.060001373291016,47.060001373291016,1000
2026-08-11 09:52:00,47.02000045776367,47.02000045776367,47.0,47.02000045776367,47.02000045776367,3500
2026-08-11 09:53:00,47.02000045776367,47.040000915527344,47.02000045776367,47.040000915527344,47.040000915527344,1200
2026-08-11 09:54:00,47.040000915527344,47.20000076293945,47.040000915527344,47.09999847412109,47.09999847412109,14100
2026-08-11 09:55:00,47.13999938964844,47.13999938964844,47.13999938964844,47.13999938964844,47.13999938964844,1500
2026-08-11 09:56:00,47.09999847412109,47.119998931884766,47.08000183105469,47.08000183105469,47.08000183105469,8400
2026-08-11 09:57:00,47.09999847412109,47.119998931884766,47.08000183105469,47.08000183105469,47.08000183105469,15900
2026-08-11 09:58:00,47.08000183105469,47.20000076293945,47.08000183105469,47.20000076293945,47.20000076293945,24900
2026-08-11 09:59:00,47.20000076293945,47.2400016784668,47.119998931884766,47.119998931884766,47.119998931884766,14400
2026-08-11 10:00:00,47.13999938964844,47.13999938964844,47.13999938964844,47.13999938964844,47.13999938964844,300
2026-08-11 10:01:00,47.18000030517578,47.18000030517578,47.18000030517578,47.18000030517578,47.18000030517578,200
2026-08-11 10:02:00,47.18000030517578,47.18000030517578,47.18000030517578,47.18000030517578,47.18000030517578,900
2026-08-11 10:03:00,47.18000030517578,47.220001220703125,47.09999847412109,47.09999847412109,47.09999847412109,45900
2026-08-11 10:04:00,47.119998931884766,47.119998931884766,47.119998931884766,47.119998931884766,47.119998931884766,100
2026-08-11 10:05:00,47.119998931884766,47.15999984741211,47.119998931884766,47.15999984741211,47.15999984741211,1100
2026-08-11 10:06:00,47.15999984741211,47.15999984741211,47.15999984741211,47.15999984741211,47.15999984741211,1700
2026-08-11 10:07:00,47.15999984741211,47.15999984741211,47.15999984741211,47.15999984741211,47.15999984741211,2500
2026-08-11 10:08:00,47.15999984741211,47.15999984741211,47.15999984741211,47.15999984741211,47.15999984741211,2500
2026-08-11 10:09:00,47.13999938964844,47.13999938964844,47.09999847412109,47.09999847412109,47.09999847412109,10000
2026-08-11 10:12:00,47.13999938964844,47.13999938964844,47.13999938964844,47.13999938964844,47.13999938964844,100
2026-08-11 10:13:00,47.09999847412109,47.09999847412109,47.09999847412109,47.09999847412109,47.09999847412109,1400
2026-08-11 10:14:00,47.13999938964844,47.13999938964844,47.08000183105469,47.08000183105469,47.08000183105469,9500
2026-08-11 10:16:00,47.060001373291016,47.060001373291016,47.060001373291016,47.060001373291016,47.060001373291016,1000
2026-08-11 10:18:00,47.08000183105469,47.08000183105469,47.060001373291016,47.060001373291016,47.060001373291016,1200
2026-08-11 10:19:00,47.08000183105469,47.20000076293945,47.060001373291016,47.20000076293945,47.20000076293945,8500
2026-08-11 10:20:00,47.20000076293945,47.20000076293945,47.060001373291016,47.060001373291016,47.060001373291016,9100
2026-08-11 10:21:00,47.060001373291016,47.060001373291016,47.060001373291016,47.060001373291016,47.060001373291016,800
2026-08-11 10:22:00,47.08000183105469,47.15999984741211,47.08000183105469,47.13999938964844,47.13999938964844,4100
2026-08-11 10:23:00,47.15999984741211,47.20000076293945,47.15999984741211,47.20000076293945,47.20000076293945,1900
2026-08-11 10:24:00,47.18000030517578,47.18000030517578,47.15999984741211,47.15999984741211,47.15999984741211,2700
2026-08-11 10:25:00,47.18000030517578,47.18000030517578,47.08000183105469,47.08000183105469,47.08000183105469,29300
2026-08-11 10:27:00,47.060001373291016,47.060001373291016,47.060001373291016,47.060001373291016,47.060001373291016,1300
2026-08-11 10:28:00,47.040000915527344,47.040000915527344,47.040000915527344,47.040000915527344,47.040000915527344,200
2026-08-11 10:29:00,47.040000915527344,47.040000915527344,47.040000915527344,47.040000915527344,47.040000915527344,600
2026-08-11 10:30:00,47.040000915527344,47.040000915527344,47.040000915527344,47.040000915527344,47.040000915527344,200
2026-08-11 10:31:00,47.060001373291016,47.060001373291016,47.060001373291016,47.060001373291016,47.060001373291016,1700
2026-08-11 10:32:00,47.08000183105469,47.08000183105469,47.08000183105469,47.08000183105469,47.08000183105469,700
2026-08-11 10:33:00,47.040000915527344,47.08000183105469,47.02000045776367,47.040000915527344,47.040000915527344,12100
2026-08-11 10:35:00,47.040000915527344,47.040000915527344,47.040000915527344,47.040000915527344,47.040000915527344,300
2026-08-11 10:36:00,47.0,47.0,46.959999084472656,46.959999084472656,46.959999084472656,5000
2026-08-11 10:37:00,46.959999084472656,46.959999084472656,46.880001068115234,46.880001068115234,46.880001068115234,5300
2026-08-11 10:40:00,46.900001525878906,46.900001525878906,46.900001525878906,46.900001525878906,46.900001525878906,200
2026-08-11 10:41:00,46.880001068115234,46.880001068115234,46.84000015258789,46.880001068115234,46.880001068115234,15700
2026-08-11 10:42:00,46.900001525878906,46.93999862670898,46.900001525878906,46.91999816894531,46.91999816894531,6200
2026-08-11 10:43:00,46.91999816894531,46.91999816894531,46.880001068115234,46.880001068115234,46.880001068115234,5300
2026-08-11 10:45:00,46.880001068115234,46.880001068115234,46.880001068115234,46.880001068115234,46.880001068115234,200
2026-08-11 10:46:00,46.880001068115234,46.900001525878906,46.880001068115234,46.900001525878906,46.900001525878906,2400
2026-08-11 10:48:00,46.900001525878906,46.900001525878906,46.900001525878906,46.900001525878906,46.900001525878906,400
2026-08-11 10:49:00,46.900001525878906,46.900001525878906,46.880001068115234,46.880001068115234,46.880001068115234,4100
2026-08-11 10:50:00,46.86000061035156,46.880001068115234,46.86000061035156,46.880001068115234,46.880001068115234,4000
2026-08-11 10:51:00,46.84000015258789,46.86000061035156,46.84000015258789,46.86000061035156,46.86000061035156,3400
2026-08-11 10:52:00,46.84000015258789,46.84000015258789,46.84000015258789,46.84000015258789,46.84000015258789,100
2026-08-11 10:54:00,46.84000015258789,46.84000015258789,46.81999969482422,46.81999969482422,46.81999969482422,600
2026-08-11 10:55:00,46.84000015258789,46.84000015258789,46.84000015258789,46.84000015258789,46.84000015258789,100
2026-08-11 10:56:00,46.84000015258789,46.86000061035156,46.84000015258789,46.86000061035156,46.86000061035156,2000
2026-08-11 10:58:00,46.86000061035156,47.0,46.86000061035156,47.0,47.0,15900
2026-08-11 10:59:00,47.0,47.0,47.0,47.0,47.0,100
2026-08-11 11:00:00,46.959999084472656,46.959999084472656,46.91999816894531,46.91999816894531,46.91999816894531,13000
2026-08-11 11:01:00,46.880001068115234,46.880001068115234,46.880001068115234,46.880001068115234,46.880001068115234,100
2026-08-11 11:02:00,46.91999816894531,46.91999816894531,46.91999816894531,46.91999816894531,46.91999816894531,8900
2026-08-11 11:03:00,46.91999816894531,46.91999816894531,46.91999816894531,46.91999816894531,46.91999816894531,400
2026-08-11 11:04:00,46.91999816894531,46.91999816894531,46.91999816894531,46.91999816894531,46.91999816894531,100
2026-08-11 11:05:00,46.91999816894531,46.91999816894531,46.91999816894531,46.91999816894531,46.91999816894531,700
2026-08-11 11:06:00,46.91999816894531,46.91999816894531,46.91999816894531,46.91999816894531,46.91999816894531,800
2026-08-11 11:07:00,46.91999816894531,46.91999816894531,46.91999816894531,46.91999816894531,46.91999816894531,1500
2026-08-11 11:08:00,46.900001525878906,46.93999862670898,46.900001525878906,46.900001525878906,46.900001525878906,3700
2026-08-11 11:09:00,46.900001525878906,47.0,46.900001525878906,46.91999816894531,46.91999816894531,11900
2026-08-11 11:10:00,46.91999816894531,46.959999084472656,46.91999816894531,46.959999084472656,46.959999084472656,1900
2026-08-11 11:12:00,46.959999084472656,46.959999084472656,46.959999084472656,46.959999084472656,46.959999084472656,1000
2026-08-11 11:13:00,46.97999954223633,46.97999954223633,46.97999954223633,46.97999954223633,46.97999954223633,500
2026-08-11 11:14:00,46.97999954223633,47.0,46.97999954223633,46.97999954223633,46.97999954223633,5600
2026-08-11 11:15:00,47.0,47.0,47.0,47.0,47.0,1000
2026-08-11 11:16:00,47.0,47.0,47.0,47.0,47.0,400
2026-08-11 11:17:00,47.0,47.0,47.0,47.0,47.0,900
2026-08-11 11:18:00,47.0,47.0,47.0,47.0,47.0,3300
2026-08-11 11:19:00,47.0,47.0,47.0,47.0,47.0,700
2026-08-11 11:20:00,47.0,47.0,46.97999954223633,47.0,47.0,2400
2026-08-11 11:21:00,47.0,47.040000915527344,47.0,47.040000915527344,47.040000915527344,7900
2026-08-11 11:22:00,47.040000915527344,47.040000915527344,47.040000915527344,47.040000915527344,47.040000915527344,4100
2026-08-11 11:23:00,47.040000915527344,47.060001373291016,47.040000915527344,47.060001373291016,47.060001373291016,8000
2026-08-11 11:24:00,47.060001373291016,47.060001373291016,47.060001373291016,47.060001373291016,47.060001373291016,800
2026-08-11 11:25:00,47.060001373291016,47.060001373291016,47.060001373291016,47.060001373291016,47.060001373291016,1500
2026-08-11 11:26:00,47.060001373291016,47.060001373291016,47.060001373291016,47.060001373291016,47.060001373291016,100
2026-08-11 11:27:00,47.060001373291016,47.060001373291016,47.060001373291016,47.060001373291016,47.060001373291016,500
2026-08-11 11:28:00,47.060001373291016,47.060001373291016,47.02000045776367,47.040000915527344,47.040000915527344,5800
2026-08-11 11:29:00,47.040000915527344,47.040000915527344,47.040000915527344,47.040000915527344,47.040000915527344,800
2026-08-11 11:30:00,47.040000915527344,47.040000915527344,46.97999954223633,46.97999954223633,46.97999954223633,19400
2026-08-11 11:31:00,46.959999084472656,46.959999084472656,46.959999084472656,46.959999084472656,46.959999084472656,100
2026-08-11 11:33:00,46.959999084472656,46.959999084472656,46.959999084472656,46.959999084472656,46.959999084472656,200
2026-08-11 11:34:00,46.959999084472656,46.959999084472656,46.959999084472656,46.959999084472656,46.959999084472656,300
2026-08-11 11:35:00,46.93999862670898,46.93999862670898,46.93999862670898,46.93999862670898,46.93999862670898,1000
2026-08-11 11:36:00,46.959999084472656,46.959999084472656,46.959999084472656,46.959999084472656,46.959999084472656,100
2026-08-11 11:37:00,46.93999862670898,46.93999862670898,46.93999862670898,46.93999862670898,46.93999862670898,100
2026-08-11 11:38:00,46.959999084472656,46.97999954223633,46.93999862670898,46.97999954223633,46.97999954223633,3800
2026-08-11 11:41:00,46.97999954223633,46.97999954223633,46.97999954223633,46.97999954223633,46.97999954223633,1800
2026-08-11 11:42:00,46.97999954223633,47.02000045776367,46.97999954223633,47.02000045776367,47.02000045776367,8700
2026-08-11 11:43:00,47.02000045776367,47.040000915527344,47.0,47.0,47.0,3800
2026-08-11 11:44:00,46.97999954223633,46.97999954223633,46.97999954223633,46.97999954223633,46.97999954223633,4200
2026-08-11 11:46:00,46.959999084472656,46.959999084472656,46.959999084472656,46.959999084472656,46.959999084472656,2700
2026-08-11 11:48:00,46.959999084472656,46.959999084472656,46.959999084472656,46.959999084472656,46.959999084472656,200
2026-08-11 11:51:00,46.959999084472656,46.959999084472656,46.93999862670898,46.93999862670898,46.93999862670898,3200
2026-08-11 11:54:00,46.93999862670898,46.959999084472656,46.93999862670898,46.959999084472656,46.959999084472656,3400
2026-08-11 11:55:00,46.959999084472656,46.959999084472656,46.959999084472656,46.959999084472656,46.959999084472656,1600
2026-08-11 11:56:00,46.97999954223633,46.97999954223633,46.97999954223633,46.97999954223633,46.97999954223633,600
2026-08-11 11:57:00,46.97999954223633,46.97999954223633,46.97999954223633,46.97999954223633,46.97999954223633,1300
2026-08-11 11:58:00,46.97999954223633,47.0,46.97999954223633,47.0,47.0,1800
2026-08-11 11:59:00,47.0,47.02000045776367,46.97999954223633,47.0,47.0,1600
2026-08-11 13:00:00,47.02000045776367,47.02000045776367,46.959999084472656,46.959999084472656,46.959999084472656,14300
2026-08-11 13:01:00,46.959999084472656,46.959999084472656,46.959999084472656,46.959999084472656,46.959999084472656,800
2026-08-11 13:02:00,46.97999954223633,46.97999954223633,46.97999954223633,46.97999954223633,46.97999954223633,200
2026-08-11 13:03:00,46.97999954223633,46.97999954223633,46.97999954223633,46.97999954223633,46.97999954223633,1100
2026-08-11 13:04:00,47.0,47.0,47.0,47.0,47.0,100
2026-08-11 13:05:00,47.0,47.09999847412109,47.0,47.09999847412109,47.09999847412109,9200
2026-08-11 13:06:00,47.08000183105469,47.08000183105469,47.0,47.0,47.0,11800
2026-08-11 13:07:00,47.02000045776367,47.02000045776367,47.02000045776367,47.02000045776367,47.02000045776367,600
2026-08-11 13:09:00,47.02000045776367,47.02000045776367,46.959999084472656,46.959999084472656,46.959999084472656,5900
2026-08-11 13:10:00,46.93999862670898,46.959999084472656,46.93999862670898,46.93999862670898,46.93999862670898,2200
2026-08-11 13:11:00,46.93999862670898,46.93999862670898,46.93999862670898,46.93999862670898,46.93999862670898,2800
2026-08-11 13:12:00,46.93999862670898,46.93999862670898,46.93999862670898,46.93999862670898,46.93999862670898,100
2026-08-11 13:13:00,46.93999862670898,46.93999862670898,46.93999862670898,46.93999862670898,46.93999862670898,600
2026-08-11 13:14:00,46.93999862670898,46.959999084472656,46.93999862670898,46.959999084472656,46.959999084472656,1000
2026-08-11 13:15:00,46.959999084472656,47.0,46.959999084472656,47.0,47.0,2000
2026-08-11 13:16:00,47.0,47.0,46.880001068115234,46.880001068115234,46.880001068115234,12300
2026-08-11 13:18:00,46.86000061035156,46.900001525878906,46.86000061035156,46.900001525878906,46.900001525878906,7000
2026-08-11 13:19:00,46.900001525878906,46.91999816894531,46.900001525878906,46.91999816894531,46.91999816894531,200
2026-08-11 13:20:00,46.91999816894531,46.91999816894531,46.91999816894531,46.91999816894531,46.91999816894531,900
2026-08-11 13:21:00,46.91999816894531,46.91999816894531,46.91999816894531,46.91999816894531,46.91999816894531,900
2026-08-11 13:22:00,46.91999816894531,46.91999816894531,46.91999816894531,46.91999816894531,46.91999816894531,1400
2026-08-11 13:23:00,46.91999816894531,46.91999816894531,46.91999816894531,46.91999816894531,46.91999816894531,200
2026-08-11 13:24:00,46.91999816894531,46.91999816894531,46.91999816894531,46.91999816894531,46.91999816894531,1000
2026-08-11 13:25:00,46.91999816894531,46.93999862670898,46.91999816894531,46.93999862670898,46.93999862670898,3600
2026-08-11 13:26:00,46.93999862670898,46.93999862670898,46.93999862670898,46.93999862670898,46.93999862670898,1400
2026-08-11 13:27:00,46.91999816894531,46.91999816894531,46.91999816894531,46.91999816894531,46.91999816894531,3600
2026-08-11 13:28:00,46.93999862670898,46.93999862670898,46.93999862670898,46.93999862670898,46.93999862670898,400
2026-08-11 13:29:00,46.900001525878906,46.93999862670898,46.900001525878906,46.93999862670898,46.93999862670898,2100
2026-08-11 13:30:00,46.93999862670898,46.93999862670898,46.84000015258789,46.84000015258789,46.84000015258789,19200
2026-08-11 13:31:00,46.81999969482422,46.84000015258789,46.81999969482422,46.81999969482422,46.81999969482422,800
2026-08-11 13:33:00,46.81999969482422,46.81999969482422,46.81999969482422,46.81999969482422,46.81999969482422,700
2026-08-11 13:34:00,46.79999923706055,46.81999969482422,46.79999923706055,46.81999969482422,46.81999969482422,200
2026-08-11 13:35:00,46.81999969482422,46.81999969482422,46.81999969482422,46.81999969482422,46.81999969482422,200
2026-08-11 13:36:00,46.81999969482422,46.91999816894531,46.81999969482422,46.900001525878906,46.900001525878906,14000
2026-08-11 13:37:00,46.900001525878906,46.900001525878906,46.900001525878906,46.900001525878906,46.900001525878906,100
2026-08-11 13:38:00,46.900001525878906,46.900001525878906,46.880001068115234,46.900001525878906,46.900001525878906,700
2026-08-11 13:39:00,46.900001525878906,46.91999816894531,46.900001525878906,46.91999816894531,46.91999816894531,5000
2026-08-11 13:40:00,46.91999816894531,46.91999816894531,46.900001525878906,46.900001525878906,46.900001525878906,2800
2026-08-11 13:41:00,46.91999816894531,46.91999816894531,46.91999816894531,46.91999816894531,46.91999816894531,500
2026-08-11 13:42:00,46.91999816894531,46.91999816894531,46.91999816894531,46.91999816894531,46.91999816894531,2000
2026-08-11 13:43:00,46.900001525878906,46.900001525878906,46.900001525878906,46.900001525878906,46.900001525878906,5300
2026-08-11 13:44:00,46.900001525878906,46.91999816894531,46.900001525878906,46.91999816894531,46.91999816894531,12000
2026-08-11 13:45:00,46.91999816894531,46.91999816894531,46.91999816894531,46.91999816894531,46.91999816894531,1200
2026-08-11 13:46:00,46.91999816894531,46.91999816894531,46.91999816894531,46.91999816894531,46.91999816894531,1300
2026-08-11 13:47:00,46.91999816894531,46.91999816894531,46.900001525878906,46.900001525878906,46.900001525878906,4500
2026-08-11 13:48:00,46.91999816894531,46.91999816894531,46.91999816894531,46.91999816894531,46.91999816894531,500
2026-08-11 13:49:00,46.900001525878906,46.900001525878906,46.86000061035156,46.880001068115234,46.880001068115234,14500
2026-08-11 13:51:00,46.880001068115234,46.880001068115234,46.880001068115234,46.880001068115234,46.880001068115234,100
2026-08-11 13:52:00,46.880001068115234,46.880001068115234,46.880001068115234,46.880001068115234,46.880001068115234,1100
2026-08-11 13:53:00,46.880001068115234,46.880001068115234,46.880001068115234,46.880001068115234,46.880001068115234,100
2026-08-11 13:54:00,46.880001068115234,46.880001068115234,46.880001068115234,46.880001068115234,46.880001068115234,700
2026-08-11 13:55:00,46.880001068115234,46.880001068115234,46.86000061035156,46.880001068115234,46.880001068115234,5200
2026-08-11 13:56:00,46.880001068115234,46.880001068115234,46.880001068115234,46.880001068115234,46.880001068115234,600
2026-08-11 13:57:00,46.880001068115234,46.880001068115234,46.880001068115234,46.880001068115234,46.880001068115234,3100
2026-08-11 13:58:00,46.86000061035156,46.880001068115234,46.86000061035156,46.880001068115234,46.880001068115234,2200
2026-08-11 13:59:00,46.86000061035156,46.86000061035156,46.84000015258789,46.84000015258789,46.84000015258789,6700
2026-08-11 14:00:00,46.86000061035156,46.86000061035156,46.81999969482422,46.81999969482422,46.81999969482422,8900
2026-08-11 14:01:00,46.79999923706055,46.79999923706055,46.77999877929688,46.79999923706055,46.79999923706055,5400
2026-08-11 14:02:00,46.79999923706055,46.79999923706055,46.79999923706055,46.79999923706055,46.79999923706055,100
2026-08-11 14:04:00,46.77999877929688,46.77999877929688,46.77999877929688,46.77999877929688,46.77999877929688,2500
2026-08-11 14:05:00,46.7599983215332,46.7599983215332,46.7599983215332,46.7599983215332,46.7599983215332,200
2026-08-11 14:06:00,46.77999877929688,46.77999877929688,46.77999877929688,46.77999877929688,46.77999877929688,100
2026-08-11 14:07:00,46.77999877929688,46.77999877929688,46.720001220703125,46.7400016784668,46.7400016784668,12400
2026-08-11 14:08:00,46.7400016784668,46.7599983215332,46.7400016784668,46.7400016784668,46.7400016784668,12700
2026-08-11 14:09:00,46.720001220703125,46.720001220703125,46.720001220703125,46.720001220703125,46.720001220703125,300
2026-08-11 14:10:00,46.7400016784668,46.7400016784668,46.7400016784668,46.7400016784668,46.7400016784668,300
2026-08-11 14:11:00,46.7400016784668,46.7400016784668,46.7400016784668,46.7400016784668,46.7400016784668,500
2026-08-11 14:12:00,46.7400016784668,46.7400016784668,46.720001220703125,46.7400016784668,46.7400016784668,600
2026-08-11 14:13:00,46.7400016784668,46.7400016784668,46.7400016784668,46.7400016784668,46.7400016784668,800
2026-08-11 14:14:00,46.7400016784668,46.79999923706055,46.7400016784668,46.77999877929688,46.77999877929688,18700
2026-08-11 14:15:00,46.77999877929688,46.77999877929688,46.77999877929688,46.77999877929688,46.77999877929688,2400
2026-08-11 14:16:00,46.77999877929688,46.77999877929688,46.77999877929688,46.77999877929688,46.77999877929688,1000
2026-08-11 14:17:00,46.77999877929688,46.77999877929688,46.77999877929688,46.77999877929688,46.77999877929688,1400
2026-08-11 14:18:00,46.77999877929688,46.77999877929688,46.77999877929688,46.77999877929688,46.77999877929688,400
2026-08-11 14:19:00,46.77999877929688,46.77999877929688,46.77999877929688,46.77999877929688,46.77999877929688,2800
2026-08-11 14:20:00,46.77999877929688,46.77999877929688,46.77999877929688,46.77999877929688,46.77999877929688,800
2026-08-11 14:21:00,46.7599983215332,46.7599983215332,46.68000030517578,46.68000030517578,46.68000030517578,25300
2026-08-11 14:23:00,46.70000076293945,46.720001220703125,46.70000076293945,46.720001220703125,46.720001220703125,9100
2026-08-11 14:25:00,46.720001220703125,46.7599983215332,46.720001220703125,46.7599983215332,46.7599983215332,7500
2026-08-11 14:26:00,46.7400016784668,46.7400016784668,46.7400016784668,46.7400016784668,46.7400016784668,700
2026-08-11 14:27:00,46.7400016784668,46.7400016784668,46.7400016784668,46.7400016784668,46.7400016784668,300
2026-08-11 14:28:00,46.7400016784668,46.7400016784668,46.7400016784668,46.7400016784668,46.7400016784668,1100
2026-08-11 14:29:00,46.7400016784668,46.7400016784668,46.7400016784668,46.7400016784668,46.7400016784668,900
2026-08-11 14:30:00,46.7400016784668,46.7400016784668,46.7400016784668,46.7400016784668,46.7400016784668,1200
2026-08-11 14:31:00,46.7400016784668,46.7400016784668,46.720001220703125,46.720001220703125,46.720001220703125,5700
2026-08-11 14:32:00,46.70000076293945,46.70000076293945,46.68000030517578,46.68000030517578,46.68000030517578,12400
2026-08-11 14:33:00,46.68000030517578,46.68000030517578,46.68000030517578,46.68000030517578,46.68000030517578,900
2026-08-11 14:34:00,46.68000030517578,46.68000030517578,46.68000030517578,46.68000030517578,46.68000030517578,4900
2026-08-11 14:35:00,46.70000076293945,46.70000076293945,46.70000076293945,46.70000076293945,46.70000076293945,800
2026-08-11 14:36:00,46.70000076293945,46.70000076293945,46.68000030517578,46.68000030517578,46.68000030517578,5200
2026-08-11 14:38:00,46.65999984741211,46.65999984741211,46.65999984741211,46.65999984741211,46.65999984741211,100
2026-08-11 14:39:00,46.68000030517578,46.68000030517578,46.68000030517578,46.68000030517578,46.68000030517578,600
2026-08-11 14:40:00,46.68000030517578,46.68000030517578,46.65999984741211,46.68000030517578,46.68000030517578,1000
2026-08-11 14:41:00,46.68000030517578,46.68000030517578,46.68000030517578,46.68000030517578,46.68000030517578,1900
2026-08-11 14:42:00,46.68000030517578,46.70000076293945,46.65999984741211,46.70000076293945,46.70000076293945,2700
2026-08-11 14:43:00,46.70000076293945,46.70000076293945,46.70000076293945,46.70000076293945,46.70000076293945,300
2026-08-11 14:44:00,46.70000076293945,46.70000076293945,46.68000030517578,46.70000076293945,46.70000076293945,4900
2026-08-11 14:45:00,46.70000076293945,46.70000076293945,46.70000076293945,46.70000076293945,46.70000076293945,1100
2026-08-11 14:46:00,46.70000076293945,46.7400016784668,46.70000076293945,46.720001220703125,46.720001220703125,14500
2026-08-11 14:47:00,46.720001220703125,46.720001220703125,46.70000076293945,46.720001220703125,46.720001220703125,1700
2026-08-11 14:48:00,46.720001220703125,46.720001220703125,46.720001220703125,46.720001220703125,46.720001220703125,200
2026-08-11 14:49:00,46.720001220703125,46.7599983215332,46.70000076293945,46.7599983215332,46.7599983215332,5300
2026-08-11 14:50:00,46.7400016784668,46.7400016784668,46.720001220703125,46.720001220703125,46.720001220703125,5081
2026-08-11 14:51:00,46.7400016784668,46.7400016784668,46.7400016784668,46.7400016784668,46.7400016784668,1330
2026-08-11 14:52:00,46.720001220703125,46.7400016784668,46.720001220703125,46.7400016784668,46.7400016784668,600
2026-08-11 14:53:00,46.720001220703125,46.7400016784668,46.720001220703125,46.7400016784668,46.7400016784668,800
2026-08-11 14:54:00,46.7400016784668,46.7400016784668,46.7400016784668,46.7400016784668,46.7400016784668,800
2026-08-11 14:55:00,46.720001220703125,46.7400016784668,46.720001220703125,46.7400016784668,46.7400016784668,1000
2026-08-11 14:56:00,46.7400016784668,46.7400016784668,46.720001220703125,46.720001220703125,46.720001220703125,4300
2026-08-11 14:57:00,46.7400016784668,46.7400016784668,46.7400016784668,46.7400016784668,46.7400016784668,800
2026-08-11 14:58:00,46.7400016784668,46.7400016784668,46.7400016784668,46.7400016784668,46.7400016784668,600
2026-08-11 14:59:00,46.7400016784668,46.7400016784668,46.720001220703125,46.7400016784668,46.7400016784668,700
2026-08-11 15:00:00,46.7400016784668,46.7400016784668,46.720001220703125,46.7400016784668,46.7400016784668,2700
2026-08-11 15:01:00,46.7400016784668,46.7400016784668,46.720001220703125,46.720001220703125,46.720001220703125,900
2026-08-11 15:02:00,46.7400016784668,46.7599983215332,46.7400016784668,46.7599983215332,46.7599983215332,15400
2026-08-11 15:03:00,46.7599983215332,46.7599983215332,46.7599983215332,46.7599983215332,46.7599983215332,1000
2026-08-11 15:04:00,46.7400016784668,46.7400016784668,46.7400016784668,46.7400016784668,46.7400016784668,300
2026-08-11 15:05:00,46.7599983215332,46.7599983215332,46.7400016784668,46.7599983215332,46.7599983215332,1900
2026-08-11 15:06:00,46.7599983215332,46.7599983215332,46.7400016784668,46.7400016784668,46.7400016784668,2100
2026-08-11 15:07:00,46.7599983215332,46.7599983215332,46.7599983215332,46.7599983215332,46.7599983215332,500
2026-08-11 15:08:00,46.7599983215332,46.7599983215332,46.720001220703125,46.720001220703125,46.720001220703125,8200
2026-08-11 15:09:00,46.720001220703125,46.7400016784668,46.720001220703125,46.720001220703125,46.720001220703125,5000
2026-08-11 15:10:00,46.7400016784668,46.7400016784668,46.7400016784668,46.7400016784668,46.7400016784668,400
2026-08-11 15:12:00,46.7400016784668,46.7400016784668,46.720001220703125,46.720001220703125,46.720001220703125,700
2026-08-11 15:13:00,46.7400016784668,46.7400016784668,46.7400016784668,46.7400016784668,46.7400016784668,4900
2026-08-11 15:14:00,46.7599983215332,46.7599983215332,46.7599983215332,46.7599983215332,46.7599983215332,200
2026-08-11 15:15:00,46.7599983215332,46.7599983215332,46.7599983215332,46.7599983215332,46.7599983215332,2100
2026-08-11 15:16:00,46.7599983215332,46.7599983215332,46.7400016784668,46.7400016784668,46.7400016784668,1900
2026-08-11 15:17:00,46.7599983215332,46.7599983215332,46.7599983215332,46.7599983215332,46.7599983215332,600
2026-08-11 15:18:00,46.7599983215332,46.7599983215332,46.7400016784668,46.7599983215332,46.7599983215332,1200
2026-08-11 15:19:00,46.7599983215332,46.7599983215332,46.7400016784668,46.7599983215332,46.7599983215332,1100
2026-08-11 15:20:00,46.7599983215332,46.7599983215332,46.7599983215332,46.7599983215332,46.7599983215332,1300
2026-08-11 15:21:00,46.7599983215332,46.77999877929688,46.7400016784668,46.77999877929688,46.77999877929688,12300
2026-08-11 15:22:00,46.77999877929688,46.77999877929688,46.77999877929688,46.77999877929688,46.77999877929688,600
2026-08-11 15:23:00,46.77999877929688,46.77999877929688,46.77999877929688,46.77999877929688,46.77999877929688,2300
2026-08-11 15:24:00,46.7599983215332,46.77999877929688,46.7599983215332,46.77999877929688,46.77999877929688,1500
2026-08-11 15:25:00,46.77999877929688,46.79999923706055,46.77999877929688,46.79999923706055,46.79999923706055,4500
2026-08-11 15:26:00,46.79999923706055,46.79999923706055,46.77999877929688,46.77999877929688,46.77999877929688,900
2026-08-11 15:27:00,46.79999923706055,46.79999923706055,46.77999877929688,46.79999923706055,46.79999923706055,1400
2026-08-11 15:28:00,46.79999923706055,46.79999923706055,46.77999877929688,46.79999923706055,46.79999923706055,1400
2026-08-11 15:29:00,46.79999923706055,46.79999923706055,46.77999877929688,46.77999877929688,46.77999877929688,1653
2026-08-11 15:30:00,46.79999923706055,46.79999923706055,46.77999877929688,46.79999923706055,46.79999923706055,3500
2026-08-11 15:31:00,46.79999923706055,46.79999923706055,46.720001220703125,46.720001220703125,46.720001220703125,17700
2026-08-11 15:32:00,46.720001220703125,46.720001220703125,46.720001220703125,46.720001220703125,46.720001220703125,500
2026-08-11 15:33:00,46.720001220703125,46.720001220703125,46.720001220703125,46.720001220703125,46.720001220703125,5900
2026-08-11 15:34:00,46.720001220703125,46.720001220703125,46.70000076293945,46.70000076293945,46.70000076293945,1200
2026-08-11 15:35:00,46.70000076293945,46.70000076293945,46.70000076293945,46.70000076293945,46.70000076293945,1000
2026-08-11 15:36:00,46.70000076293945,46.720001220703125,46.70000076293945,46.720001220703125,46.720001220703125,1700
2026-08-11 15:37:00,46.720001220703125,46.720001220703125,46.70000076293945,46.70000076293945,46.70000076293945,2800
2026-08-11 15:38:00,46.70000076293945,46.720001220703125,46.70000076293945,46.70000076293945,46.70000076293945,800
2026-08-11 15:39:00,46.720001220703125,46.720001220703125,46.70000076293945,46.70000076293945,46.70000076293945,2800
2026-08-11 15:40:00,46.70000076293945,46.720001220703125,46.70000076293945,46.720001220703125,46.720001220703125,3400
2026-08-11 15:41:00,46.720001220703125,46.720001220703125,46.70000076293945,46.720001220703125,46.720001220703125,3400
2026-08-11 15:42:00,46.720001220703125,46.720001220703125,46.70000076293945,46.720001220703125,46.720001220703125,2000
2026-08-11 15:43:00,46.720001220703125,46.720001220703125,46.68000030517578,46.68000030517578,46.68000030517578,17642
2026-08-11 15:44:00,46.65999984741211,46.68000030517578,46.63999938964844,46.65999984741211,46.65999984741211,22800
2026-08-11 15:45:00,46.65999984741211,46.68000030517578,46.65999984741211,46.65999984741211,46.65999984741211,4800
2026-08-11 15:46:00,46.65999984741211,46.65999984741211,46.63999938964844,46.63999938964844,46.63999938964844,8400
2026-08-11 15:47:00,46.63999938964844,46.63999938964844,46.619998931884766,46.63999938964844,46.63999938964844,13500
2026-08-11 15:48:00,46.63999938964844,46.63999938964844,46.619998931884766,46.63999938964844,46.63999938964844,8400
2026-08-11 15:49:00,46.63999938964844,46.63999938964844,46.619998931884766,46.619998931884766,46.619998931884766,6200
2026-08-11 15:50:00,46.619998931884766,46.68000030517578,46.619998931884766,46.65999984741211,46.65999984741211,22500
2026-08-11 15:51:00,46.68000030517578,46.68000030517578,46.65999984741211,46.68000030517578,46.68000030517578,4700
2026-08-11 15:52:00,46.65999984741211,46.65999984741211,46.63999938964844,46.63999938964844,46.63999938964844,8100
2026-08-11 15:53:00,46.63999938964844,46.65999984741211,46.63999938964844,46.65999984741211,46.65999984741211,5500
2026-08-11 15:54:00,46.65999984741211,46.68000030517578,46.65999984741211,46.65999984741211,46.65999984741211,11800
2026-08-11 15:55:00,46.68000030517578,46.68000030517578,46.63999938964844,46.63999938964844,46.63999938964844,8800
2026-08-11 15:56:00,46.63999938964844,46.68000030517578,46.63999938964844,46.65999984741211,46.65999984741211,15500
2026-08-11 15:57:00,46.65999984741211,46.68000030517578,46.65999984741211,46.65999984741211,46.65999984741211,19400
2026-08-11 15:58:00,46.68000030517578,46.70000076293945,46.65999984741211,46.70000076293945,46.70000076293945,15000
2026-08-11 15:59:00,46.70000076293945,46.70000076293945,46.65999984741211,46.68000030517578,46.68000030517578,12000
2026-08-11 16:08:00,46.720001220703125,46.720001220703125,46.720001220703125,46.720001220703125,46.720001220703125,546500
2026-08-12 09:30:00,46.720001220703125,47.34000015258789,46.47999954223633,46.81999969482422,46.81999969482422,28800
2026-08-12 09:31:00,46.459999084472656,46.459999084472656,46.41999816894531,46.459999084472656,46.459999084472656,2900
2026-08-12 09:32:00,46.47999954223633,46.68000030517578,46.459999084472656,46.619998931884766,46.619998931884766,13500
2026-08-12 09:33:00,46.65999984741211,46.70000076293945,46.63999938964844,46.70000076293945,46.70000076293945,5200
2026-08-12 09:34:00,46.70000076293945,46.7599983215332,46.65999984741211,46.7400016784668,46.7400016784668,8500
2026-08-12 09:35:00,46.7400016784668,46.7400016784668,46.58000183105469,46.63999938964844,46.63999938964844,6600
2026-08-12 09:36:00,46.63999938964844,46.63999938964844,46.459999084472656,46.52000045776367,46.52000045776367,6600
2026-08-12 09:37:00,46.52000045776367,46.59999847412109,46.52000045776367,46.59999847412109,46.59999847412109,6100
2026-08-12 09:38:00,46.63999938964844,46.720001220703125,46.59999847412109,46.63999938964844,46.63999938964844,14700
2026-08-12 09:39:00,46.65999984741211,46.720001220703125,46.65999984741211,46.65999984741211,46.65999984741211,3500
2026-08-12 09:40:00,46.70000076293945,46.70000076293945,46.560001373291016,46.560001373291016,46.560001373291016,2300
2026-08-12 09:41:00,46.619998931884766,46.619998931884766,46.560001373291016,46.560001373291016,46.560001373291016,3100
2026-08-12 09:42:00,46.52000045776367,46.52000045776367,46.459999084472656,46.47999954223633,46.47999954223633,8100
2026-08-12 09:43:00,46.41999816894531,46.41999816894531,46.380001068115234,46.41999816894531,46.41999816894531,1900
2026-08-12 09:44:00,46.43999862670898,46.52000045776367,46.43999862670898,46.47999954223633,46.47999954223633,10000
2026-08-12 09:45:00,46.43999862670898,46.47999954223633,46.400001525878906,46.459999084472656,46.459999084472656,16600
2026-08-12 09:46:00,46.5,46.540000915527344,46.5,46.52000045776367,46.52000045776367,8200
2026-08-12 09:47:00,46.47999954223633,46.52000045776367,46.459999084472656,46.52000045776367,46.52000045776367,3400
2026-08-12 09:48:00,46.52000045776367,46.619998931884766,46.52000045776367,46.619998931884766,46.619998931884766,1200
2026-08-12 09:49:00,46.619998931884766,46.619998931884766,46.619998931884766,46.619998931884766,46.619998931884766,100
2026-08-12 09:50:00,46.619998931884766,46.68000030517578,46.619998931884766,46.68000030517578,46.68000030517578,1200
2026-08-12 09:51:00,46.68000030517578,46.68000030517578,46.59999847412109,46.619998931884766,46.619998931884766,3700
2026-08-12 09:52:00,46.59999847412109,46.7400016784668,46.59999847412109,46.63999938964844,46.63999938964844,10200
2026-08-12 09:53:00,46.65999984741211,46.65999984741211,46.58000183105469,46.58000183105469,46.58000183105469,1800
2026-08-12 09:54:00,46.560001373291016,46.560001373291016,46.540000915527344,46.540000915527344,46.540000915527344,2600
2026-08-12 09:55:00,46.540000915527344,46.58000183105469,46.52000045776367,46.58000183105469,46.58000183105469,2200
2026-08-12 09:56:00,46.540000915527344,46.59999847412109,46.540000915527344,46.59999847412109,46.59999847412109,2700
2026-08-12 09:57:00,46.59999847412109,46.63999938964844,46.59999847412109,46.619998931884766,46.619998931884766,4900
2026-08-12 09:58:00,46.65999984741211,46.65999984741211,46.65999984741211,46.65999984741211,46.65999984741211,200
2026-08-12 09:59:00,46.65999984741211,46.77999877929688,46.65999984741211,46.77999877929688,46.77999877929688,26200
2026-08-12 10:00:00,46.77999877929688,46.77999877929688,46.7400016784668,46.77999877929688,46.77999877929688,4000
2026-08-12 10:01:00,46.77999877929688,46.77999877929688,46.7400016784668,46.77999877929688,46.77999877929688,300
2026-08-12 10:02:00,46.77999877929688,46.77999877929688,46.77999877929688,46.77999877929688,46.77999877929688,1200
2026-08-12 10:03:00,46.79999923706055,46.79999923706055,46.720001220703125,46.7599983215332,46.7599983215332,4000
2026-08-12 10:04:00,46.7599983215332,46.81999969482422,46.7599983215332,46.81999969482422,46.81999969482422,1300
2026-08-12 10:05:00,46.79999923706055,46.79999923706055,46.720001220703125,46.7400016784668,46.7400016784668,3300
2026-08-12 10:06:00,46.7400016784668,46.86000061035156,46.7400016784668,46.86000061035156,46.86000061035156,3800
2026-08-12 10:07:00,46.79999923706055,46.81999969482422,46.79999923706055,46.81999969482422,46.81999969482422,2500
2026-08-12 10:08:00,46.77999877929688,46.79999923706055,46.7599983215332,46.77999877929688,46.77999877929688,3000
2026-08-12 10:09:00,46.7400016784668,46.77999877929688,46.720001220703125,46.720001220703125,46.720001220703125,5700
2026-08-12 10:10:00,46.7400016784668,46.7400016784668,46.65999984741211,46.65999984741211,46.65999984741211,3900
2026-08-12 10:11:00,46.63999938964844,46.70000076293945,46.63999938964844,46.70000076293945,46.70000076293945,6300
2026-08-12 10:12:00,46.70000076293945,46.70000076293945,46.65999984741211,46.65999984741211,46.65999984741211,9900
2026-08-12 10:13:00,46.70000076293945,46.70000076293945,46.70000076293945,46.70000076293945,46.70000076293945,1200
2026-08-12 10:14:00,46.70000076293945,46.70000076293945,46.70000076293945,46.70000076293945,46.70000076293945,500
2026-08-12 10:15:00,46.65999984741211,46.70000076293945,46.65999984741211,46.70000076293945,46.70000076293945,13800
2026-08-12 10:16:00,46.70000076293945,46.77999877929688,46.70000076293945,46.77999877929688,46.77999877929688,10100
2026-08-12 10:17:00,46.77999877929688,46.77999877929688,46.77999877929688,46.77999877929688,46.77999877929688,700
2026-08-12 10:18:00,46.77999877929688,46.84000015258789,46.7599983215332,46.77999877929688,46.77999877929688,12200
2026-08-12 10:19:00,46.7400016784668,46.7400016784668,46.68000030517578,46.68000030517578,46.68000030517578,5000
2026-08-12 10:20:00,46.68000030517578,46.70000076293945,46.68000030517578,46.70000076293945,46.70000076293945,2500
2026-08-12 10:21:00,46.720001220703125,46.7599983215332,46.720001220703125,46.7599983215332,46.7599983215332,1400
2026-08-12 10:22:00,46.7599983215332,46.7599983215332,46.7599983215332,46.7599983215332,46.7599983215332,400
2026-08-12 10:23:00,46.720001220703125,46.720001220703125,46.68000030517578,46.70000076293945,46.70000076293945,4700
2026-08-12 10:24:00,46.7400016784668,46.7400016784668,46.7400016784668,46.7400016784668,46.7400016784668,100
2026-08-12 10:25:00,46.7599983215332,46.7599983215332,46.7599983215332,46.7599983215332,46.7599983215332,1800
2026-08-12 10:26:00,46.7599983215332,46.7599983215332,46.7599983215332,46.7599983215332,46.7599983215332,3200
2026-08-12 10:27:00,46.720001220703125,46.7400016784668,46.70000076293945,46.720001220703125,46.720001220703125,6600
2026-08-12 10:28:00,46.720001220703125,46.720001220703125,46.720001220703125,46.720001220703125,46.720001220703125,600
2026-08-12 10:29:00,46.720001220703125,46.7599983215332,46.70000076293945,46.70000076293945,46.70000076293945,5200
2026-08-12 10:30:00,46.720001220703125,46.720001220703125,46.720001220703125,46.720001220703125,46.720001220703125,700
2026-08-12 10:31:00,46.720001220703125,46.81999969482422,46.720001220703125,46.720001220703125,46.720001220703125,18400
2026-08-12 10:32:00,46.7400016784668,46.7599983215332,46.7400016784668,46.7400016784668,46.7400016784668,4900
2026-08-12 10:33:00,46.720001220703125,46.7400016784668,46.70000076293945,46.70000076293945,46.70000076293945,3600
2026-08-12 10:34:00,46.720001220703125,46.720001220703125,46.68000030517578,46.720001220703125,46.720001220703125,3900
2026-08-12 10:35:00,46.68000030517578,46.68000030517578,46.63999938964844,46.63999938964844,46.63999938964844,5000
2026-08-12 10:36:00,46.65999984741211,46.65999984741211,46.65999984741211,46.65999984741211,46.65999984741211,700
2026-08-12 10:37:00,46.63999938964844,46.63999938964844,46.619998931884766,46.63999938964844,46.63999938964844,7500
2026-08-12 10:38:00,46.63999938964844,46.63999938964844,46.63999938964844,46.63999938964844,46.63999938964844,2300
2026-08-12 10:39:00,46.63999938964844,46.63999938964844,46.619998931884766,46.63999938964844,46.63999938964844,2000
2026-08-12 10:40:00,46.63999938964844,46.63999938964844,46.619998931884766,46.63999938964844,46.63999938964844,3400
2026-08-12 10:41:00,46.63999938964844,46.70000076293945,46.63999938964844,46.70000076293945,46.70000076293945,4500
2026-08-12 10:42:00,46.70000076293945,46.70000076293945,46.65999984741211,46.70000076293945,46.70000076293945,4000
2026-08-12 10:43:00,46.70000076293945,46.70000076293945,46.65999984741211,46.65999984741211,46.65999984741211,5600
2026-08-12 10:44:00,46.68000030517578,46.70000076293945,46.68000030517578,46.70000076293945,46.70000076293945,7700
2026-08-12 10:45:00,46.70000076293945,46.70000076293945,46.63999938964844,46.63999938964844,46.63999938964844,12400
2026-08-12 10:46:00,46.65999984741211,46.65999984741211,46.65999984741211,46.65999984741211,46.65999984741211,500
2026-08-12 10:47:00,46.65999984741211,46.65999984741211,46.63999938964844,46.65999984741211,46.65999984741211,4000
2026-08-12 10:48:00,46.65999984741211,46.65999984741211,46.65999984741211,46.65999984741211,46.65999984741211,1500
2026-08-12 10:49:00,46.65999984741211,46.65999984741211,46.65999984741211,46.65999984741211,46.65999984741211,1300
2026-08-12 10:50:00,46.65999984741211,46.68000030517578,46.65999984741211,46.68000030517578,46.68000030517578,3600
2026-08-12 10:51:00,46.68000030517578,46.68000030517578,46.68000030517578,46.68000030517578,46.68000030517578,2100
2026-08-12 10:52:00,46.68000030517578,46.68000030517578,46.68000030517578,46.68000030517578,46.68000030517578,1900
2026-08-12 10:53:00,46.68000030517578,46.70000076293945,46.65999984741211,46.70000076293945,46.70000076293945,3400
2026-08-12 10:54:00,46.70000076293945,46.70000076293945,46.70000076293945,46.70000076293945,46.70000076293945,1200
2026-08-12 10:55:00,46.70000076293945,46.70000076293945,46.70000076293945,46.70000076293945,46.70000076293945,3700
2026-08-12 10:56:00,46.70000076293945,46.720001220703125,46.70000076293945,46.720001220703125,46.720001220703125,1500
2026-08-12 10:57:00,46.720001220703125,46.7400016784668,46.70000076293945,46.7400016784668,46.7400016784668,15900
2026-08-12 10:58:00,46.7400016784668,46.7599983215332,46.7400016784668,46.7599983215332,46.7599983215332,4000
2026-08-12 10:59:00,46.7599983215332,46.77999877929688,46.7599983215332,46.77999877929688,46.77999877929688,2501
2026-08-12 11:00:00,46.77999877929688,46.77999877929688,46.7599983215332,46.77999877929688,46.77999877929688,5000
2026-08-12 11:01:00,46.77999877929688,46.79999923706055,46.77999877929688,46.79999923706055,46.79999923706055,2900
2026-08-12 11:02:00,46.79999923706055,46.79999923706055,46.7599983215332,46.77999877929688,46.77999877929688,4400
2026-08-12 11:03:00,46.77999877929688,46.77999877929688,46.720001220703125,46.7400016784668,46.7400016784668,8800
2026-08-12 11:04:00,46.7400016784668,46.7400016784668,46.68000030517578,46.70000076293945,46.70000076293945,5800
2026-08-12 11:06:00,46.70000076293945,46.70000076293945,46.70000076293945,46.70000076293945,46.70000076293945,1000
2026-08-12 11:07:00,46.70000076293945,46.720001220703125,46.68000030517578,46.70000076293945,46.70000076293945,5000
2026-08-12 11:08:00,46.70000076293945,46.7599983215332,46.70000076293945,46.7599983215332,46.7599983215332,4500
2026-08-12 11:09:00,46.7599983215332,46.7599983215332,46.7599983215332,46.7599983215332,46.7599983215332,1200
2026-08-12 11:10:00,46.7599983215332,46.7599983215332,46.7599983215332,46.7599983215332,46.7599983215332,3200
2026-08-12 11:11:00,46.7599983215332,46.77999877929688,46.7400016784668,46.77999877929688,46.77999877929688,5000
2026-08-12 11:12:00,46.77999877929688,46.79999923706055,46.77999877929688,46.79999923706055,46.79999923706055,1500
2026-08-12 11:13:00,46.79999923706055,46.79999923706055,46.79999923706055,46.79999923706055,46.79999923706055,1200
2026-08-12 11:14:00,46.79999923706055,46.79999923706055,46.77999877929688,46.77999877929688,46.77999877929688,3400
2026-08-12 11:15:00,46.79999923706055,46.79999923706055,46.7599983215332,46.77999877929688,46.77999877929688,11300
2026-08-12 11:16:00,46.77999877929688,46.77999877929688,46.7400016784668,46.7400016784668,46.7400016784668,5900
2026-08-12 11:17:00,46.7400016784668,46.7599983215332,46.7400016784668,46.7599983215332,46.7599983215332,1800
2026-08-12 11:18:00,46.7599983215332,46.7599983215332,46.7599983215332,46.7599983215332,46.7599983215332,500
2026-08-12 11:19:00,46.7599983215332,46.7599983215332,46.7599983215332,46.7599983215332,46.7599983215332,1200
2026-08-12 11:20:00,46.7599983215332,46.77999877929688,46.7599983215332,46.77999877929688,46.77999877929688,2400
2026-08-12 11:21:00,46.77999877929688,46.77999877929688,46.77999877929688,46.77999877929688,46.77999877929688,1400
2026-08-12 11:22:00,46.7400016784668,46.77999877929688,46.7400016784668,46.77999877929688,46.77999877929688,5600
2026-08-12 11:23:00,46.77999877929688,46.77999877929688,46.77999877929688,46.77999877929688,46.77999877929688,2300
2026-08-12 11:24:00,46.77999877929688,46.79999923706055,46.77999877929688,46.79999923706055,46.79999923706055,4800
2026-08-12 11:25:00,46.79999923706055,46.79999923706055,46.7400016784668,46.7400016784668,46.7400016784668,9100
2026-08-12 11:26:00,46.7400016784668,46.7599983215332,46.7400016784668,46.7599983215332,46.7599983215332,1100
2026-08-12 11:27:00,46.7599983215332,46.77999877929688,46.7599983215332,46.77999877929688,46.77999877929688,3900
2026-08-12 11:28:00,46.77999877929688,46.79999923706055,46.7400016784668,46.7599983215332,46.7599983215332,5300
2026-08-12 11:29:00,46.7599983215332,46.7599983215332,46.7599983215332,46.7599983215332,46.7599983215332,400
2026-08-12 11:30:00,46.7400016784668,46.7599983215332,46.7400016784668,46.7599983215332,46.7599983215332,1600
2026-08-12 11:31:00,46.7599983215332,46.77999877929688,46.7599983215332,46.77999877929688,46.77999877929688,2600
2026-08-12 11:32:00,46.77999877929688,46.77999877929688,46.70000076293945,46.77999877929688,46.77999877929688,8700
2026-08-12 11:33:00,46.77999877929688,46.77999877929688,46.77999877929688,46.77999877929688,46.77999877929688,600
2026-08-12 11:34:00,46.77999877929688,46.77999877929688,46.77999877929688,46.77999877929688,46.77999877929688,2200
2026-08-12 11:35:00,46.77999877929688,46.77999877929688,46.77999877929688,46.77999877929688,46.77999877929688,900
2026-08-12 11:36:00,46.77999877929688,46.79999923706055,46.7599983215332,46.79999923706055,46.79999923706055,3200
2026-08-12 11:37:00,46.79999923706055,46.79999923706055,46.79999923706055,46.79999923706055,46.79999923706055,900
2026-08-12 11:38:00,46.79999923706055,46.79999923706055,46.79999923706055,46.79999923706055,46.79999923706055,3300
2026-08-12 11:39:00,46.79999923706055,46.79999923706055,46.79999923706055,46.79999923706055,46.79999923706055,600
2026-08-12 11:40:00,46.79999923706055,46.79999923706055,46.79999923706055,46.79999923706055,46.79999923706055,600
2026-08-12 11:41:00,46.79999923706055,46.79999923706055,46.79999923706055,46.79999923706055,46.79999923706055,3500
2026-08-12 11:42:00,46.79999923706055,46.84000015258789,46.79999923706055,46.84000015258789,46.84000015258789,4700
2026-08-12 11:43:00,46.84000015258789,46.84000015258789,46.77999877929688,46.79999923706055,46.79999923706055,6500
2026-08-12 11:44:00,46.79999923706055,46.79999923706055,46.79999923706055,46.79999923706055,46.79999923706055,100
2026-08-12 11:45:00,46.79999923706055,46.79999923706055,46.79999923706055,46.79999923706055,46.79999923706055,2000
2026-08-12 11:46:00,46.79999923706055,46.79999923706055,46.79999923706055,46.79999923706055,46.79999923706055,600
2026-08-12 11:47:00,46.79999923706055,46.79999923706055,46.79999923706055,46.79999923706055,46.79999923706055,900
2026-08-12 11:48:00,46.79999923706055,46.79999923706055,46.79999923706055,46.79999923706055,46.79999923706055,2400
2026-08-12 11:49:00,46.79999923706055,46.79999923706055,46.79999923706055,46.79999923706055,46.79999923706055,1000
2026-08-12 11:50:00,46.79999923706055,46.79999923706055,46.79999923706055,46.79999923706055,46.79999923706055,1200
2026-08-12 11:51:00,46.79999923706055,46.79999923706055,46.79999923706055,46.79999923706055,46.79999923706055,4200
2026-08-12 11:52:00,46.79999923706055,46.79999923706055,46.79999923706055,46.79999923706055,46.79999923706055,1700
2026-08-12 11:53:00,46.79999923706055,46.81999969482422,46.79999923706055,46.81999969482422,46.81999969482422,4700
2026-08-12 11:54:00,46.81999969482422,46.81999969482422,46.81999969482422,46.81999969482422,46.81999969482422,3200
2026-08-12 11:55:00,46.81999969482422,46.81999969482422,46.81999969482422,46.81999969482422,46.81999969482422,2300
2026-08-12 11:56:00,46.79999923706055,46.84000015258789,46.79999923706055,46.84000015258789,46.84000015258789,5500
2026-08-12 11:57:00,46.84000015258789,46.84000015258789,46.84000015258789,46.84000015258789,46.84000015258789,3100
2026-08-12 11:58:00,46.84000015258789,46.880001068115234,46.84000015258789,46.84000015258789,46.84000015258789,6900
2026-08-12 11:59:00,46.86000061035156,46.86000061035156,46.84000015258789,46.86000061035156,46.86000061035156,4900
2026-08-12 13:00:00,46.86000061035156,46.86000061035156,46.7599983215332,46.7599983215332,46.7599983215332,24000
2026-08-12 13:01:00,46.7599983215332,46.79999923706055,46.7599983215332,46.79999923706055,46.79999923706055,10400
2026-08-12 13:02:00,46.79999923706055,46.79999923706055,46.79999923706055,46.79999923706055,46.79999923706055,1700
2026-08-12 13:03:00,46.79999923706055,46.79999923706055,46.720001220703125,46.77999877929688,46.77999877929688,27400
2026-08-12 13:05:00,46.79999923706055,46.79999923706055,46.79999923706055,46.79999923706055,46.79999923706055,900
2026-08-12 13:06:00,46.79999923706055,46.900001525878906,46.79999923706055,46.900001525878906,46.900001525878906,3100
2026-08-12 13:07:00,46.91999816894531,46.93999862670898,46.86000061035156,46.900001525878906,46.900001525878906,27600
2026-08-12 13:08:00,46.880001068115234,46.900001525878906,46.81999969482422,46.84000015258789,46.84000015258789,8200
2026-08-12 13:09:00,46.84000015258789,46.900001525878906,46.84000015258789,46.86000061035156,46.86000061035156,3600
2026-08-12 13:11:00,46.880001068115234,46.900001525878906,46.86000061035156,46.900001525878906,46.900001525878906,1500
2026-08-12 13:12:00,46.900001525878906,46.900001525878906,46.86000061035156,46.900001525878906,46.900001525878906,1200
2026-08-12 13:13:00,46.900001525878906,46.900001525878906,46.81999969482422,46.81999969482422,46.81999969482422,18000
2026-08-12 13:15:00,46.81999969482422,46.81999969482422,46.81999969482422,46.81999969482422,46.81999969482422,1100
2026-08-12 13:16:00,46.81999969482422,46.81999969482422,46.77999877929688,46.77999877929688,46.77999877929688,13200
2026-08-12 13:18:00,46.79999923706055,46.81999969482422,46.79999923706055,46.81999969482422,46.81999969482422,3400
2026-08-12 13:19:00,46.81999969482422,46.84000015258789,46.81999969482422,46.81999969482422,46.81999969482422,7000
2026-08-12 13:20:00,46.84000015258789,46.84000015258789,46.77999877929688,46.77999877929688,46.77999877929688,15600
2026-08-12 13:22:00,46.77999877929688,46.79999923706055,46.77999877929688,46.79999923706055,46.79999923706055,3600
2026-08-12 13:23:00,46.79999923706055,46.79999923706055,46.79999923706055,46.79999923706055,46.79999923706055,1700
2026-08-12 13:24:00,46.79999923706055,46.79999923706055,46.79999923706055,46.79999923706055,46.79999923706055,1800
2026-08-12 13:25:00,46.79999923706055,46.84000015258789,46.79999923706055,46.84000015258789,46.84000015258789,5000
2026-08-12 13:26:00,46.84000015258789,46.84000015258789,46.84000015258789,46.84000015258789,46.84000015258789,1400
2026-08-12 13:27:00,46.81999969482422,46.81999969482422,46.79999923706055,46.81999969482422,46.81999969482422,6600
2026-08-12 13:28:00,46.81999969482422,46.84000015258789,46.81999969482422,46.84000015258789,46.84000015258789,1400
2026-08-12 13:29:00,46.84000015258789,46.84000015258789,46.84000015258789,46.84000015258789,46.84000015258789,1700
2026-08-12 13:30:00,46.84000015258789,46.84000015258789,46.84000015258789,46.84000015258789,46.84000015258789,7000
2026-08-12 13:31:00,46.86000061035156,46.86000061035156,46.86000061035156,46.86000061035156,46.86000061035156,1200
2026-08-12 13:32:00,46.86000061035156,46.86000061035156,46.79999923706055,46.79999923706055,46.79999923706055,41100
2026-08-12 13:33:00,46.81999969482422,46.81999969482422,46.81999969482422,46.81999969482422,46.81999969482422,1700
2026-08-12 13:34:00,46.79999923706055,46.79999923706055,46.79999923706055,46.79999923706055,46.79999923706055,7000
2026-08-12 13:35:00,46.79999923706055,46.79999923706055,46.79999923706055,46.79999923706055,46.79999923706055,400
2026-08-12 13:36:00,46.79999923706055,46.79999923706055,46.79999923706055,46.79999923706055,46.79999923706055,4100
2026-08-12 13:37:00,46.79999923706055,46.81999969482422,46.79999923706055,46.81999969482422,46.81999969482422,1600
2026-08-12 13:38:00,46.81999969482422,46.81999969482422,46.81999969482422,46.81999969482422,46.81999969482422,1900
2026-08-12 13:39:00,46.81999969482422,46.81999969482422,46.81999969482422,46.81999969482422,46.81999969482422,1100
2026-08-12 13:40:00,46.81999969482422,46.86000061035156,46.81999969482422,46.84000015258789,46.84000015258789,13500
2026-08-12 13:41:00,46.86000061035156,46.86000061035156,46.86000061035156,46.86000061035156,46.86000061035156,2500
2026-08-12 13:42:00,46.86000061035156,46.86000061035156,46.86000061035156,46.86000061035156,46.86000061035156,2000
2026-08-12 13:43:00,46.86000061035156,46.86000061035156,46.86000061035156,46.86000061035156,46.86000061035156,2400
2026-08-12 13:44:00,46.86000061035156,46.86000061035156,46.84000015258789,46.86000061035156,46.86000061035156,4300
2026-08-12 13:45:00,46.86000061035156,46.900001525878906,46.86000061035156,46.900001525878906,46.900001525878906,3100
2026-08-12 13:46:00,46.900001525878906,46.900001525878906,46.900001525878906,46.900001525878906,46.900001525878906,1500
2026-08-12 13:47:00,46.900001525878906,46.900001525878906,46.900001525878906,46.900001525878906,46.900001525878906,2500
2026-08-12 13:48:00,46.900001525878906,46.900001525878906,46.900001525878906,46.900001525878906,46.900001525878906,1900
2026-08-12 13:49:00,46.900001525878906,46.900001525878906,46.900001525878906,46.900001525878906,46.900001525878906,3000
2026-08-12 13:50:00,46.900001525878906,46.900001525878906,46.900001525878906,46.900001525878906,46.900001525878906,4600
2026-08-12 13:51:00,46.900001525878906,46.900001525878906,46.900001525878906,46.900001525878906,46.900001525878906,1800
2026-08-12 13:52:00,46.900001525878906,46.91999816894531,46.900001525878906,46.91999816894531,46.91999816894531,3500
2026-08-12 13:53:00,46.91999816894531,46.91999816894531,46.91999816894531,46.91999816894531,46.91999816894531,1400
2026-08-12 13:54:00,46.91999816894531,46.91999816894531,46.91999816894531,46.91999816894531,46.91999816894531,3800
2026-08-12 13:55:00,46.93999862670898,46.93999862670898,46.93999862670898,46.93999862670898,46.93999862670898,1900
2026-08-12 13:56:00,46.93999862670898,46.93999862670898,46.91999816894531,46.93999862670898,46.93999862670898,3800
2026-08-12 13:57:00,46.93999862670898,46.959999084472656,46.93999862670898,46.959999084472656,46.959999084472656,3100
2026-08-12 13:58:00,46.959999084472656,46.959999084472656,46.959999084472656,46.959999084472656,46.959999084472656,3100
2026-08-12 13:59:00,46.959999084472656,46.97999954223633,46.959999084472656,46.959999084472656,46.959999084472656,4900
2026-08-12 14:00:00,46.97999954223633,46.97999954223633,46.97999954223633,46.97999954223633,46.97999954223633,1200
2026-08-12 14:01:00,46.97999954223633,46.97999954223633,46.97999954223633,46.97999954223633,46.97999954223633,1100
2026-08-12 14:02:00,46.97999954223633,46.97999954223633,46.900001525878906,46.900001525878906,46.900001525878906,56200
2026-08-12 14:03:00,46.900001525878906,46.900001525878906,46.900001525878906,46.900001525878906,46.900001525878906,300
2026-08-12 14:04:00,46.900001525878906,46.959999084472656,46.900001525878906,46.959999084472656,46.959999084472656,8200
2026-08-12 14:05:00,46.959999084472656,47.0,46.959999084472656,47.0,47.0,1600
2026-08-12 14:06:00,47.0,47.0,46.959999084472656,46.97999954223633,46.97999954223633,3200
2026-08-12 14:07:00,46.97999954223633,47.0,46.97999954223633,47.0,47.0,1900
2026-08-12 14:08:00,47.0,47.0,46.959999084472656,46.959999084472656,46.959999084472656,20600
2026-08-12 14:09:00,46.959999084472656,46.959999084472656,46.91999816894531,46.91999816894531,46.91999816894531,17400
2026-08-12 14:10:00,46.93999862670898,47.040000915527344,46.93999862670898,47.040000915527344,47.040000915527344,10100
2026-08-12 14:11:00,47.040000915527344,47.08000183105469,47.040000915527344,47.08000183105469,47.08000183105469,7400
2026-08-12 14:12:00,47.09999847412109,47.09999847412109,47.08000183105469,47.08000183105469,47.08000183105469,3400
2026-08-12 14:13:00,47.09999847412109,47.09999847412109,47.08000183105469,47.09999847412109,47.09999847412109,1900
2026-08-12 14:14:00,47.09999847412109,47.09999847412109,47.09999847412109,47.09999847412109,47.09999847412109,2000
2026-08-12 14:15:00,47.09999847412109,47.09999847412109,47.08000183105469,47.09999847412109,47.09999847412109,5800
2026-08-12 14:16:00,47.09999847412109,47.09999847412109,47.09999847412109,47.09999847412109,47.09999847412109,2600
2026-08-12 14:17:00,47.09999847412109,47.09999847412109,47.09999847412109,47.09999847412109,47.09999847412109,1800
2026-08-12 14:18:00,47.09999847412109,47.09999847412109,47.060001373291016,47.060001373291016,47.060001373291016,21300
2026-08-12 14:19:00,47.060001373291016,47.060001373291016,47.060001373291016,47.060001373291016,47.060001373291016,900
2026-08-12 14:20:00,47.08000183105469,47.08000183105469,47.08000183105469,47.08000183105469,47.08000183105469,200
2026-08-12 14:21:00,47.08000183105469,47.08000183105469,47.08000183105469,47.08000183105469,47.08000183105469,5000
2026-08-12 14:22:00,47.08000183105469,47.08000183105469,47.060001373291016,47.08000183105469,47.08000183105469,1900
2026-08-12 14:23:00,47.08000183105469,47.119998931884766,47.08000183105469,47.119998931884766,47.119998931884766,7000
2026-08-12 14:24:00,47.119998931884766,47.119998931884766,47.119998931884766,47.119998931884766,47.119998931884766,1900
2026-08-12 14:25:00,47.119998931884766,47.15999984741211,47.060001373291016,47.060001373291016,47.060001373291016,50200
2026-08-12 14:28:00,47.060001373291016,47.060001373291016,47.060001373291016,47.060001373291016,47.060001373291016,800
2026-08-12 14:29:00,47.060001373291016,47.060001373291016,47.040000915527344,47.040000915527344,47.040000915527344,2200
2026-08-12 14:30:00,47.060001373291016,47.060001373291016,47.060001373291016,47.060001373291016,47.060001373291016,1000
2026-08-12 14:31:00,47.060001373291016,47.060001373291016,47.060001373291016,47.060001373291016,47.060001373291016,5700
2026-08-12 14:32:00,47.060001373291016,47.060001373291016,47.040000915527344,47.040000915527344,47.040000915527344,17079
2026-08-12 14:33:00,47.040000915527344,47.08000183105469,47.040000915527344,47.08000183105469,47.08000183105469,5400
2026-08-12 14:34:00,47.08000183105469,47.09999847412109,47.060001373291016,47.09999847412109,47.09999847412109,1300
2026-08-12 14:35:00,47.09999847412109,47.119998931884766,47.09999847412109,47.119998931884766,47.119998931884766,2500
2026-08-12 14:36:00,47.119998931884766,47.119998931884766,47.119998931884766,47.119998931884766,47.119998931884766,1600
2026-08-12 14:37:00,47.119998931884766,47.119998931884766,47.08000183105469,47.119998931884766,47.119998931884766,6800
2026-08-12 14:38:00,47.119998931884766,47.119998931884766,47.09999847412109,47.119998931884766,47.119998931884766,1100
2026-08-12 14:39:00,47.119998931884766,47.119998931884766,47.09999847412109,47.09999847412109,47.09999847412109,15500
2026-08-12 14:40:00,47.09999847412109,47.09999847412109,47.09999847412109,47.09999847412109,47.09999847412109,300
2026-08-12 14:41:00,47.119998931884766,47.119998931884766,47.119998931884766,47.119998931884766,47.119998931884766,300
2026-08-12 14:42:00,47.119998931884766,47.119998931884766,47.119998931884766,47.119998931884766,47.119998931884766,3400
2026-08-12 14:43:00,47.119998931884766,47.119998931884766,47.119998931884766,47.119998931884766,47.119998931884766,2000
2026-08-12 14:44:00,47.119998931884766,47.13999938964844,47.08000183105469,47.08000183105469,47.08000183105469,20100
2026-08-12 14:45:00,47.09999847412109,47.09999847412109,47.09999847412109,47.09999847412109,47.09999847412109,500
2026-08-12 14:46:00,47.09999847412109,47.09999847412109,47.08000183105469,47.08000183105469,47.08000183105469,23100
2026-08-12 14:47:00,47.119998931884766,47.119998931884766,47.119998931884766,47.119998931884766,47.119998931884766,200
2026-08-12 14:48:00,47.119998931884766,47.119998931884766,47.09999847412109,47.119998931884766,47.119998931884766,7700
2026-08-12 14:49:00,47.119998931884766,47.119998931884766,47.119998931884766,47.119998931884766,47.119998931884766,1200
2026-08-12 14:50:00,47.119998931884766,47.119998931884766,47.119998931884766,47.119998931884766,47.119998931884766,4800
2026-08-12 14:51:00,47.119998931884766,47.13999938964844,47.119998931884766,47.13999938964844,47.13999938964844,17700
2026-08-12 14:52:00,47.18000030517578,47.18000030517578,47.09999847412109,47.09999847412109,47.09999847412109,37200
2026-08-12 14:53:00,47.08000183105469,47.08000183105469,47.08000183105469,47.08000183105469,47.08000183105469,100
2026-08-12 14:55:00,47.09999847412109,47.09999847412109,47.09999847412109,47.09999847412109,47.09999847412109,1600
2026-08-12 14:56:00,47.09999847412109,47.09999847412109,47.09999847412109,47.09999847412109,47.09999847412109,1900
2026-08-12 14:57:00,47.09999847412109,47.09999847412109,47.08000183105469,47.09999847412109,47.09999847412109,2400
2026-08-12 14:58:00,47.09999847412109,47.09999847412109,47.09999847412109,47.09999847412109,47.09999847412109,3100
2026-08-12 14:59:00,47.09999847412109,47.15999984741211,47.09999847412109,47.13999938964844,47.13999938964844,18900
2026-08-12 15:00:00,47.13999938964844,47.13999938964844,47.119998931884766,47.13999938964844,47.13999938964844,7048
2026-08-12 15:01:00,47.13999938964844,47.13999938964844,47.13999938964844,47.13999938964844,47.13999938964844,3100
2026-08-12 15:02:00,47.13999938964844,47.13999938964844,47.13999938964844,47.13999938964844,47.13999938964844,3500
2026-08-12 15:03:00,47.13999938964844,47.18000030517578,47.13999938964844,47.18000030517578,47.18000030517578,4200
2026-08-12 15:04:00,47.18000030517578,47.18000030517578,47.15999984741211,47.18000030517578,47.18000030517578,3500
2026-08-12 15:05:00,47.18000030517578,47.18000030517578,47.18000030517578,47.18000030517578,47.18000030517578,3500
2026-08-12 15:06:00,47.18000030517578,47.20000076293945,47.18000030517578,47.18000030517578,47.18000030517578,14500
2026-08-12 15:07:00,47.20000076293945,47.20000076293945,47.18000030517578,47.20000076293945,47.20000076293945,2900
2026-08-12 15:08:00,47.20000076293945,47.20000076293945,47.13999938964844,47.13999938964844,47.13999938964844,43400
2026-08-12 15:09:00,47.119998931884766,47.119998931884766,47.119998931884766,47.119998931884766,47.119998931884766,1610
2026-08-12 15:10:00,47.119998931884766,47.119998931884766,47.09999847412109,47.119998931884766,47.119998931884766,14600
2026-08-12 15:11:00,47.119998931884766,47.119998931884766,47.119998931884766,47.119998931884766,47.119998931884766,1700
2026-08-12 15:12:00,47.13999938964844,47.13999938964844,47.119998931884766,47.119998931884766,47.119998931884766,2900
2026-08-12 15:13:00,47.13999938964844,47.13999938964844,47.13999938964844,47.13999938964844,47.13999938964844,2400
2026-08-12 15:14:00,47.13999938964844,47.13999938964844,47.119998931884766,47.13999938964844,47.13999938964844,3700
2026-08-12 15:15:00,47.13999938964844,47.13999938964844,47.119998931884766,47.13999938964844,47.13999938964844,3700
2026-08-12 15:16:00,47.13999938964844,47.15999984741211,47.119998931884766,47.15999984741211,47.15999984741211,8300
2026-08-12 15:17:00,47.15999984741211,47.15999984741211,47.13999938964844,47.15999984741211,47.15999984741211,5100
2026-08-12 15:18:00,47.15999984741211,47.15999984741211,47.15999984741211,47.15999984741211,47.15999984741211,1700
2026-08-12 15:19:00,47.15999984741211,47.18000030517578,47.13999938964844,47.18000030517578,47.18000030517578,4400
2026-08-12 15:20:00,47.18000030517578,47.20000076293945,47.15999984741211,47.20000076293945,47.20000076293945,12700
2026-08-12 15:21:00,47.20000076293945,47.20000076293945,47.15999984741211,47.20000076293945,47.20000076293945,6800
2026-08-12 15:22:00,47.20000076293945,47.20000076293945,47.119998931884766,47.119998931884766,47.119998931884766,29000
2026-08-12 15:23:00,47.119998931884766,47.119998931884766,47.119998931884766,47.119998931884766,47.119998931884766,100
2026-08-12 15:24:00,47.119998931884766,47.15999984741211,47.119998931884766,47.15999984741211,47.15999984741211,3000
2026-08-12 15:25:00,47.15999984741211,47.15999984741211,47.13999938964844,47.13999938964844,47.13999938964844,3000
2026-08-12 15:26:00,47.15999984741211,47.15999984741211,47.13999938964844,47.15999984741211,47.15999984741211,5500
2026-08-12 15:27:00,47.15999984741211,47.18000030517578,47.15999984741211,47.15999984741211,47.15999984741211,9300
2026-08-12 15:28:00,47.18000030517578,47.18000030517578,47.18000030517578,47.18000030517578,47.18000030517578,1800
2026-08-12 15:29:00,47.18000030517578,47.18000030517578,47.15999984741211,47.18000030517578,47.18000030517578,7700
2026-08-12 15:30:00,47.18000030517578,47.20000076293945,47.15999984741211,47.20000076293945,47.20000076293945,4600
2026-08-12 15:31:00,47.20000076293945,47.20000076293945,47.15999984741211,47.18000030517578,47.18000030517578,16600
2026-08-12 15:32:00,47.18000030517578,47.18000030517578,47.09999847412109,47.15999984741211,47.15999984741211,59800
2026-08-12 15:34:00,47.15999984741211,47.18000030517578,47.15999984741211,47.18000030517578,47.18000030517578,3300
2026-08-12 15:35:00,47.18000030517578,47.18000030517578,47.15999984741211,47.18000030517578,47.18000030517578,4600
2026-08-12 15:36:00,47.18000030517578,47.18000030517578,47.15999984741211,47.15999984741211,47.15999984741211,5100
2026-08-12 15:37:00,47.18000030517578,47.18000030517578,47.15999984741211,47.18000030517578,47.18000030517578,4100
2026-08-12 15:38:00,47.18000030517578,47.20000076293945,47.18000030517578,47.20000076293945,47.20000076293945,9000
2026-08-12 15:39:00,47.20000076293945,47.20000076293945,47.18000030517578,47.20000076293945,47.20000076293945,4800
2026-08-12 15:40:00,47.20000076293945,47.20000076293945,47.18000030517578,47.20000076293945,47.20000076293945,13300
2026-08-12 15:41:00,47.20000076293945,47.20000076293945,47.18000030517578,47.20000076293945,47.20000076293945,4300
2026-08-12 15:42:00,47.20000076293945,47.20000076293945,47.18000030517578,47.20000076293945,47.20000076293945,4800
2026-08-12 15:43:00,47.20000076293945,47.20000076293945,47.18000030517578,47.20000076293945,47.20000076293945,5600
2026-08-12 15:44:00,47.18000030517578,47.20000076293945,47.18000030517578,47.20000076293945,47.20000076293945,9600
2026-08-12 15:45:00,47.20000076293945,47.20000076293945,47.18000030517578,47.18000030517578,47.18000030517578,37000
2026-08-12 15:46:00,47.18000030517578,47.18000030517578,47.15999984741211,47.15999984741211,47.15999984741211,11000
2026-08-12 15:47:00,47.18000030517578,47.18000030517578,47.15999984741211,47.18000030517578,47.18000030517578,6600
2026-08-12 15:48:00,47.18000030517578,47.18000030517578,47.15999984741211,47.18000030517578,47.18000030517578,4100
2026-08-12 15:49:00,47.18000030517578,47.2400016784668,47.15999984741211,47.2400016784668,47.2400016784668,66400
2026-08-12 15:50:00,47.2400016784668,47.2400016784668,47.20000076293945,47.20000076293945,47.20000076293945,27900
2026-08-12 15:51:00,47.20000076293945,47.20000076293945,47.18000030517578,47.20000076293945,47.20000076293945,4400
2026-08-12 15:52:00,47.20000076293945,47.20000076293945,47.18000030517578,47.18000030517578,47.18000030517578,5200
2026-08-12 15:53:00,47.20000076293945,47.20000076293945,47.18000030517578,47.20000076293945,47.20000076293945,5300
2026-08-12 15:54:00,47.20000076293945,47.20000076293945,47.18000030517578,47.18000030517578,47.18000030517578,29400
2026-08-12 15:55:00,47.18000030517578,47.20000076293945,47.18000030517578,47.20000076293945,47.20000076293945,4800
2026-08-12 15:56:00,47.20000076293945,47.220001220703125,47.18000030517578,47.220001220703125,47.220001220703125,12000
2026-08-12 15:57:00,47.220001220703125,47.2400016784668,47.20000076293945,47.20000076293945,47.20000076293945,20800
2026-08-12 15:58:00,47.220001220703125,47.2400016784668,47.220001220703125,47.2400016784668,47.2400016784668,34000
2026-08-12 15:59:00,47.20000076293945,47.2400016784668,47.20000076293945,47.2400016784668,47.2400016784668,21500
2026-08-12 16:08:00,47.15999984741211,47.15999984741211,47.15999984741211,47.15999984741211,47.15999984741211,0
2026-08-13 09:16:00,47.3,47.3,47.3,47.3,47.3,0
2026-08-13 09:20:00,46.5,46.5,46.5,46.5,46.5,7600
2026-08-13 09:23:00,47.3,47.3,47.3,47.3,47.3,0
2026-08-13 09:25:00,47.3,47.3,47.3,47.3,47.3,0
2026-08-13 09:27:00,47.5,47.5,47.5,47.5,47.5,0
2026-08-13 09:28:00,47.5,47.5,47.5,47.5,47.5,0
2026-08-13 09:29:00,47.5,47.5,47.1,47.1,47.1,0
2026-08-13 09:30:00,46.68000030517578,46.7599983215332,46.68000030517578,46.68000030517578,46.68000030517578,13800
2026-08-13 09:31:00,46.619998931884766,46.93999862670898,46.52000045776367,46.81999969482422,46.81999969482422,45100
2026-08-13 09:32:00,46.81999969482422,46.900001525878906,46.77999877929688,46.77999877929688,46.77999877929688,4300
2026-08-13 09:33:00,46.77999877929688,46.79999923706055,46.77999877929688,46.77999877929688,46.77999877929688,5800
2026-08-13 09:34:00,46.84000015258789,46.84000015258789,46.79999923706055,46.79999923706055,46.79999923706055,2800
2026-08-13 09:35:00,46.79999923706055,47.0,46.79999923706055,46.959999084472656,46.959999084472656,9400
2026-08-13 09:36:00,46.959999084472656,47.08000183105469,46.959999084472656,47.02000045776367,47.02000045776367,3700
2026-08-13 09:37:00,47.08000183105469,47.2400016784668,47.08000183105469,47.2400016784668,47.2400016784668,10300
2026-08-13 09:38:00,47.2400016784668,47.380001068115234,47.2400016784668,47.34000015258789,47.34000015258789,37200
2026-08-13 09:39:00,47.34000015258789,47.34000015258789,47.220001220703125,47.220001220703125,47.220001220703125,10300
2026-08-13 09:40:00,47.29999923706055,47.47999954223633,47.29999923706055,47.34000015258789,47.34000015258789,17500
2026-08-13 09:41:00,47.34000015258789,47.400001525878906,47.34000015258789,47.34000015258789,47.34000015258789,1000
2026-08-13 09:42:00,47.34000015258789,47.34000015258789,47.29999923706055,47.29999923706055,47.29999923706055,3500
2026-08-13 09:43:00,47.29999923706055,47.29999923706055,47.2400016784668,47.2400016784668,47.2400016784668,5300
2026-08-13 09:44:00,47.2400016784668,47.2400016784668,47.2400016784668,47.2400016784668,47.2400016784668,300
2026-08-13 09:45:00,47.2400016784668,47.58000183105469,47.2400016784668,47.47999954223633,47.47999954223633,40800
2026-08-13 09:46:00,47.47999954223633,47.540000915527344,47.47999954223633,47.540000915527344,47.540000915527344,5400
2026-08-13 09:47:00,47.540000915527344,47.560001373291016,47.52000045776367,47.540000915527344,47.540000915527344,10300
2026-08-13 09:48:00,47.560001373291016,47.58000183105469,47.540000915527344,47.58000183105469,47.58000183105469,9500
2026-08-13 09:49:00,47.540000915527344,47.540000915527344,47.540000915527344,47.540000915527344,47.540000915527344,500
2026-08-13 09:50:00,47.540000915527344,47.540000915527344,47.540000915527344,47.540000915527344,47.540000915527344,3500
2026-08-13 09:51:00,47.540000915527344,47.540000915527344,47.380001068115234,47.400001525878906,47.400001525878906,14500
2026-08-13 09:52:00,47.400001525878906,47.400001525878906,47.400001525878906,47.400001525878906,47.400001525878906,1500
2026-08-13 09:53:00,47.400001525878906,47.400001525878906,47.31999969482422,47.31999969482422,47.31999969482422,12100
2026-08-13 09:54:00,47.36000061035156,47.47999954223633,47.36000061035156,47.47999954223633,47.47999954223633,13200
2026-08-13 09:55:00,47.43999862670898,47.43999862670898,47.43999862670898,47.43999862670898,47.43999862670898,100
2026-08-13 09:56:00,47.43999862670898,47.43999862670898,47.43999862670898,47.43999862670898,47.43999862670898,500
2026-08-13 09:57:00,47.43999862670898,47.5,47.400001525878906,47.5,47.5,34600
2026-08-13 09:58:00,47.52000045776367,47.58000183105469,47.52000045776367,47.540000915527344,47.540000915527344,15100
2026-08-13 09:59:00,47.47999954223633,47.5,47.47999954223633,47.47999954223633,47.47999954223633,3100
2026-08-13 10:00:00,47.47999954223633,47.47999954223633,47.47999954223633,47.47999954223633,47.47999954223633,500
2026-08-13 10:01:00,47.47999954223633,47.52000045776367,47.47999954223633,47.5,47.5,8700
2026-08-13 10:02:00,47.5,47.5,47.459999084472656,47.459999084472656,47.459999084472656,10100
2026-08-13 10:03:00,47.459999084472656,47.459999084472656,47.41999816894531,47.43999862670898,47.43999862670898,11400
2026-08-13 10:04:00,47.41999816894531,47.41999816894531,47.31999969482422,47.41999816894531,47.41999816894531,27600
2026-08-13 10:05:00,47.41999816894531,47.41999816894531,47.400001525878906,47.41999816894531,47.41999816894531,7200
2026-08-13 10:06:00,47.380001068115234,47.43999862670898,47.380001068115234,47.43999862670898,47.43999862670898,9900
2026-08-13 10:07:00,47.41999816894531,47.41999816894531,47.380001068115234,47.380001068115234,47.380001068115234,5900
2026-08-13 10:08:00,47.41999816894531,47.41999816894531,47.380001068115234,47.380001068115234,47.380001068115234,2400
2026-08-13 10:09:00,47.380001068115234,47.380001068115234,47.31999969482422,47.34000015258789,47.34000015258789,7700
2026-08-13 10:10:00,47.31999969482422,47.43999862670898,47.31999969482422,47.43999862670898,47.43999862670898,10200
2026-08-13 10:11:00,47.400001525878906,47.400001525878906,47.34000015258789,47.36000061035156,47.36000061035156,8800
2026-08-13 10:12:00,47.31999969482422,47.36000061035156,47.31999969482422,47.31999969482422,47.31999969482422,400
2026-08-13 10:13:00,47.31999969482422,47.36000061035156,47.31999969482422,47.36000061035156,47.36000061035156,6100
2026-08-13 10:14:00,47.31999969482422,47.36000061035156,47.31999969482422,47.36000061035156,47.36000061035156,400
2026-08-13 10:15:00,47.31999969482422,47.36000061035156,47.31999969482422,47.36000061035156,47.36000061035156,1500
2026-08-13 10:16:00,47.31999969482422,47.36000061035156,47.31999969482422,47.36000061035156,47.36000061035156,2200
2026-08-13 10:17:00,47.34000015258789,47.400001525878906,47.2599983215332,47.2599983215332,47.2599983215332,38200
2026-08-13 10:18:00,47.220001220703125,47.2599983215332,47.220001220703125,47.2599983215332,47.2599983215332,3500
2026-08-13 10:19:00,47.220001220703125,47.2400016784668,47.220001220703125,47.220001220703125,47.220001220703125,4900
2026-08-13 10:20:00,47.220001220703125,47.2400016784668,47.20000076293945,47.2400016784668,47.2400016784668,2700
2026-08-13 10:21:00,47.20000076293945,47.20000076293945,47.09999847412109,47.119998931884766,47.119998931884766,36800
2026-08-13 10:22:00,47.09999847412109,47.119998931884766,47.09999847412109,47.119998931884766,47.119998931884766,4900
2026-08-13 10:23:00,47.08000183105469,47.09999847412109,47.08000183105469,47.08000183105469,47.08000183105469,1300
2026-08-13 10:24:00,47.08000183105469,47.09999847412109,47.08000183105469,47.09999847412109,47.09999847412109,3700
2026-08-13 10:25:00,47.09999847412109,47.2599983215332,47.09999847412109,47.220001220703125,47.220001220703125,37900
2026-08-13 10:26:00,47.18000030517578,47.2599983215332,47.15999984741211,47.2400016784668,47.2400016784668,13900
2026-08-13 10:28:00,47.220001220703125,47.220001220703125,47.220001220703125,47.220001220703125,47.220001220703125,4900
2026-08-13 10:29:00,47.20000076293945,47.20000076293945,47.15999984741211,47.15999984741211,47.15999984741211,2800
2026-08-13 10:30:00,47.15999984741211,47.220001220703125,47.15999984741211,47.220001220703125,47.220001220703125,6400
2026-08-13 10:31:00,47.20000076293945,47.220001220703125,47.18000030517578,47.20000076293945,47.20000076293945,6000
2026-08-13 10:32:00,47.18000030517578,47.18000030517578,47.18000030517578,47.18000030517578,47.18000030517578,100
2026-08-13 10:33:00,47.18000030517578,47.18000030517578,47.18000030517578,47.18000030517578,47.18000030517578,900
2026-08-13 10:34:00,47.18000030517578,47.20000076293945,47.18000030517578,47.18000030517578,47.18000030517578,800
2026-08-13 10:35:00,47.20000076293945,47.20000076293945,47.18000030517578,47.18000030517578,47.18000030517578,600
2026-08-13 10:36:00,47.18000030517578,47.220001220703125,47.18000030517578,47.220001220703125,47.220001220703125,9500
2026-08-13 10:37:00,47.220001220703125,47.220001220703125,47.20000076293945,47.220001220703125,47.220001220703125,3400
2026-08-13 10:38:00,47.220001220703125,47.2599983215332,47.20000076293945,47.220001220703125,47.220001220703125,34400
2026-08-13 10:39:00,47.220001220703125,47.220001220703125,47.220001220703125,47.220001220703125,47.220001220703125,2800
2026-08-13 10:40:00,47.220001220703125,47.2400016784668,47.220001220703125,47.220001220703125,47.220001220703125,2700
2026-08-13 10:41:00,47.220001220703125,47.220001220703125,47.220001220703125,47.220001220703125,47.220001220703125,1900
2026-08-13 10:42:00,47.220001220703125,47.220001220703125,47.18000030517578,47.18000030517578,47.18000030517578,8600
2026-08-13 10:43:00,47.18000030517578,47.18000030517578,47.18000030517578,47.18000030517578,47.18000030517578,800
2026-08-13 10:44:00,47.20000076293945,47.20000076293945,47.18000030517578,47.18000030517578,47.18000030517578,800
2026-08-13 10:45:00,47.18000030517578,47.20000076293945,47.18000030517578,47.18000030517578,47.18000030517578,600
2026-08-13 10:46:00,47.20000076293945,47.20000076293945,47.18000030517578,47.20000076293945,47.20000076293945,11800
2026-08-13 10:47:00,47.18000030517578,47.18000030517578,47.18000030517578,47.18000030517578,47.18000030517578,500
2026-08-13 10:48:00,47.18000030517578,47.20000076293945,47.18000030517578,47.18000030517578,47.18000030517578,9500
2026-08-13 10:49:00,47.15999984741211,47.18000030517578,47.15999984741211,47.15999984741211,47.15999984741211,3200
2026-08-13 10:50:00,47.18000030517578,47.18000030517578,47.15999984741211,47.18000030517578,47.18000030517578,2300
2026-08-13 10:51:00,47.18000030517578,47.2400016784668,47.18000030517578,47.20000076293945,47.20000076293945,40000
2026-08-13 10:52:00,47.20000076293945,47.20000076293945,47.18000030517578,47.18000030517578,47.18000030517578,2900
2026-08-13 10:53:00,47.18000030517578,47.20000076293945,47.18000030517578,47.18000030517578,47.18000030517578,500
2026-08-13 10:54:00,47.18000030517578,47.20000076293945,47.18000030517578,47.18000030517578,47.18000030517578,1000
2026-08-13 10:55:00,47.18000030517578,47.18000030517578,47.18000030517578,47.18000030517578,47.18000030517578,7000
2026-08-13 10:56:00,47.18000030517578,47.18000030517578,47.15999984741211,47.15999984741211,47.15999984741211,4700
2026-08-13 10:57:00,47.15999984741211,47.15999984741211,47.15999984741211,47.15999984741211,47.15999984741211,1200
2026-08-13 10:58:00,47.15999984741211,47.18000030517578,47.15999984741211,47.15999984741211,47.15999984741211,5100
2026-08-13 10:59:00,47.15999984741211,47.15999984741211,47.13999938964844,47.13999938964844,47.13999938964844,4200
2026-08-13 11:00:00,47.13999938964844,47.13999938964844,47.119998931884766,47.119998931884766,47.119998931884766,6600
2026-08-13 11:01:00,47.119998931884766,47.119998931884766,47.09999847412109,47.09999847412109,47.09999847412109,10500
2026-08-13 11:02:00,47.09999847412109,47.09999847412109,47.08000183105469,47.08000183105469,47.08000183105469,4001
2026-08-13 11:03:00,47.08000183105469,47.08000183105469,47.02000045776367,47.040000915527344,47.040000915527344,13900
2026-08-13 11:04:00,47.040000915527344,47.040000915527344,47.040000915527344,47.040000915527344,47.040000915527344,800
2026-08-13 11:05:00,47.040000915527344,47.060001373291016,47.040000915527344,47.040000915527344,47.040000915527344,1000
2026-08-13 11:06:00,47.040000915527344,47.060001373291016,47.040000915527344,47.060001373291016,47.060001373291016,2400
2026-08-13 11:07:00,47.060001373291016,47.060001373291016,47.040000915527344,47.040000915527344,47.040000915527344,3200
2026-08-13 11:08:00,47.040000915527344,47.040000915527344,46.97999954223633,46.97999954223633,46.97999954223633,18200
2026-08-13 11:09:00,46.959999084472656,46.959999084472656,46.959999084472656,46.959999084472656,46.959999084472656,2300
2026-08-13 11:10:00,46.959999084472656,46.959999084472656,46.91999816894531,46.93999862670898,46.93999862670898,156100
2026-08-13 11:11:00,46.900001525878906,46.900001525878906,46.880001068115234,46.880001068115234,46.880001068115234,3300
2026-08-13 11:12:00,46.86000061035156,46.86000061035156,46.77999877929688,46.81999969482422,46.81999969482422,42200
2026-08-13 11:13:00,46.81999969482422,46.81999969482422,46.7599983215332,46.77999877929688,46.77999877929688,25300
2026-08-13 11:14:00,46.77999877929688,46.77999877929688,46.77999877929688,46.77999877929688,46.77999877929688,8500
2026-08-13 11:15:00,46.7599983215332,46.880001068115234,46.7599983215332,46.84000015258789,46.84000015258789,162600
2026-08-13 11:17:00,46.81999969482422,46.81999969482422,46.81999969482422,46.81999969482422,46.81999969482422,300
2026-08-13 11:18:00,46.81999969482422,46.81999969482422,46.81999969482422,46.81999969482422,46.81999969482422,400
2026-08-13 11:19:00,46.81999969482422,46.81999969482422,46.81999969482422,46.81999969482422,46.81999969482422,500
2026-08-13 11:20:00,46.81999969482422,46.81999969482422,46.81999969482422,46.81999969482422,46.81999969482422,1700
2026-08-13 11:21:00,46.84000015258789,46.959999084472656,46.84000015258789,46.959999084472656,46.959999084472656,5600
2026-08-13 11:22:00,46.91999816894531,46.97999954223633,46.880001068115234,46.959999084472656,46.959999084472656,47400
2026-08-13 11:24:00,46.959999084472656,47.0,46.959999084472656,47.0,47.0,3500
2026-08-13 11:25:00,47.02000045776367,47.02000045776367,47.02000045776367,47.02000045776367,47.02000045776367,1800
2026-08-13 11:26:00,47.02000045776367,47.02000045776367,47.02000045776367,47.02000045776367,47.02000045776367,100
2026-08-13 11:27:00,47.02000045776367,47.08000183105469,47.02000045776367,47.08000183105469,47.08000183105469,3800
2026-08-13 11:28:00,47.08000183105469,47.08000183105469,47.060001373291016,47.08000183105469,47.08000183105469,2000
2026-08-13 11:29:00,47.040000915527344,47.08000183105469,47.040000915527344,47.08000183105469,47.08000183105469,600
2026-08-13 11:30:00,47.08000183105469,47.08000183105469,47.040000915527344,47.040000915527344,47.040000915527344,1500
2026-08-13 11:31:00,47.040000915527344,47.08000183105469,47.040000915527344,47.08000183105469,47.08000183105469,1200
2026-08-13 11:32:00,47.08000183105469,47.08000183105469,47.02000045776367,47.040000915527344,47.040000915527344,12900
2026-08-13 11:33:00,47.040000915527344,47.040000915527344,46.959999084472656,46.959999084472656,46.959999084472656,8500
2026-08-13 11:34:00,46.959999084472656,46.959999084472656,46.959999084472656,46.959999084472656,46.959999084472656,400
2026-08-13 11:35:00,46.959999084472656,46.97999954223633,46.959999084472656,46.97999954223633,46.97999954223633,300
2026-08-13 11:36:00,46.959999084472656,46.959999084472656,46.959999084472656,46.959999084472656,46.959999084472656,200
2026-08-13 11:37:00,47.0,47.0,46.959999084472656,46.959999084472656,46.959999084472656,3100
2026-08-13 11:38:00,46.959999084472656,46.959999084472656,46.959999084472656,46.959999084472656,46.959999084472656,100
2026-08-13 11:39:00,46.959999084472656,46.959999084472656,46.959999084472656,46.959999084472656,46.959999084472656,600
2026-08-13 11:40:00,46.959999084472656,46.959999084472656,46.959999084472656,46.959999084472656,46.959999084472656,700
2026-08-13 11:41:00,46.959999084472656,47.02000045776367,46.959999084472656,47.02000045776367,47.02000045776367,33000
2026-08-13 11:42:00,47.040000915527344,47.040000915527344,47.040000915527344,47.040000915527344,47.040000915527344,1100
2026-08-13 11:43:00,47.040000915527344,47.040000915527344,47.040000915527344,47.040000915527344,47.040000915527344,200
2026-08-13 11:44:00,47.040000915527344,47.060001373291016,47.040000915527344,47.060001373291016,47.060001373291016,6200
2026-08-13 11:45:00,47.060001373291016,47.08000183105469,47.040000915527344,47.08000183105469,47.08000183105469,5100
2026-08-13 11:46:00,47.08000183105469,47.08000183105469,47.02000045776367,47.02000045776367,47.02000045776367,9700
2026-08-13 11:47:00,47.02000045776367,47.02000045776367,47.02000045776367,47.02000045776367,47.02000045776367,300
2026-08-13 11:48:00,47.02000045776367,47.02000045776367,47.02000045776367,47.02000045776367,47.02000045776367,100
2026-08-13 11:49:00,47.02000045776367,47.040000915527344,47.02000045776367,47.040000915527344,47.040000915527344,900
2026-08-13 11:50:00,47.040000915527344,47.040000915527344,47.02000045776367,47.040000915527344,47.040000915527344,700
2026-08-13 11:51:00,47.040000915527344,47.040000915527344,47.02000045776367,47.040000915527344,47.040000915527344,700
2026-08-13 11:52:00,47.040000915527344,47.09999847412109,47.02000045776367,47.09999847412109,47.09999847412109,7700
2026-08-13 11:53:00,47.09999847412109,47.09999847412109,47.02000045776367,47.02000045776367,47.02000045776367,58600
2026-08-13 11:54:00,47.02000045776367,47.02000045776367,47.0,47.0,47.0,4800
2026-08-13 11:55:00,47.0,47.02000045776367,47.0,47.02000045776367,47.02000045776367,8900
2026-08-13 11:56:00,47.0,47.0,47.0,47.0,47.0,200
2026-08-13 11:57:00,47.0,47.0,47.0,47.0,47.0,200
2026-08-13 11:58:00,47.040000915527344,47.040000915527344,47.02000045776367,47.040000915527344,47.040000915527344,1900
2026-08-13 11:59:00,47.040000915527344,47.040000915527344,47.02000045776367,47.040000915527344,47.040000915527344,2000
2026-08-13 13:00:00,47.040000915527344,47.08000183105469,47.040000915527344,47.040000915527344,47.040000915527344,7700
2026-08-13 13:01:00,47.040000915527344,47.08000183105469,47.040000915527344,47.08000183105469,47.08000183105469,1600
2026-08-13 13:02:00,47.08000183105469,47.09999847412109,47.060001373291016,47.09999847412109,47.09999847412109,4600
2026-08-13 13:03:00,47.13999938964844,47.13999938964844,47.09999847412109,47.13999938964844,47.13999938964844,1200
2026-08-13 13:04:00,47.13999938964844,47.15999984741211,47.09999847412109,47.119998931884766,47.119998931884766,7900
2026-08-13 13:05:00,47.13999938964844,47.13999938964844,47.119998931884766,47.119998931884766,47.119998931884766,9300
2026-08-13 13:06:00,47.119998931884766,47.15999984741211,47.119998931884766,47.13999938964844,47.13999938964844,7900
2026-08-13 13:07:00,47.13999938964844,47.15999984741211,47.13999938964844,47.15999984741211,47.15999984741211,200
2026-08-13 13:08:00,47.13999938964844,47.20000076293945,47.13999938964844,47.20000076293945,47.20000076293945,5300
2026-08-13 13:09:00,47.15999984741211,47.20000076293945,47.08000183105469,47.15999984741211,47.15999984741211,93300
2026-08-13 13:10:00,47.15999984741211,47.20000076293945,47.15999984741211,47.18000030517578,47.18000030517578,37700
2026-08-13 13:11:00,47.20000076293945,47.20000076293945,47.18000030517578,47.20000076293945,47.20000076293945,5700
2026-08-13 13:12:00,47.220001220703125,47.2599983215332,47.20000076293945,47.20000076293945,47.20000076293945,13100
2026-08-13 13:13:00,47.20000076293945,47.2400016784668,47.18000030517578,47.2400016784668,47.2400016784668,6400
2026-08-13 13:14:00,47.20000076293945,47.20000076293945,47.18000030517578,47.18000030517578,47.18000030517578,6000
2026-08-13 13:15:00,47.18000030517578,47.220001220703125,47.09999847412109,47.09999847412109,47.09999847412109,12100
2026-08-13 13:16:00,47.09999847412109,47.119998931884766,47.09999847412109,47.119998931884766,47.119998931884766,800
2026-08-13 13:17:00,47.119998931884766,47.13999938964844,47.119998931884766,47.13999938964844,47.13999938964844,8200
2026-08-13 13:18:00,47.13999938964844,47.13999938964844,47.13999938964844,47.13999938964844,47.13999938964844,900
2026-08-13 13:19:00,47.13999938964844,47.13999938964844,47.119998931884766,47.119998931884766,47.119998931884766,6800
2026-08-13 13:20:00,47.119998931884766,47.119998931884766,47.119998931884766,47.119998931884766,47.119998931884766,2800
2026-08-13 13:21:00,47.119998931884766,47.119998931884766,47.119998931884766,47.119998931884766,47.119998931884766,800
2026-08-13 13:22:00,47.13999938964844,47.13999938964844,47.09999847412109,47.09999847412109,47.09999847412109,18100
2026-08-13 13:23:00,47.09999847412109,47.119998931884766,47.08000183105469,47.119998931884766,47.119998931884766,8200
2026-08-13 13:24:00,47.09999847412109,47.119998931884766,47.09999847412109,47.09999847412109,47.09999847412109,1400
2026-08-13 13:25:00,47.09999847412109,47.119998931884766,47.09999847412109,47.09999847412109,47.09999847412109,1800
2026-08-13 13:26:00,47.09999847412109,47.119998931884766,47.09999847412109,47.119998931884766,47.119998931884766,9100
2026-08-13 13:27:00,47.09999847412109,47.119998931884766,47.09999847412109,47.119998931884766,47.119998931884766,2000
2026-08-13 13:28:00,47.09999847412109,47.119998931884766,47.09999847412109,47.119998931884766,47.119998931884766,3000
2026-08-13 13:29:00,47.119998931884766,47.119998931884766,47.09999847412109,47.119998931884766,47.119998931884766,16800
2026-08-13 13:30:00,47.119998931884766,47.119998931884766,47.09999847412109,47.09999847412109,47.09999847412109,2800
2026-08-13 13:31:00,47.09999847412109,47.119998931884766,47.060001373291016,47.060001373291016,47.060001373291016,21300
2026-08-13 13:32:00,47.060001373291016,47.060001373291016,47.040000915527344,47.060001373291016,47.060001373291016,7600
2026-08-13 13:33:00,47.040000915527344,47.060001373291016,47.040000915527344,47.060001373291016,47.060001373291016,600
2026-08-13 13:34:00,47.040000915527344,47.060001373291016,47.040000915527344,47.060001373291016,47.060001373291016,900
2026-08-13 13:35:00,47.040000915527344,47.040000915527344,47.02000045776367,47.02000045776367,47.02000045776367,14000
2026-08-13 13:36:00,47.02000045776367,47.02000045776367,47.02000045776367,47.02000045776367,47.02000045776367,300
2026-08-13 13:37:00,47.02000045776367,47.040000915527344,47.02000045776367,47.040000915527344,47.040000915527344,2400
2026-08-13 13:38:00,47.02000045776367,47.060001373291016,47.02000045776367,47.040000915527344,47.040000915527344,18800
2026-08-13 13:39:00,47.040000915527344,47.040000915527344,47.040000915527344,47.040000915527344,47.040000915527344,100
2026-08-13 13:40:00,47.02000045776367,47.040000915527344,47.02000045776367,47.02000045776367,47.02000045776367,1300
2026-08-13 13:41:00,47.02000045776367,47.02000045776367,47.02000045776367,47.02000045776367,47.02000045776367,1200
2026-08-13 13:42:00,47.02000045776367,47.040000915527344,47.02000045776367,47.040000915527344,47.040000915527344,1500
2026-08-13 13:43:00,47.02000045776367,47.040000915527344,47.0,47.040000915527344,47.040000915527344,28600
2026-08-13 13:44:00,47.040000915527344,47.060001373291016,47.040000915527344,47.060001373291016,47.060001373291016,500
2026-08-13 13:45:00,47.040000915527344,47.060001373291016,47.040000915527344,47.060001373291016,47.060001373291016,800
2026-08-13 13:46:00,47.060001373291016,47.060001373291016,47.040000915527344,47.060001373291016,47.060001373291016,3400
2026-08-13 13:47:00,47.040000915527344,47.060001373291016,47.040000915527344,47.060001373291016,47.060001373291016,1500
2026-08-13 13:48:00,47.060001373291016,47.060001373291016,47.040000915527344,47.060001373291016,47.060001373291016,18100
2026-08-13 13:49:00,47.060001373291016,47.060001373291016,47.040000915527344,47.040000915527344,47.040000915527344,4000
2026-08-13 13:50:00,47.040000915527344,47.060001373291016,47.040000915527344,47.040000915527344,47.040000915527344,5500
2026-08-13 13:51:00,47.040000915527344,47.040000915527344,47.040000915527344,47.040000915527344,47.040000915527344,1200
2026-08-13 13:52:00,47.040000915527344,47.040000915527344,47.02000045776367,47.040000915527344,47.040000915527344,12900
2026-08-13 13:53:00,47.02000045776367,47.040000915527344,47.02000045776367,47.02000045776367,47.02000045776367,1800
2026-08-13 13:54:00,47.040000915527344,47.040000915527344,47.0,47.0,47.0,12000
2026-08-13 13:55:00,47.0,47.0,47.0,47.0,47.0,1400
2026-08-13 13:56:00,47.0,47.0,47.0,47.0,47.0,1700
2026-08-13 13:57:00,47.0,47.0,46.97999954223633,46.97999954223633,46.97999954223633,18800
2026-08-13 13:58:00,46.97999954223633,47.0,46.97999954223633,47.0,47.0,1400
2026-08-13 13:59:00,46.97999954223633,46.97999954223633,46.97999954223633,46.97999954223633,46.97999954223633,900
2026-08-13 14:00:00,46.97999954223633,47.0,46.97999954223633,46.97999954223633,46.97999954223633,3000
2026-08-13 14:01:00,46.97999954223633,46.97999954223633,46.97999954223633,46.97999954223633,46.97999954223633,1100
2026-08-13 14:02:00,46.97999954223633,47.0,46.97999954223633,46.97999954223633,46.97999954223633,5300
2026-08-13 14:03:00,47.0,47.0,46.97999954223633,47.0,47.0,2400
2026-08-13 14:04:00,47.0,47.0,46.97999954223633,47.0,47.0,10300
2026-08-13 14:05:00,47.0,47.02000045776367,47.0,47.0,47.0,20000
2026-08-13 14:06:00,47.0,47.0,47.0,47.0,47.0,2200
2026-08-13 14:07:00,47.0,47.0,47.0,47.0,47.0,1000
2026-08-13 14:08:00,47.0,47.02000045776367,47.0,47.02000045776367,47.02000045776367,3400
2026-08-13 14:09:00,47.0,47.02000045776367,47.0,47.02000045776367,47.02000045776367,1300
2026-08-13 14:10:00,47.02000045776367,47.08000183105469,47.02000045776367,47.08000183105469,47.08000183105469,20500
2026-08-13 14:11:00,47.08000183105469,47.119998931884766,47.060001373291016,47.119998931884766,47.119998931884766,9700
2026-08-13 14:12:00,47.119998931884766,47.18000030517578,47.09999847412109,47.15999984741211,47.15999984741211,34700
2026-08-13 14:13:00,47.15999984741211,47.15999984741211,47.13999938964844,47.13999938964844,47.13999938964844,16000
2026-08-13 14:14:00,47.119998931884766,47.15999984741211,47.119998931884766,47.13999938964844,47.13999938964844,12200
2026-08-13 14:15:00,47.13999938964844,47.13999938964844,47.09999847412109,47.09999847412109,47.09999847412109,12800
2026-08-13 14:16:00,47.08000183105469,47.08000183105469,47.08000183105469,47.08000183105469,47.08000183105469,500
2026-08-13 14:17:00,47.08000183105469,47.119998931884766,47.08000183105469,47.09999847412109,47.09999847412109,1300
2026-08-13 14:18:00,47.09999847412109,47.09999847412109,47.09999847412109,47.09999847412109,47.09999847412109,600
2026-08-13 14:19:00,47.119998931884766,47.119998931884766,47.060001373291016,47.060001373291016,47.060001373291016,15600
2026-08-13 14:20:00,47.060001373291016,47.08000183105469,47.060001373291016,47.08000183105469,47.08000183105469,1200
2026-08-13 14:21:00,47.060001373291016,47.060001373291016,47.040000915527344,47.040000915527344,47.040000915527344,14100
2026-08-13 14:22:00,47.040000915527344,47.060001373291016,47.040000915527344,47.040000915527344,47.040000915527344,1500
2026-08-13 14:23:00,47.060001373291016,47.060001373291016,47.040000915527344,47.040000915527344,47.040000915527344,2500
2026-08-13 14:24:00,47.040000915527344,47.040000915527344,47.02000045776367,47.02000045776367,47.02000045776367,16600
2026-08-13 14:25:00,47.02000045776367,47.02000045776367,47.02000045776367,47.02000045776367,47.02000045776367,1500
2026-08-13 14:26:00,47.02000045776367,47.02000045776367,47.02000045776367,47.02000045776367,47.02000045776367,1300
2026-08-13 14:27:00,47.02000045776367,47.02000045776367,47.02000045776367,47.02000045776367,47.02000045776367,1600
2026-08-13 14:28:00,47.02000045776367,47.02000045776367,47.02000045776367,47.02000045776367,47.02000045776367,1400
2026-08-13 14:29:00,47.02000045776367,47.040000915527344,47.02000045776367,47.02000045776367,47.02000045776367,2000
2026-08-13 14:30:00,47.040000915527344,47.040000915527344,47.02000045776367,47.02000045776367,47.02000045776367,17300
2026-08-13 14:31:00,47.02000045776367,47.02000045776367,47.02000045776367,47.02000045776367,47.02000045776367,800
2026-08-13 14:32:00,47.02000045776367,47.02000045776367,47.0,47.0,47.0,11300
2026-08-13 14:33:00,47.0,47.0,46.97999954223633,46.97999954223633,46.97999954223633,11700
2026-08-13 14:34:00,46.97999954223633,46.97999954223633,46.959999084472656,46.959999084472656,46.959999084472656,5200
2026-08-13 14:35:00,46.959999084472656,46.959999084472656,46.959999084472656,46.959999084472656,46.959999084472656,1100
2026-08-13 14:36:00,46.959999084472656,46.97999954223633,46.959999084472656,46.959999084472656,46.959999084472656,2400
2026-08-13 14:37:00,46.959999084472656,46.97999954223633,46.959999084472656,46.959999084472656,46.959999084472656,1300
2026-08-13 14:38:00,46.97999954223633,46.97999954223633,46.959999084472656,46.959999084472656,46.959999084472656,1500
2026-08-13 14:39:00,46.97999954223633,46.97999954223633,46.959999084472656,46.97999954223633,46.97999954223633,2100
2026-08-13 14:40:00,46.959999084472656,46.97999954223633,46.959999084472656,46.959999084472656,46.959999084472656,3700
2026-08-13 14:41:00,46.959999084472656,46.97999954223633,46.959999084472656,46.97999954223633,46.97999954223633,1100
2026-08-13 14:42:00,46.959999084472656,46.959999084472656,46.959999084472656,46.959999084472656,46.959999084472656,26700
2026-08-13 14:43:00,46.959999084472656,46.97999954223633,46.959999084472656,46.97999954223633,46.97999954223633,700
2026-08-13 14:44:00,46.97999954223633,46.97999954223633,46.959999084472656,46.959999084472656,46.959999084472656,1600
2026-08-13 14:45:00,46.959999084472656,46.97999954223633,46.959999084472656,46.97999954223633,46.97999954223633,2300
2026-08-13 14:46:00,46.97999954223633,46.97999954223633,46.959999084472656,46.959999084472656,46.959999084472656,3900
2026-08-13 14:47:00,46.959999084472656,46.97999954223633,46.959999084472656,46.959999084472656,46.959999084472656,1400
2026-08-13 14:48:00,46.959999084472656,46.97999954223633,46.959999084472656,46.959999084472656,46.959999084472656,1400
2026-08-13 14:49:00,46.97999954223633,46.97999954223633,46.959999084472656,46.97999954223633,46.97999954223633,2200
2026-08-13 14:50:00,46.959999084472656,47.08000183105469,46.959999084472656,47.08000183105469,47.08000183105469,67200
2026-08-13 14:51:00,47.08000183105469,47.08000183105469,47.060001373291016,47.060001373291016,47.060001373291016,900
2026-08-13 14:52:00,47.060001373291016,47.08000183105469,47.060001373291016,47.08000183105469,47.08000183105469,1900
2026-08-13 14:53:00,47.060001373291016,47.08000183105469,47.060001373291016,47.08000183105469,47.08000183105469,1500
2026-08-13 14:54:00,47.08000183105469,47.08000183105469,47.060001373291016,47.08000183105469,47.08000183105469,2000
2026-08-13 14:55:00,47.060001373291016,47.08000183105469,47.060001373291016,47.060001373291016,47.060001373291016,2800
2026-08-13 14:56:00,47.060001373291016,47.08000183105469,47.060001373291016,47.060001373291016,47.060001373291016,15400
2026-08-13 14:57:00,47.060001373291016,47.060001373291016,47.040000915527344,47.060001373291016,47.060001373291016,28100
2026-08-13 14:58:00,47.02000045776367,47.02000045776367,47.02000045776367,47.02000045776367,47.02000045776367,700
2026-08-13 14:59:00,47.02000045776367,47.060001373291016,47.02000045776367,47.060001373291016,47.060001373291016,3100
2026-08-13 15:00:00,47.040000915527344,47.040000915527344,47.040000915527344,47.040000915527344,47.040000915527344,6000
2026-08-13 15:01:00,47.040000915527344,47.040000915527344,47.040000915527344,47.040000915527344,47.040000915527344,2300
2026-08-13 15:02:00,47.040000915527344,47.040000915527344,47.040000915527344,47.040000915527344,47.040000915527344,2400
2026-08-13 15:03:00,47.040000915527344,47.060001373291016,47.040000915527344,47.040000915527344,47.040000915527344,3800
2026-08-13 15:04:00,47.040000915527344,47.060001373291016,47.040000915527344,47.040000915527344,47.040000915527344,4100
2026-08-13 15:05:00,47.060001373291016,47.13999938964844,47.060001373291016,47.13999938964844,47.13999938964844,25000
2026-08-13 15:06:00,47.119998931884766,47.119998931884766,47.09999847412109,47.09999847412109,47.09999847412109,15200
2026-08-13 15:07:00,47.09999847412109,47.119998931884766,47.09999847412109,47.09999847412109,47.09999847412109,1900
2026-08-13 15:08:00,47.119998931884766,47.13999938964844,47.09999847412109,47.13999938964844,47.13999938964844,22700
2026-08-13 15:09:00,47.13999938964844,47.13999938964844,47.119998931884766,47.119998931884766,47.119998931884766,9700
2026-08-13 15:10:00,47.119998931884766,47.13999938964844,47.119998931884766,47.13999938964844,47.13999938964844,1600
2026-08-13 15:11:00,47.119998931884766,47.13999938964844,47.119998931884766,47.119998931884766,47.119998931884766,1200
2026-08-13 15:12:00,47.13999938964844,47.13999938964844,47.119998931884766,47.119998931884766,47.119998931884766,1300
2026-08-13 15:13:00,47.13999938964844,47.13999938964844,47.119998931884766,47.119998931884766,47.119998931884766,13800
2026-08-13 15:14:00,47.09999847412109,47.119998931884766,47.08000183105469,47.08000183105469,47.08000183105469,13800
2026-08-13 15:15:00,47.060001373291016,47.09999847412109,47.060001373291016,47.08000183105469,47.08000183105469,2792
2026-08-13 15:16:00,47.08000183105469,47.08000183105469,47.08000183105469,47.08000183105469,47.08000183105469,2000
2026-08-13 15:17:00,47.08000183105469,47.08000183105469,47.08000183105469,47.08000183105469,47.08000183105469,6300
2026-08-13 15:18:00,47.08000183105469,47.08000183105469,47.08000183105469,47.08000183105469,47.08000183105469,2000
2026-08-13 15:19:00,47.08000183105469,47.08000183105469,47.08000183105469,47.08000183105469,47.08000183105469,1700
2026-08-13 15:20:00,47.08000183105469,47.08000183105469,47.08000183105469,47.08000183105469,47.08000183105469,1900
2026-08-13 15:21:00,47.08000183105469,47.119998931884766,47.08000183105469,47.119998931884766,47.119998931884766,11700
2026-08-13 15:22:00,47.119998931884766,47.119998931884766,47.119998931884766,47.119998931884766,47.119998931884766,3300
2026-08-13 15:23:00,47.119998931884766,47.13999938964844,47.119998931884766,47.119998931884766,47.119998931884766,14600
2026-08-13 15:24:00,47.119998931884766,47.119998931884766,47.09999847412109,47.09999847412109,47.09999847412109,900
2026-08-13 15:25:00,47.09999847412109,47.119998931884766,47.09999847412109,47.09999847412109,47.09999847412109,2300
2026-08-13 15:26:00,47.09999847412109,47.13999938964844,47.09999847412109,47.119998931884766,47.119998931884766,23500
2026-08-13 15:27:00,47.119998931884766,47.119998931884766,47.119998931884766,47.119998931884766,47.119998931884766,600
2026-08-13 15:28:00,47.119998931884766,47.13999938964844,47.119998931884766,47.13999938964844,47.13999938964844,12900
2026-08-13 15:29:00,47.119998931884766,47.119998931884766,47.119998931884766,47.119998931884766,47.119998931884766,900
2026-08-13 15:30:00,47.119998931884766,47.119998931884766,47.09999847412109,47.119998931884766,47.119998931884766,12800
2026-08-13 15:31:00,47.09999847412109,47.119998931884766,47.08000183105469,47.08000183105469,47.08000183105469,11800
2026-08-13 15:32:00,47.08000183105469,47.13999938964844,47.08000183105469,47.13999938964844,47.13999938964844,19200
2026-08-13 15:33:00,47.13999938964844,47.15999984741211,47.13999938964844,47.15999984741211,47.15999984741211,13100
2026-08-13 15:34:00,47.119998931884766,47.15999984741211,47.119998931884766,47.15999984741211,47.15999984741211,2400
2026-08-13 15:35:00,47.119998931884766,47.15999984741211,47.119998931884766,47.15999984741211,47.15999984741211,2400
2026-08-13 15:36:00,47.119998931884766,47.15999984741211,47.119998931884766,47.119998931884766,47.119998931884766,2100
2026-08-13 15:37:00,47.119998931884766,47.18000030517578,47.119998931884766,47.18000030517578,47.18000030517578,11400
2026-08-13 15:38:00,47.13999938964844,47.18000030517578,47.13999938964844,47.13999938964844,47.13999938964844,2400
2026-08-13 15:39:00,47.18000030517578,47.20000076293945,47.119998931884766,47.119998931884766,47.119998931884766,45500
2026-08-13 15:40:00,47.119998931884766,47.15999984741211,47.119998931884766,47.15999984741211,47.15999984741211,1607
2026-08-13 15:41:00,47.119998931884766,47.13999938964844,47.119998931884766,47.13999938964844,47.13999938964844,2000
2026-08-13 15:42:00,47.13999938964844,47.13999938964844,47.13999938964844,47.13999938964844,47.13999938964844,2400
2026-08-13 15:43:00,47.13999938964844,47.15999984741211,47.09999847412109,47.09999847412109,47.09999847412109,30000
2026-08-13 15:44:00,47.09999847412109,47.119998931884766,47.08000183105469,47.09999847412109,47.09999847412109,2400
2026-08-13 15:45:00,47.09999847412109,47.09999847412109,47.09999847412109,47.09999847412109,47.09999847412109,25600
2026-08-13 15:46:00,47.09999847412109,47.09999847412109,47.09999847412109,47.09999847412109,47.09999847412109,1600
2026-08-13 15:47:00,47.09999847412109,47.09999847412109,47.09999847412109,47.09999847412109,47.09999847412109,2300
2026-08-13 15:48:00,47.09999847412109,47.09999847412109,47.09999847412109,47.09999847412109,47.09999847412109,3200
2026-08-13 15:49:00,47.09999847412109,47.09999847412109,47.09999847412109,47.09999847412109,47.09999847412109,2500
2026-08-13 15:50:00,47.09999847412109,47.09999847412109,47.09999847412109,47.09999847412109,47.09999847412109,2400
2026-08-13 15:51:00,47.09999847412109,47.09999847412109,47.08000183105469,47.08000183105469,47.08000183105469,28400
2026-08-13 15:52:00,47.08000183105469,47.09999847412109,47.060001373291016,47.060001373291016,47.060001373291016,6800
2026-08-13 15:53:00,47.060001373291016,47.09999847412109,47.060001373291016,47.09999847412109,47.09999847412109,3400
2026-08-13 15:54:00,47.060001373291016,47.09999847412109,47.040000915527344,47.040000915527344,47.040000915527344,15300
2026-08-13 15:55:00,47.040000915527344,47.040000915527344,47.02000045776367,47.02000045776367,47.02000045776367,12600
2026-08-13 15:56:00,47.02000045776367,47.040000915527344,47.02000045776367,47.02000045776367,47.02000045776367,5200
2026-08-13 15:57:00,47.02000045776367,47.119998931884766,47.02000045776367,47.09999847412109,47.09999847412109,54000
2026-08-13 15:58:00,47.060001373291016,47.09999847412109,47.060001373291016,47.09999847412109,47.09999847412109,12700
2026-08-13 15:59:00,47.09999847412109,47.09999847412109,47.060001373291016,47.09999847412109,47.09999847412109,18400
2026-08-13 16:08:00,47.08000183105469,47.08000183105469,47.08000183105469,47.08000183105469,47.08000183105469,502000
2026-08-14 09:16:00,47.56,47.56,47.56,47.56,47.56,0
2026-08-14 09:17:00,47.56,47.56,47.56,47.56,47.56,0
2026-08-14 09:20:00,46.74,46.82,46.74,46.82,46.82,5000
2026-08-14 09:24:00,47.56,47.56,47.56,47.56,47.56,0
2026-08-14 09:25:00,47.56,47.56,47.56,47.56,47.56,0
2026-08-14 09:26:00,47.4,47.4,47.4,47.4,47.4,0
2026-08-14 09:27:00,47.4,47.4,47.4,47.4,47.4,0
2026-08-14 09:29:00,47.4,47.4,47.04,47.04,47.04,0
2026-08-14 09:30:00,47.02000045776367,47.02000045776367,47.02000045776367,47.02000045776367,47.02000045776367,6300
2026-08-14 09:31:00,47.0,47.0,46.59999847412109,46.59999847412109,46.59999847412109,11300
2026-08-14 09:32:00,46.59999847412109,46.720001220703125,46.59999847412109,46.65999984741211,46.65999984741211,10100
2026-08-14 09:33:00,46.65999984741211,46.68000030517578,46.63999938964844,46.68000030517578,46.68000030517578,2500
2026-08-14 09:34:00,46.68000030517578,46.77999877929688,46.619998931884766,46.619998931884766,46.619998931884766,13800
2026-08-14 09:35:00,46.59999847412109,46.59999847412109,46.560001373291016,46.560001373291016,46.560001373291016,13600
2026-08-14 09:36:00,46.58000183105469,46.58000183105469,46.5,46.5,46.5,9900
2026-08-14 09:37:00,46.5,46.619998931884766,46.5,46.619998931884766,46.619998931884766,5100
2026-08-14 09:38:00,46.58000183105469,46.58000183105469,46.540000915527344,46.540000915527344,46.540000915527344,2400
2026-08-14 09:39:00,46.540000915527344,46.58000183105469,46.52000045776367,46.58000183105469,46.58000183105469,4300
2026-08-14 09:40:00,46.58000183105469,46.59999847412109,46.560001373291016,46.59999847412109,46.59999847412109,2800
2026-08-14 09:41:00,46.619998931884766,46.720001220703125,46.619998931884766,46.65999984741211,46.65999984741211,6500
2026-08-14 09:42:00,46.65999984741211,46.68000030517578,46.63999938964844,46.68000030517578,46.68000030517578,3300
2026-08-14 09:43:00,46.65999984741211,46.65999984741211,46.560001373291016,46.560001373291016,46.560001373291016,8900
2026-08-14 09:44:00,46.560001373291016,46.68000030517578,46.560001373291016,46.68000030517578,46.68000030517578,2100
2026-08-14 09:45:00,46.70000076293945,46.70000076293945,46.68000030517578,46.68000030517578,46.68000030517578,2800
2026-08-14 09:46:00,46.65999984741211,46.7599983215332,46.65999984741211,46.7599983215332,46.7599983215332,5200
2026-08-14 09:47:00,46.7599983215332,46.77999877929688,46.7599983215332,46.7599983215332,46.7599983215332,2200
2026-08-14 09:48:00,46.7400016784668,46.7599983215332,46.7400016784668,46.7599983215332,46.7599983215332,2600
2026-08-14 09:49:00,46.720001220703125,46.7400016784668,46.720001220703125,46.7400016784668,46.7400016784668,6000
2026-08-14 09:51:00,46.7400016784668,46.77999877929688,46.7400016784668,46.77999877929688,46.77999877929688,4300
2026-08-14 09:52:00,46.81999969482422,46.81999969482422,46.7599983215332,46.7599983215332,46.7599983215332,6900
2026-08-14 09:53:00,46.77999877929688,46.81999969482422,46.77999877929688,46.79999923706055,46.79999923706055,1400
2026-08-14 09:54:00,46.81999969482422,46.86000061035156,46.81999969482422,46.86000061035156,46.86000061035156,4000
2026-08-14 09:55:00,46.86000061035156,46.900001525878906,46.86000061035156,46.880001068115234,46.880001068115234,1700
2026-08-14 09:56:00,46.86000061035156,46.880001068115234,46.79999923706055,46.79999923706055,46.79999923706055,10700
2026-08-14 09:57:00,46.77999877929688,46.77999877929688,46.70000076293945,46.70000076293945,46.70000076293945,4500
2026-08-14 09:59:00,46.70000076293945,46.70000076293945,46.65999984741211,46.65999984741211,46.65999984741211,1600
2026-08-14 10:00:00,46.65999984741211,46.70000076293945,46.65999984741211,46.70000076293945,46.70000076293945,8400
2026-08-14 10:01:00,46.720001220703125,46.7400016784668,46.720001220703125,46.7400016784668,46.7400016784668,1400
2026-08-14 10:02:00,46.7400016784668,46.7400016784668,46.7400016784668,46.7400016784668,46.7400016784668,600
2026-08-14 10:03:00,46.7400016784668,46.77999877929688,46.7400016784668,46.77999877929688,46.77999877929688,3500
2026-08-14 10:04:00,46.79999923706055,46.79999923706055,46.79999923706055,46.79999923706055,46.79999923706055,1000
2026-08-14 10:05:00,46.79999923706055,46.79999923706055,46.79999923706055,46.79999923706055,46.79999923706055,1100
2026-08-14 10:06:00,46.79999923706055,46.79999923706055,46.7599983215332,46.79999923706055,46.79999923706055,3500
2026-08-14 10:07:00,46.79999923706055,46.79999923706055,46.7599983215332,46.7599983215332,46.7599983215332,2700
2026-08-14 10:08:00,46.77999877929688,46.77999877929688,46.7400016784668,46.7400016784668,46.7400016784668,6600
2026-08-14 10:09:00,46.720001220703125,46.720001220703125,46.720001220703125,46.720001220703125,46.720001220703125,1500
2026-08-14 10:10:00,46.70000076293945,46.720001220703125,46.70000076293945,46.720001220703125,46.720001220703125,2700
2026-08-14 10:11:00,46.65999984741211,46.720001220703125,46.65999984741211,46.720001220703125,46.720001220703125,900
2026-08-14 10:12:00,46.65999984741211,46.70000076293945,46.540000915527344,46.540000915527344,46.540000915527344,10100
2026-08-14 10:13:00,46.540000915527344,46.560001373291016,46.540000915527344,46.560001373291016,46.560001373291016,900
2026-08-14 10:14:00,46.52000045776367,46.52000045776367,46.52000045776367,46.52000045776367,46.52000045776367,500
2026-08-14 10:15:00,46.560001373291016,46.560001373291016,46.560001373291016,46.560001373291016,46.560001373291016,3600
2026-08-14 10:17:00,46.58000183105469,46.58000183105469,46.58000183105469,46.58000183105469,46.58000183105469,1900
2026-08-14 10:18:00,46.58000183105469,46.59999847412109,46.58000183105469,46.58000183105469,46.58000183105469,13900
2026-08-14 10:19:00,46.58000183105469,46.59999847412109,46.58000183105469,46.59999847412109,46.59999847412109,3700
2026-08-14 10:20:00,46.619998931884766,46.619998931884766,46.619998931884766,46.619998931884766,46.619998931884766,700
2026-08-14 10:21:00,46.58000183105469,46.619998931884766,46.58000183105469,46.619998931884766,46.619998931884766,800
2026-08-14 10:22:00,46.619998931884766,46.619998931884766,46.619998931884766,46.619998931884766,46.619998931884766,600
2026-08-14 10:23:00,46.619998931884766,46.619998931884766,46.58000183105469,46.58000183105469,46.58000183105469,3900
2026-08-14 10:24:00,46.59999847412109,46.59999847412109,46.52000045776367,46.52000045776367,46.52000045776367,8200
2026-08-14 10:25:00,46.540000915527344,46.540000915527344,46.459999084472656,46.47999954223633,46.47999954223633,26200
2026-08-14 10:26:00,46.459999084472656,46.459999084472656,46.41999816894531,46.41999816894531,46.41999816894531,900
2026-08-14 10:27:00,46.459999084472656,46.5,46.459999084472656,46.5,46.5,4700
2026-08-14 10:28:00,46.540000915527344,46.540000915527344,46.540000915527344,46.540000915527344,46.540000915527344,1100
2026-08-14 10:30:00,46.540000915527344,46.540000915527344,46.540000915527344,46.540000915527344,46.540000915527344,400
2026-08-14 10:31:00,46.52000045776367,46.540000915527344,46.52000045776367,46.52000045776367,46.52000045776367,2600
2026-08-14 10:32:00,46.52000045776367,46.59999847412109,46.52000045776367,46.59999847412109,46.59999847412109,20700
2026-08-14 10:33:00,46.65999984741211,46.65999984741211,46.65999984741211,46.65999984741211,46.65999984741211,1100
2026-08-14 10:34:00,46.65999984741211,46.65999984741211,46.619998931884766,46.619998931884766,46.619998931884766,2700
2026-08-14 10:35:00,46.619998931884766,46.65999984741211,46.58000183105469,46.58000183105469,46.58000183105469,7400
2026-08-14 10:36:00,46.59999847412109,46.59999847412109,46.59999847412109,46.59999847412109,46.59999847412109,1100
2026-08-14 10:38:00,46.619998931884766,46.619998931884766,46.619998931884766,46.619998931884766,46.619998931884766,2000
2026-08-14 10:39:00,46.58000183105469,46.58000183105469,46.58000183105469,46.58000183105469,46.58000183105469,2600
2026-08-14 10:40:00,46.619998931884766,46.619998931884766,46.619998931884766,46.619998931884766,46.619998931884766,1900
2026-08-14 10:41:00,46.619998931884766,46.619998931884766,46.619998931884766,46.619998931884766,46.619998931884766,900
2026-08-14 10:42:00,46.619998931884766,46.619998931884766,46.619998931884766,46.619998931884766,46.619998931884766,400
2026-08-14 10:43:00,46.619998931884766,46.619998931884766,46.619998931884766,46.619998931884766,46.619998931884766,1200
2026-08-14 10:44:00,46.619998931884766,46.65999984741211,46.619998931884766,46.65999984741211,46.65999984741211,3800
2026-08-14 10:45:00,46.65999984741211,46.65999984741211,46.63999938964844,46.63999938964844,46.63999938964844,5600
2026-08-14 10:46:00,46.619998931884766,46.65999984741211,46.619998931884766,46.65999984741211,46.65999984741211,1900
2026-08-14 10:47:00,46.619998931884766,46.619998931884766,46.59999847412109,46.59999847412109,46.59999847412109,4300
2026-08-14 10:48:00,46.59999847412109,46.619998931884766,46.59999847412109,46.619998931884766,46.619998931884766,500
2026-08-14 10:49:00,46.619998931884766,46.619998931884766,46.59999847412109,46.59999847412109,46.59999847412109,3300
2026-08-14 10:50:00,46.59999847412109,46.619998931884766,46.59999847412109,46.619998931884766,46.619998931884766,600
2026-08-14 10:51:00,46.619998931884766,46.619998931884766,46.619998931884766,46.619998931884766,46.619998931884766,2000
2026-08-14 10:53:00,46.63999938964844,46.63999938964844,46.619998931884766,46.619998931884766,46.619998931884766,800
2026-08-14 10:54:00,46.619998931884766,46.619998931884766,46.619998931884766,46.619998931884766,46.619998931884766,1300
2026-08-14 10:55:00,46.65999984741211,46.65999984741211,46.59999847412109,46.59999847412109,46.59999847412109,8500
2026-08-14 10:56:00,46.58000183105469,46.58000183105469,46.58000183105469,46.58000183105469,46.58000183105469,2400
2026-08-14 10:58:00,46.58000183105469,46.58000183105469,46.58000183105469,46.58000183105469,46.58000183105469,900
2026-08-14 10:59:00,46.58000183105469,46.59999847412109,46.58000183105469,46.59999847412109,46.59999847412109,7900
2026-08-14 11:00:00,46.63999938964844,46.63999938964844,46.63999938964844,46.63999938964844,46.63999938964844,1700
2026-08-14 11:01:00,46.63999938964844,46.63999938964844,46.63999938964844,46.63999938964844,46.63999938964844,600
2026-08-14 11:02:00,46.63999938964844,46.63999938964844,46.63999938964844,46.63999938964844,46.63999938964844,600
2026-08-14 11:03:00,46.63999938964844,46.63999938964844,46.63999938964844,46.63999938964844,46.63999938964844,400
2026-08-14 11:04:00,46.63999938964844,46.63999938964844,46.63999938964844,46.63999938964844,46.63999938964844,800
2026-08-14 11:05:00,46.63999938964844,46.63999938964844,46.63999938964844,46.63999938964844,46.63999938964844,500
2026-08-14 11:06:00,46.63999938964844,46.63999938964844,46.63999938964844,46.63999938964844,46.63999938964844,2200
2026-08-14 11:07:00,46.63999938964844,46.63999938964844,46.63999938964844,46.63999938964844,46.63999938964844,100
2026-08-14 11:08:00,46.63999938964844,46.63999938964844,46.619998931884766,46.619998931884766,46.619998931884766,1000
2026-08-14 11:09:00,46.63999938964844,46.65999984741211,46.63999938964844,46.65999984741211,46.65999984741211,7500
2026-08-14 11:10:00,46.65999984741211,46.65999984741211,46.619998931884766,46.63999938964844,46.63999938964844,7400
2026-08-14 11:11:00,46.63999938964844,46.63999938964844,46.63999938964844,46.63999938964844,46.63999938964844,400
2026-08-14 11:12:00,46.63999938964844,46.63999938964844,46.63999938964844,46.63999938964844,46.63999938964844,2200
2026-08-14 11:13:00,46.63999938964844,46.63999938964844,46.63999938964844,46.63999938964844,46.63999938964844,600
2026-08-14 11:14:00,46.63999938964844,46.63999938964844,46.63999938964844,46.63999938964844,46.63999938964844,300
2026-08-14 11:15:00,46.63999938964844,46.63999938964844,46.619998931884766,46.619998931884766,46.619998931884766,700
2026-08-14 11:16:00,46.619998931884766,46.619998931884766,46.59999847412109,46.59999847412109,46.59999847412109,1600
2026-08-14 11:17:00,46.619998931884766,46.619998931884766,46.59999847412109,46.619998931884766,46.619998931884766,2100
2026-08-14 11:18:00,46.619998931884766,46.619998931884766,46.619998931884766,46.619998931884766,46.619998931884766,400
2026-08-14 11:19:00,46.619998931884766,46.619998931884766,46.59999847412109,46.619998931884766,46.619998931884766,12200
2026-08-14 11:20:00,46.59999847412109,46.59999847412109,46.58000183105469,46.58000183105469,46.58000183105469,9500
2026-08-14 11:21:00,46.58000183105469,46.58000183105469,46.58000183105469,46.58000183105469,46.58000183105469,1300
2026-08-14 11:23:00,46.58000183105469,46.58000183105469,46.560001373291016,46.58000183105469,46.58000183105469,6500
2026-08-14 11:24:00,46.59999847412109,46.59999847412109,46.59999847412109,46.59999847412109,46.59999847412109,100
2026-08-14 11:25:00,46.59999847412109,46.59999847412109,46.59999847412109,46.59999847412109,46.59999847412109,300
2026-08-14 11:26:00,46.59999847412109,46.59999847412109,46.59999847412109,46.59999847412109,46.59999847412109,300
2026-08-14 11:27:00,46.59999847412109,46.59999847412109,46.59999847412109,46.59999847412109,46.59999847412109,400
2026-08-14 11:28:00,46.59999847412109,46.63999938964844,46.59999847412109,46.63999938964844,46.63999938964844,14300
2026-08-14 11:29:00,46.619998931884766,46.63999938964844,46.58000183105469,46.58000183105469,46.58000183105469,12300
2026-08-14 11:30:00,46.63999938964844,46.63999938964844,46.58000183105469,46.58000183105469,46.58000183105469,1200
2026-08-14 11:31:00,46.63999938964844,46.63999938964844,46.63999938964844,46.63999938964844,46.63999938964844,100
2026-08-14 11:32:00,46.58000183105469,46.58000183105469,46.58000183105469,46.58000183105469,46.58000183105469,600
2026-08-14 11:33:00,46.59999847412109,46.59999847412109,46.59999847412109,46.59999847412109,46.59999847412109,100
2026-08-14 11:34:00,46.59999847412109,46.59999847412109,46.59999847412109,46.59999847412109,46.59999847412109,2000
2026-08-14 11:35:00,46.59999847412109,46.59999847412109,46.59999847412109,46.59999847412109,46.59999847412109,200
2026-08-14 11:36:00,46.59999847412109,46.59999847412109,46.59999847412109,46.59999847412109,46.59999847412109,100
2026-08-14 11:37:00,46.58000183105469,46.58000183105469,46.540000915527344,46.540000915527344,46.540000915527344,3400
2026-08-14 11:38:00,46.540000915527344,46.540000915527344,46.540000915527344,46.540000915527344,46.540000915527344,200
2026-08-14 11:39:00,46.560001373291016,46.560001373291016,46.540000915527344,46.540000915527344,46.540000915527344,2100
2026-08-14 11:41:00,46.540000915527344,46.540000915527344,46.540000915527344,46.540000915527344,46.540000915527344,100
2026-08-14 11:42:00,46.540000915527344,46.540000915527344,46.540000915527344,46.540000915527344,46.540000915527344,400
2026-08-14 11:44:00,46.560001373291016,46.58000183105469,46.560001373291016,46.560001373291016,46.560001373291016,3600
2026-08-14 11:45:00,46.58000183105469,46.58000183105469,46.58000183105469,46.58000183105469,46.58000183105469,1900
2026-08-14 11:46:00,46.560001373291016,46.560001373291016,46.540000915527344,46.560001373291016,46.560001373291016,3100
2026-08-14 11:49:00,46.560001373291016,46.560001373291016,46.560001373291016,46.560001373291016,46.560001373291016,500
2026-08-14 11:50:00,46.58000183105469,46.58000183105469,46.58000183105469,46.58000183105469,46.58000183105469,2300
2026-08-14 11:51:00,46.58000183105469,46.58000183105469,46.58000183105469,46.58000183105469,46.58000183105469,100
2026-08-14 11:52:00,46.58000183105469,46.58000183105469,46.58000183105469,46.58000183105469,46.58000183105469,400
2026-08-14 11:53:00,46.58000183105469,46.58000183105469,46.58000183105469,46.58000183105469,46.58000183105469,200
2026-08-14 11:54:00,46.58000183105469,46.58000183105469,46.58000183105469,46.58000183105469,46.58000183105469,1100
2026-08-14 11:55:00,46.560001373291016,46.58000183105469,46.560001373291016,46.58000183105469,46.58000183105469,2200
2026-08-14 11:56:00,46.58000183105469,46.58000183105469,46.560001373291016,46.58000183105469,46.58000183105469,700
2026-08-14 11:57:00,46.58000183105469,46.58000183105469,46.58000183105469,46.58000183105469,46.58000183105469,200
2026-08-14 11:58:00,46.58000183105469,46.619998931884766,46.58000183105469,46.619998931884766,46.619998931884766,5900
2026-08-14 11:59:00,46.619998931884766,46.619998931884766,46.59999847412109,46.619998931884766,46.619998931884766,6800
2026-08-14 13:00:00,46.59999847412109,46.59999847412109,46.560001373291016,46.560001373291016,46.560001373291016,4200
2026-08-14 13:01:00,46.540000915527344,46.540000915527344,46.540000915527344,46.540000915527344,46.540000915527344,1700
2026-08-14 13:03:00,46.560001373291016,46.560001373291016,46.560001373291016,46.560001373291016,46.560001373291016,100
2026-08-14 13:04:00,46.560001373291016,46.560001373291016,46.560001373291016,46.560001373291016,46.560001373291016,400
2026-08-14 13:05:00,46.560001373291016,46.560001373291016,46.560001373291016,46.560001373291016,46.560001373291016,2700
2026-08-14 13:06:00,46.52000045776367,46.560001373291016,46.459999084472656,46.459999084472656,46.459999084472656,8200
2026-08-14 13:07:00,46.459999084472656,46.47999954223633,46.459999084472656,46.47999954223633,46.47999954223633,4500
2026-08-14 13:09:00,46.5,46.5,46.5,46.5,46.5,800
2026-08-14 13:10:00,46.5,46.5,46.5,46.5,46.5,2800
2026-08-14 13:11:00,46.47999954223633,46.47999954223633,46.47999954223633,46.47999954223633,46.47999954223633,3100
2026-08-14 13:12:00,46.5,46.5,46.5,46.5,46.5,1200
2026-08-14 13:14:00,46.47999954223633,46.47999954223633,46.47999954223633,46.47999954223633,46.47999954223633,1400
2026-08-14 13:16:00,46.5,46.5,46.459999084472656,46.459999084472656,46.459999084472656,2100
2026-08-14 13:18:00,46.459999084472656,46.459999084472656,46.459999084472656,46.459999084472656,46.459999084472656,100
2026-08-14 13:19:00,46.459999084472656,46.5,46.459999084472656,46.5,46.5,400
2026-08-14 13:20:00,46.5,46.5,46.459999084472656,46.459999084472656,46.459999084472656,200
2026-08-14 13:21:00,46.459999084472656,46.5,46.459999084472656,46.459999084472656,46.459999084472656,2700
2026-08-14 13:22:00,46.5,46.5,46.5,46.5,46.5,100
2026-08-14 13:23:00,46.459999084472656,46.5,46.459999084472656,46.5,46.5,9700
2026-08-14 13:24:00,46.5,46.5,46.459999084472656,46.459999084472656,46.459999084472656,7200
2026-08-14 13:27:00,46.5,46.5,46.459999084472656,46.47999954223633,46.47999954223633,1800
2026-08-14 13:28:00,46.47999954223633,46.47999954223633,46.47999954223633,46.47999954223633,46.47999954223633,100
2026-08-14 13:29:00,46.47999954223633,46.47999954223633,46.47999954223633,46.47999954223633,46.47999954223633,1300
2026-08-14 13:30:00,46.47999954223633,46.47999954223633,46.47999954223633,46.47999954223633,46.47999954223633,100
2026-08-14 13:32:00,46.47999954223633,46.5,46.47999954223633,46.5,46.5,3300
2026-08-14 13:34:00,46.47999954223633,46.5,46.47999954223633,46.5,46.5,4700
2026-08-14 13:35:00,46.5,46.5,46.47999954223633,46.47999954223633,46.47999954223633,4200
2026-08-14 13:37:00,46.459999084472656,46.459999084472656,46.459999084472656,46.459999084472656,46.459999084472656,400
2026-08-14 13:38:00,46.47999954223633,46.47999954223633,46.47999954223633,46.47999954223633,46.47999954223633,1700
2026-08-14 13:39:00,46.47999954223633,46.47999954223633,46.47999954223633,46.47999954223633,46.47999954223633,1200
2026-08-14 13:40:00,46.459999084472656,46.459999084472656,46.459999084472656,46.459999084472656,46.459999084472656,1000
2026-08-14 13:41:00,46.47999954223633,46.47999954223633,46.47999954223633,46.47999954223633,46.47999954223633,500
2026-08-14 13:42:00,46.459999084472656,46.459999084472656,46.31999969482422,46.31999969482422,46.31999969482422,13800
2026-08-14 13:43:00,46.31999969482422,46.31999969482422,46.29999923706055,46.29999923706055,46.29999923706055,2900
2026-08-14 13:44:00,46.29999923706055,46.29999923706055,46.29999923706055,46.29999923706055,46.29999923706055,100
2026-08-14 13:45:00,46.29999923706055,46.29999923706055,46.29999923706055,46.29999923706055,46.29999923706055,800
2026-08-14 13:47:00,46.29999923706055,46.29999923706055,46.29999923706055,46.29999923706055,46.29999923706055,500
2026-08-14 13:48:00,46.29999923706055,46.29999923706055,46.220001220703125,46.220001220703125,46.220001220703125,4700
2026-08-14 13:49:00,46.29999923706055,46.29999923706055,46.220001220703125,46.220001220703125,46.220001220703125,3000
2026-08-14 13:50:00,46.220001220703125,46.220001220703125,46.220001220703125,46.220001220703125,46.220001220703125,600
2026-08-14 13:51:00,46.220001220703125,46.2400016784668,46.220001220703125,46.220001220703125,46.220001220703125,14500
2026-08-14 13:53:00,46.220001220703125,46.220001220703125,46.220001220703125,46.220001220703125,46.220001220703125,1300
2026-08-14 13:54:00,46.220001220703125,46.2599983215332,46.220001220703125,46.2599983215332,46.2599983215332,5400
2026-08-14 13:56:00,46.2599983215332,46.2599983215332,46.2599983215332,46.2599983215332,46.2599983215332,1800
2026-08-14 13:57:00,46.27999877929688,46.27999877929688,46.27999877929688,46.27999877929688,46.27999877929688,1500
2026-08-14 13:59:00,46.27999877929688,46.27999877929688,46.20000076293945,46.2599983215332,46.2599983215332,48500
2026-08-14 14:00:00,46.2599983215332,46.29999923706055,46.2599983215332,46.29999923706055,46.29999923706055,2900
2026-08-14 14:01:00,46.27999877929688,46.27999877929688,46.220001220703125,46.220001220703125,46.220001220703125,25200
2026-08-14 14:02:00,46.18000030517578,46.2400016784668,46.15999984741211,46.2400016784668,46.2400016784668,6200
2026-08-14 14:03:00,46.2599983215332,46.27999877929688,46.2400016784668,46.2400016784668,46.2400016784668,6800
2026-08-14 14:04:00,46.27999877929688,46.27999877929688,46.2599983215332,46.2599983215332,46.2599983215332,10300
2026-08-14 14:05:00,46.2599983215332,46.29999923706055,46.2400016784668,46.2599983215332,46.2599983215332,10600
2026-08-14 14:06:00,46.29999923706055,46.29999923706055,46.20000076293945,46.2400016784668,46.2400016784668,9000
2026-08-14 14:07:00,46.20000076293945,46.2400016784668,46.18000030517578,46.18000030517578,46.18000030517578,11900
2026-08-14 14:08:00,46.18000030517578,46.2599983215332,46.18000030517578,46.2400016784668,46.2400016784668,10800
2026-08-14 14:09:00,46.2400016784668,46.31999969482422,46.220001220703125,46.220001220703125,46.220001220703125,14600
2026-08-14 14:10:00,46.220001220703125,46.2400016784668,46.220001220703125,46.220001220703125,46.220001220703125,2200
2026-08-14 14:11:00,46.220001220703125,46.27999877929688,46.220001220703125,46.2400016784668,46.2400016784668,7300
2026-08-14 14:12:00,46.2400016784668,46.2400016784668,46.2400016784668,46.2400016784668,46.2400016784668,700
2026-08-14 14:13:00,46.2400016784668,46.2400016784668,46.2400016784668,46.2400016784668,46.2400016784668,900
2026-08-14 14:14:00,46.2400016784668,46.2400016784668,46.2400016784668,46.2400016784668,46.2400016784668,400
2026-08-14 14:15:00,46.2400016784668,46.2400016784668,46.220001220703125,46.2400016784668,46.2400016784668,2500
2026-08-14 14:16:00,46.2400016784668,46.2599983215332,46.2400016784668,46.2599983215332,46.2599983215332,2500
2026-08-14 14:18:00,46.2400016784668,46.2400016784668,46.2400016784668,46.2400016784668,46.2400016784668,100
2026-08-14 14:19:00,46.2599983215332,46.2599983215332,46.2599983215332,46.2599983215332,46.2599983215332,3800
2026-08-14 14:20:00,46.27999877929688,46.27999877929688,46.27999877929688,46.27999877929688,46.27999877929688,2000
2026-08-14 14:21:00,46.27999877929688,46.31999969482422,46.27999877929688,46.29999923706055,46.29999923706055,6100
2026-08-14 14:22:00,46.34000015258789,46.34000015258789,46.34000015258789,46.34000015258789,46.34000015258789,2200
2026-08-14 14:24:00,46.34000015258789,46.34000015258789,46.31999969482422,46.31999969482422,46.31999969482422,200
2026-08-14 14:25:00,46.34000015258789,46.34000015258789,46.34000015258789,46.34000015258789,46.34000015258789,100
2026-08-14 14:26:00,46.31999969482422,46.34000015258789,46.31999969482422,46.31999969482422,46.31999969482422,2300
2026-08-14 14:27:00,46.36000061035156,46.36000061035156,46.36000061035156,46.36000061035156,46.36000061035156,1700
2026-08-14 14:29:00,46.34000015258789,46.34000015258789,46.34000015258789,46.34000015258789,46.34000015258789,300
2026-08-14 14:30:00,46.36000061035156,46.380001068115234,46.36000061035156,46.380001068115234,46.380001068115234,5300
2026-08-14 14:31:00,46.380001068115234,46.41999816894531,46.380001068115234,46.41999816894531,46.41999816894531,6000
2026-08-14 14:32:00,46.380001068115234,46.380001068115234,46.380001068115234,46.380001068115234,46.380001068115234,2800
2026-08-14 14:33:00,46.380001068115234,46.380001068115234,46.380001068115234,46.380001068115234,46.380001068115234,1700
2026-08-14 14:35:00,46.36000061035156,46.36000061035156,46.36000061035156,46.36000061035156,46.36000061035156,100
2026-08-14 14:36:00,46.36000061035156,46.380001068115234,46.36000061035156,46.380001068115234,46.380001068115234,800
2026-08-14 14:37:00,46.380001068115234,46.400001525878906,46.380001068115234,46.400001525878906,46.400001525878906,5200
2026-08-14 14:38:00,46.400001525878906,46.400001525878906,46.380001068115234,46.400001525878906,46.400001525878906,3000
2026-08-14 14:40:00,46.400001525878906,46.400001525878906,46.400001525878906,46.400001525878906,46.400001525878906,1600
2026-08-14 14:42:00,46.41999816894531,46.41999816894531,46.41999816894531,46.41999816894531,46.41999816894531,200
2026-08-14 14:44:00,46.400001525878906,46.41999816894531,46.400001525878906,46.41999816894531,46.41999816894531,1800
2026-08-14 14:46:00,46.400001525878906,46.41999816894531,46.400001525878906,46.41999816894531,46.41999816894531,600
2026-08-14 14:47:00,46.41999816894531,46.41999816894531,46.41999816894531,46.41999816894531,46.41999816894531,100
2026-08-14 14:48:00,46.41999816894531,46.41999816894531,46.41999816894531,46.41999816894531,46.41999816894531,100
2026-08-14 14:49:00,46.400001525878906,46.41999816894531,46.400001525878906,46.41999816894531,46.41999816894531,500
2026-08-14 14:50:00,46.41999816894531,46.41999816894531,46.400001525878906,46.400001525878906,46.400001525878906,5000
2026-08-14 14:51:00,46.380001068115234,46.380001068115234,46.380001068115234,46.380001068115234,46.380001068115234,200
2026-08-14 14:52:00,46.380001068115234,46.380001068115234,46.380001068115234,46.380001068115234,46.380001068115234,2800
2026-08-14 14:53:00,46.36000061035156,46.36000061035156,46.36000061035156,46.36000061035156,46.36000061035156,200
2026-08-14 14:54:00,46.36000061035156,46.380001068115234,46.36000061035156,46.380001068115234,46.380001068115234,1800
2026-08-14 14:55:00,46.36000061035156,46.380001068115234,46.36000061035156,46.380001068115234,46.380001068115234,7000
2026-08-14 14:56:00,46.380001068115234,46.380001068115234,46.34000015258789,46.34000015258789,46.34000015258789,1600
2026-08-14 14:58:00,46.34000015258789,46.34000015258789,46.34000015258789,46.34000015258789,46.34000015258789,900
2026-08-14 14:59:00,46.34000015258789,46.36000061035156,46.34000015258789,46.36000061035156,46.36000061035156,1800
2026-08-14 15:00:00,46.36000061035156,46.36000061035156,46.36000061035156,46.36000061035156,46.36000061035156,1000
2026-08-14 15:01:00,46.380001068115234,46.380001068115234,46.380001068115234,46.380001068115234,46.380001068115234,2300
2026-08-14 15:02:00,46.36000061035156,46.380001068115234,46.36000061035156,46.380001068115234,46.380001068115234,3900
2026-08-14 15:03:00,46.400001525878906,46.400001525878906,46.400001525878906,46.400001525878906,46.400001525878906,148
2026-08-14 15:04:00,46.400001525878906,46.400001525878906,46.400001525878906,46.400001525878906,46.400001525878906,100
2026-08-14 15:05:00,46.400001525878906,46.41999816894531,46.400001525878906,46.41999816894531,46.41999816894531,8800
2026-08-14 15:07:00,46.400001525878906,46.400001525878906,46.400001525878906,46.400001525878906,46.400001525878906,300
2026-08-14 15:08:00,46.400001525878906,46.400001525878906,46.400001525878906,46.400001525878906,46.400001525878906,500
2026-08-14 15:09:00,46.41999816894531,46.41999816894531,46.400001525878906,46.400001525878906,46.400001525878906,200
2026-08-14 15:10:00,46.400001525878906,46.41999816894531,46.380001068115234,46.380001068115234,46.380001068115234,4200
2026-08-14 15:12:00,46.380001068115234,46.380001068115234,46.380001068115234,46.380001068115234,46.380001068115234,500
2026-08-14 15:13:00,46.380001068115234,46.380001068115234,46.380001068115234,46.380001068115234,46.380001068115234,200
2026-08-14 15:14:00,46.380001068115234,46.380001068115234,46.380001068115234,46.380001068115234,46.380001068115234,100
2026-08-14 15:15:00,46.380001068115234,46.380001068115234,46.380001068115234,46.380001068115234,46.380001068115234,500
2026-08-14 15:16:00,46.380001068115234,46.380001068115234,46.380001068115234,46.380001068115234,46.380001068115234,500
2026-08-14 15:17:00,46.400001525878906,46.400001525878906,46.380001068115234,46.380001068115234,46.380001068115234,200
2026-08-14 15:18:00,46.380001068115234,46.400001525878906,46.380001068115234,46.380001068115234,46.380001068115234,5500
2026-08-14 15:19:00,46.380001068115234,46.380001068115234,46.380001068115234,46.380001068115234,46.380001068115234,100
2026-08-14 15:20:00,46.380001068115234,46.380001068115234,46.380001068115234,46.380001068115234,46.380001068115234,800
2026-08-14 15:21:00,46.380001068115234,46.380001068115234,46.380001068115234,46.380001068115234,46.380001068115234,400
2026-08-14 15:22:00,46.380001068115234,46.380001068115234,46.380001068115234,46.380001068115234,46.380001068115234,1500
2026-08-14 15:23:00,46.380001068115234,46.380001068115234,46.380001068115234,46.380001068115234,46.380001068115234,200
2026-08-14 15:24:00,46.380001068115234,46.400001525878906,46.380001068115234,46.400001525878906,46.400001525878906,600
2026-08-14 15:25:00,46.380001068115234,46.380001068115234,46.380001068115234,46.380001068115234,46.380001068115234,700
2026-08-14 15:26:00,46.380001068115234,46.380001068115234,46.36000061035156,46.36000061035156,46.36000061035156,1400
2026-08-14 15:27:00,46.36000061035156,46.36000061035156,46.36000061035156,46.36000061035156,46.36000061035156,400
2026-08-14 15:28:00,46.36000061035156,46.36000061035156,46.36000061035156,46.36000061035156,46.36000061035156,1300
2026-08-14 15:29:00,46.380001068115234,46.400001525878906,46.36000061035156,46.380001068115234,46.380001068115234,2000
2026-08-14 15:30:00,46.36000061035156,46.380001068115234,46.31999969482422,46.36000061035156,46.36000061035156,6000
2026-08-14 15:31:00,46.31999969482422,46.380001068115234,46.31999969482422,46.380001068115234,46.380001068115234,6900
2026-08-14 15:32:00,46.380001068115234,46.400001525878906,46.380001068115234,46.380001068115234,46.380001068115234,4300
2026-08-14 15:33:00,46.400001525878906,46.41999816894531,46.400001525878906,46.41999816894531,46.41999816894531,14800
2026-08-14 15:34:00,46.43999862670898,46.43999862670898,46.43999862670898,46.43999862670898,46.43999862670898,400
2026-08-14 15:35:00,46.43999862670898,46.43999862670898,46.400001525878906,46.400001525878906,46.400001525878906,5800
2026-08-14 15:36:00,46.400001525878906,46.400001525878906,46.400001525878906,46.400001525878906,46.400001525878906,200
2026-08-14 15:37:00,46.400001525878906,46.400001525878906,46.400001525878906,46.400001525878906,46.400001525878906,652
2026-08-14 15:39:00,46.400001525878906,46.41999816894531,46.400001525878906,46.41999816894531,46.41999816894531,1200
2026-08-14 15:40:00,46.41999816894531,46.41999816894531,46.400001525878906,46.400001525878906,46.400001525878906,600
2026-08-14 15:41:00,46.41999816894531,46.41999816894531,46.380001068115234,46.380001068115234,46.380001068115234,4700
2026-08-14 15:42:00,46.380001068115234,46.400001525878906,46.380001068115234,46.380001068115234,46.380001068115234,1500
2026-08-14 15:43:00,46.380001068115234,46.380001068115234,46.380001068115234,46.380001068115234,46.380001068115234,800
2026-08-14 15:44:00,46.400001525878906,46.41999816894531,46.380001068115234,46.41999816894531,46.41999816894531,4800
2026-08-14 15:45:00,46.400001525878906,46.43999862670898,46.400001525878906,46.43999862670898,46.43999862670898,15100
2026-08-14 15:46:00,46.41999816894531,46.41999816894531,46.380001068115234,46.400001525878906,46.400001525878906,5000
2026-08-14 15:47:00,46.380001068115234,46.380001068115234,46.380001068115234,46.380001068115234,46.380001068115234,500
2026-08-14 15:48:00,46.400001525878906,46.400001525878906,46.380001068115234,46.380001068115234,46.380001068115234,1700
2026-08-14 15:49:00,46.400001525878906,46.41999816894531,46.380001068115234,46.41999816894531,46.41999816894531,2200
2026-08-14 15:50:00,46.41999816894531,46.41999816894531,46.400001525878906,46.400001525878906,46.400001525878906,1300
2026-08-14 15:51:00,46.400001525878906,46.41999816894531,46.400001525878906,46.400001525878906,46.400001525878906,2500
2026-08-14 15:52:00,46.400001525878906,46.41999816894531,46.380001068115234,46.380001068115234,46.380001068115234,6000
2026-08-14 15:53:00,46.380001068115234,46.380001068115234,46.380001068115234,46.380001068115234,46.380001068115234,1300
2026-08-14 15:54:00,46.380001068115234,46.380001068115234,46.36000061035156,46.380001068115234,46.380001068115234,4000
2026-08-14 15:55:00,46.380001068115234,46.400001525878906,46.36000061035156,46.400001525878906,46.400001525878906,3800
2026-08-14 15:56:00,46.380001068115234,46.41999816894531,46.380001068115234,46.41999816894531,46.41999816894531,10600
2026-08-14 15:57:00,46.380001068115234,46.41999816894531,46.380001068115234,46.380001068115234,46.380001068115234,6900
2026-08-14 15:58:00,46.380001068115234,46.43999862670898,46.380001068115234,46.43999862670898,46.43999862670898,46600
2026-08-14 15:59:00,46.43999862670898,46.43999862670898,46.400001525878906,46.400001525878906,46.400001525878906,4600
2026-08-14 16:08:00,46.400001525878906,46.400001525878906,46.400001525878906,46.400001525878906,46.400001525878906,365300
2026-08-17 09:16:00,46.0,46.0,46.0,46.0,46.0,0
2026-08-17 09:18:00,46.0,46.0,46.0,46.0,46.0,0
2026-08-17 09:20:00,46.32,46.32,46.32,46.32,46.32,9898
2026-08-17 09:21:00,46.0,46.0,46.0,46.0,46.0,0
2026-08-17 09:24:00,46.0,46.0,46.0,46.0,46.0,0
2026-08-17 09:25:00,46.0,46.0,46.0,46.0,46.0,0
2026-08-17 09:29:00,46.0,46.0,46.0,46.0,46.0,98
2026-08-17 09:30:00,46.400001525878906,46.540000915527344,46.400001525878906,46.540000915527344,46.540000915527344,10298
2026-08-17 09:31:00,46.439998626708984,46.560001373291016,46.36000061035156,46.560001373291016,46.560001373291016,9900
2026-08-17 09:32:00,46.540000915527344,46.779998779296875,46.52000045776367,46.779998779296875,46.779998779296875,7400
2026-08-17 09:33:00,46.779998779296875,46.880001068115234,46.779998779296875,46.880001068115234,46.880001068115234,2000
2026-08-17 09:34:00,46.880001068115234,46.880001068115234,46.81999969482422,46.81999969482422,46.81999969482422,3500
2026-08-17 09:35:00,46.86000061035156,47.0,46.86000061035156,46.97999954223633,46.97999954223633,25200
2026-08-17 09:36:00,46.97999954223633,47.060001373291016,46.97999954223633,47.040000915527344,47.040000915527344,7000
2026-08-17 09:39:00,47.040000915527344,47.099998474121094,47.0,47.0,47.0,11700
2026-08-17 09:40:00,47.02000045776367,47.119998931884766,47.0,47.040000915527344,47.040000915527344,12200
2026-08-17 09:41:00,46.97999954223633,47.0,46.939998626708984,46.939998626708984,46.939998626708984,2900
2026-08-17 09:42:00,46.939998626708984,47.040000915527344,46.880001068115234,47.040000915527344,47.040000915527344,7400
2026-08-17 09:43:00,47.040000915527344,47.060001373291016,46.939998626708984,46.939998626708984,46.939998626708984,6600
2026-08-17 09:44:00,46.97999954223633,46.97999954223633,46.939998626708984,46.939998626708984,46.939998626708984,400
2026-08-17 09:45:00,46.959999084472656,47.0,46.959999084472656,46.97999954223633,46.97999954223633,2700
2026-08-17 09:46:00,46.959999084472656,46.959999084472656,46.900001525878906,46.900001525878906,46.900001525878906,2500
2026-08-17 09:47:00,46.84000015258789,46.84000015258789,46.7599983215332,46.79999923706055,46.79999923706055,6800
2026-08-17 09:49:00,46.779998779296875,46.779998779296875,46.68000030517578,46.720001220703125,46.720001220703125,5700
2026-08-17 09:50:00,46.720001220703125,46.84000015258789,46.720001220703125,46.84000015258789,46.84000015258789,5300
2026-08-17 09:51:00,46.84000015258789,46.84000015258789,46.79999923706055,46.84000015258789,46.84000015258789,2526
2026-08-17 09:52:00,46.84000015258789,46.880001068115234,46.84000015258789,46.880001068115234,46.880001068115234,3400
2026-08-17 09:53:00,46.880001068115234,46.880001068115234,46.880001068115234,46.880001068115234,46.880001068115234,1000
2026-08-17 09:55:00,46.84000015258789,46.84000015258789,46.560001373291016,46.58000183105469,46.58000183105469,16200
2026-08-17 09:56:00,46.540000915527344,46.619998931884766,46.540000915527344,46.58000183105469,46.58000183105469,16700
2026-08-17 09:57:00,46.619998931884766,46.619998931884766,46.619998931884766,46.619998931884766,46.619998931884766,700
2026-08-17 09:58:00,46.58000183105469,46.599998474121094,46.540000915527344,46.540000915527344,46.540000915527344,3100
2026-08-17 09:59:00,46.540000915527344,46.560001373291016,46.52000045776367,46.560001373291016,46.560001373291016,1100
2026-08-17 10:00:00,46.560001373291016,46.599998474121094,46.540000915527344,46.58000183105469,46.58000183105469,14100
2026-08-17 10:01:00,46.58000183105469,46.58000183105469,46.560001373291016,46.58000183105469,46.58000183105469,1900
2026-08-17 10:02:00,46.58000183105469,46.599998474121094,46.52000045776367,46.52000045776367,46.52000045776367,313600
2026-08-17 10:03:00,46.540000915527344,46.540000915527344,46.5,46.5,46.5,1000
2026-08-17 10:04:00,46.52000045776367,46.599998474121094,46.52000045776367,46.599998474121094,46.599998474121094,15900
2026-08-17 10:05:00,46.599998474121094,46.619998931884766,46.540000915527344,46.58000183105469,46.58000183105469,18500
2026-08-17 10:06:00,46.58000183105469,46.58000183105469,46.58000183105469,46.58000183105469,46.58000183105469,1000
2026-08-17 10:09:00,46.560001373291016,46.560001373291016,46.560001373291016,46.560001373291016,46.560001373291016,700
2026-08-17 10:10:00,46.58000183105469,46.58000183105469,46.5,46.52000045776367,46.52000045776367,9200
2026-08-17 10:11:00,46.52000045776367,46.52000045776367,46.52000045776367,46.52000045776367,46.52000045776367,1100
2026-08-17 10:12:00,46.5,46.5,46.5,46.5,46.5,2900
2026-08-17 10:13:00,46.5,46.58000183105469,46.5,46.58000183105469,46.58000183105469,17100
2026-08-17 10:14:00,46.619998931884766,46.68000030517578,46.560001373291016,46.560001373291016,46.560001373291016,7100
2026-08-17 10:15:00,46.560001373291016,46.560001373291016,46.560001373291016,46.560001373291016,46.560001373291016,1900
2026-08-17 10:16:00,46.560001373291016,46.560001373291016,46.560001373291016,46.560001373291016,46.560001373291016,1900
2026-08-17 10:17:00,46.58000183105469,46.58000183105469,46.5,46.5,46.5,3700
2026-08-17 10:18:00,46.5,46.599998474121094,46.5,46.560001373291016,46.560001373291016,20400
2026-08-17 10:19:00,46.540000915527344,46.540000915527344,46.540000915527344,46.540000915527344,46.540000915527344,1400
2026-08-17 10:20:00,46.52000045776367,46.52000045776367,46.47999954223633,46.47999954223633,46.47999954223633,4000
2026-08-17 10:21:00,46.5,46.5,46.5,46.5,46.5,1100
2026-08-17 10:22:00,46.5,46.540000915527344,46.5,46.540000915527344,46.540000915527344,8100
2026-08-17 10:23:00,46.540000915527344,46.540000915527344,46.52000045776367,46.52000045776367,46.52000045776367,2100
2026-08-17 10:24:00,46.560001373291016,46.560001373291016,46.560001373291016,46.560001373291016,46.560001373291016,500
2026-08-17 10:25:00,46.52000045776367,46.52000045776367,46.52000045776367,46.52000045776367,46.52000045776367,3500
2026-08-17 10:26:00,46.560001373291016,46.58000183105469,46.560001373291016,46.560001373291016,46.560001373291016,15200
2026-08-17 10:27:00,46.58000183105469,46.58000183105469,46.58000183105469,46.58000183105469,46.58000183105469,2400
2026-08-17 10:30:00,46.560001373291016,46.619998931884766,46.560001373291016,46.619998931884766,46.619998931884766,12800
2026-08-17 10:31:00,46.619998931884766,46.619998931884766,46.58000183105469,46.58000183105469,46.58000183105469,2600
2026-08-17 10:34:00,46.58000183105469,46.58000183105469,46.560001373291016,46.560001373291016,46.560001373291016,3600
2026-08-17 10:35:00,46.560001373291016,46.560001373291016,46.52000045776367,46.52000045776367,46.52000045776367,6000
2026-08-17 10:36:00,46.540000915527344,46.540000915527344,46.540000915527344,46.540000915527344,46.540000915527344,4500
2026-08-17 10:38:00,46.560001373291016,46.599998474121094,46.560001373291016,46.599998474121094,46.599998474121094,309100
2026-08-17 10:41:00,46.599998474121094,46.599998474121094,46.58000183105469,46.58000183105469,46.58000183105469,2400
2026-08-17 10:42:00,46.58000183105469,46.58000183105469,46.47999954223633,46.47999954223633,46.47999954223633,7800
2026-08-17 10:43:00,46.47999954223633,46.5,46.439998626708984,46.5,46.5,6100
2026-08-17 10:44:00,46.47999954223633,46.47999954223633,46.47999954223633,46.47999954223633,46.47999954223633,2200
2026-08-17 10:45:00,46.47999954223633,46.47999954223633,46.47999954223633,46.47999954223633,46.47999954223633,1400
2026-08-17 10:46:00,46.47999954223633,46.47999954223633,46.47999954223633,46.47999954223633,46.47999954223633,2700
2026-08-17 10:47:00,46.5,46.540000915527344,46.5,46.540000915527344,46.540000915527344,5600
2026-08-17 10:51:00,46.540000915527344,46.560001373291016,46.52000045776367,46.52000045776367,46.52000045776367,3400
2026-08-17 10:52:00,46.52000045776367,46.52000045776367,46.52000045776367,46.52000045776367,46.52000045776367,1500
2026-08-17 10:54:00,46.52000045776367,46.52000045776367,46.52000045776367,46.52000045776367,46.52000045776367,3800
2026-08-17 10:55:00,46.52000045776367,46.52000045776367,46.52000045776367,46.52000045776367,46.52000045776367,1900
2026-08-17 10:56:00,46.540000915527344,46.560001373291016,46.540000915527344,46.560001373291016,46.560001373291016,5800
2026-08-17 10:57:00,46.58000183105469,46.58000183105469,46.58000183105469,46.58000183105469,46.58000183105469,900
2026-08-17 10:59:00,46.560001373291016,46.58000183105469,46.540000915527344,46.58000183105469,46.58000183105469,9400
2026-08-17 11:00:00,46.58000183105469,46.58000183105469,46.58000183105469,46.58000183105469,46.58000183105469,700
2026-08-17 11:01:00,46.599998474121094,46.599998474121094,46.560001373291016,46.560001373291016,46.560001373291016,2700
2026-08-17 11:02:00,46.58000183105469,46.58000183105469,46.58000183105469,46.58000183105469,46.58000183105469,100
2026-08-17 11:04:00,46.58000183105469,46.58000183105469,46.560001373291016,46.560001373291016,46.560001373291016,2600
2026-08-17 11:05:00,46.540000915527344,46.560001373291016,46.540000915527344,46.540000915527344,46.540000915527344,4300
2026-08-17 11:07:00,46.540000915527344,46.540000915527344,46.540000915527344,46.540000915527344,46.540000915527344,2300
2026-08-17 11:08:00,46.540000915527344,46.560001373291016,46.540000915527344,46.560001373291016,46.560001373291016,2500
2026-08-17 11:09:00,46.58000183105469,46.70000076293945,46.58000183105469,46.63999938964844,46.63999938964844,20700
2026-08-17 11:11:00,46.63999938964844,46.63999938964844,46.63999938964844,46.63999938964844,46.63999938964844,500
2026-08-17 11:14:00,46.599998474121094,46.619998931884766,46.599998474121094,46.619998931884766,46.619998931884766,4200
2026-08-17 11:15:00,46.619998931884766,46.65999984741211,46.58000183105469,46.619998931884766,46.619998931884766,17200
2026-08-17 11:16:00,46.599998474121094,46.599998474121094,46.599998474121094,46.599998474121094,46.599998474121094,1400
2026-08-17 11:17:00,46.599998474121094,46.68000030517578,46.599998474121094,46.68000030517578,46.68000030517578,310500
2026-08-17 11:19:00,46.65999984741211,46.70000076293945,46.65999984741211,46.70000076293945,46.70000076293945,4600
2026-08-17 11:22:00,46.70000076293945,46.70000076293945,46.70000076293945,46.70000076293945,46.70000076293945,3300
2026-08-17 11:24:00,46.720001220703125,46.720001220703125,46.68000030517578,46.68000030517578,46.68000030517578,3300
2026-08-17 11:26:00,46.68000030517578,46.68000030517578,46.68000030517578,46.68000030517578,46.68000030517578,3500
2026-08-17 11:27:00,46.65999984741211,46.720001220703125,46.65999984741211,46.720001220703125,46.720001220703125,10100
2026-08-17 11:28:00,46.7400016784668,46.779998779296875,46.70000076293945,46.779998779296875,46.779998779296875,6200
2026-08-17 11:29:00,46.779998779296875,46.79999923706055,46.7400016784668,46.79999923706055,46.79999923706055,7400
2026-08-17 11:30:00,46.79999923706055,46.79999923706055,46.779998779296875,46.779998779296875,46.779998779296875,18000
2026-08-17 11:31:00,46.779998779296875,46.779998779296875,46.70000076293945,46.7599983215332,46.7599983215332,13900
2026-08-17 11:32:00,46.7400016784668,46.7599983215332,46.7400016784668,46.7599983215332,46.7599983215332,3600
2026-08-17 11:35:00,46.79999923706055,46.79999923706055,46.79999923706055,46.79999923706055,46.79999923706055,100
2026-08-17 11:36:00,46.7599983215332,46.7599983215332,46.7599983215332,46.7599983215332,46.7599983215332,2700
2026-08-17 11:37:00,46.7599983215332,46.779998779296875,46.7400016784668,46.779998779296875,46.779998779296875,2900
2026-08-17 11:39:00,46.7599983215332,46.779998779296875,46.7400016784668,46.7599983215332,46.7599983215332,15400
2026-08-17 11:41:00,46.7599983215332,46.7599983215332,46.7599983215332,46.7599983215332,46.7599983215332,2900
2026-08-17 11:42:00,46.7599983215332,46.7599983215332,46.7599983215332,46.7599983215332,46.7599983215332,300
2026-08-17 11:43:00,46.7599983215332,46.81999969482422,46.7599983215332,46.779998779296875,46.779998779296875,12800
2026-08-17 11:46:00,46.7599983215332,46.7599983215332,46.7599983215332,46.7599983215332,46.7599983215332,800
2026-08-17 11:47:00,46.779998779296875,46.779998779296875,46.779998779296875,46.779998779296875,46.779998779296875,1500
2026-08-17 11:48:00,46.79999923706055,46.81999969482422,46.79999923706055,46.79999923706055,46.79999923706055,9900
2026-08-17 11:50:00,46.81999969482422,46.86000061035156,46.81999969482422,46.84000015258789,46.84000015258789,10300
2026-08-17 11:51:00,46.84000015258789,46.84000015258789,46.779998779296875,46.779998779296875,46.779998779296875,6800
2026-08-17 11:52:00,46.7599983215332,46.779998779296875,46.7599983215332,46.779998779296875,46.779998779296875,200
2026-08-17 11:53:00,46.779998779296875,46.79999923706055,46.779998779296875,46.779998779296875,46.779998779296875,600
2026-08-17 11:54:00,46.79999923706055,46.79999923706055,46.779998779296875,46.79999923706055,46.79999923706055,9000
2026-08-17 11:55:00,46.79999923706055,46.81999969482422,46.79999923706055,46.81999969482422,46.81999969482422,500
2026-08-17 11:56:00,46.81999969482422,46.81999969482422,46.79999923706055,46.79999923706055,46.79999923706055,2200
2026-08-17 11:57:00,46.81999969482422,46.81999969482422,46.79999923706055,46.81999969482422,46.81999969482422,4500
2026-08-17 11:58:00,46.79999923706055,46.81999969482422,46.779998779296875,46.79999923706055,46.79999923706055,13000
2026-08-17 11:59:00,46.81999969482422,46.84000015258789,46.81999969482422,46.81999969482422,46.81999969482422,5100
2026-08-17 13:00:00,46.81999969482422,46.81999969482422,46.779998779296875,46.779998779296875,46.779998779296875,1592324
2026-08-17 13:01:00,46.779998779296875,46.84000015258789,46.779998779296875,46.79999923706055,46.79999923706055,5200
2026-08-17 13:02:00,46.81999969482422,46.86000061035156,46.81999969482422,46.86000061035156,46.86000061035156,16500
2026-08-17 13:03:00,46.86000061035156,46.86000061035156,46.86000061035156,46.86000061035156,46.86000061035156,3500
2026-08-17 13:04:00,46.86000061035156,46.86000061035156,46.86000061035156,46.86000061035156,46.86000061035156,1800
2026-08-17 13:05:00,46.880001068115234,46.959999084472656,46.880001068115234,46.959999084472656,46.959999084472656,16400
2026-08-17 13:06:00,46.959999084472656,46.959999084472656,46.880001068115234,46.900001525878906,46.900001525878906,9800
2026-08-17 13:07:00,46.84000015258789,46.900001525878906,46.84000015258789,46.900001525878906,46.900001525878906,9300
2026-08-17 13:08:00,46.91999816894531,46.91999816894531,46.880001068115234,46.91999816894531,46.91999816894531,600
2026-08-17 13:09:00,46.880001068115234,46.91999816894531,46.79999923706055,46.79999923706055,46.79999923706055,7500
2026-08-17 13:10:00,46.779998779296875,46.79999923706055,46.7599983215332,46.79999923706055,46.79999923706055,10200
2026-08-17 13:11:00,46.779998779296875,46.79999923706055,46.779998779296875,46.79999923706055,46.79999923706055,1400
2026-08-17 13:12:00,46.779998779296875,46.779998779296875,46.7599983215332,46.7599983215332,46.7599983215332,1900
2026-08-17 13:13:00,46.7599983215332,46.7599983215332,46.7400016784668,46.7599983215332,46.7599983215332,2600
2026-08-17 13:14:00,46.7599983215332,46.7599983215332,46.7599983215332,46.7599983215332,46.7599983215332,1000
2026-08-17 13:15:00,46.7400016784668,46.779998779296875,46.7400016784668,46.779998779296875,46.779998779296875,4900
2026-08-17 13:16:00,46.720001220703125,46.779998779296875,46.720001220703125,46.720001220703125,46.720001220703125,1690224
2026-08-17 13:17:00,46.720001220703125,46.720001220703125,46.720001220703125,46.720001220703125,46.720001220703125,3500
2026-08-17 13:18:00,46.7400016784668,46.7400016784668,46.720001220703125,46.720001220703125,46.720001220703125,4000
2026-08-17 13:19:00,46.7400016784668,46.7400016784668,46.720001220703125,46.7400016784668,46.7400016784668,3500
2026-08-17 13:20:00,46.7400016784668,46.7599983215332,46.720001220703125,46.7599983215332,46.7599983215332,5400
2026-08-17 13:21:00,46.7599983215332,46.7599983215332,46.7599983215332,46.7599983215332,46.7599983215332,400
2026-08-17 13:22:00,46.7599983215332,46.7599983215332,46.720001220703125,46.7400016784668,46.7400016784668,4300
2026-08-17 13:23:00,46.7400016784668,46.7400016784668,46.720001220703125,46.720001220703125,46.720001220703125,5400
2026-08-17 13:24:00,46.7400016784668,46.7599983215332,46.720001220703125,46.7599983215332,46.7599983215332,3100
2026-08-17 13:25:00,46.720001220703125,46.7599983215332,46.68000030517578,46.7400016784668,46.7400016784668,16900
2026-08-17 13:26:00,46.7400016784668,46.7599983215332,46.70000076293945,46.7599983215332,46.7599983215332,17300
2026-08-17 13:27:00,46.7599983215332,46.79999923706055,46.7599983215332,46.79999923706055,46.79999923706055,6500
2026-08-17 13:28:00,46.79999923706055,46.79999923706055,46.7599983215332,46.7599983215332,46.7599983215332,3300
2026-08-17 13:29:00,46.779998779296875,46.779998779296875,46.779998779296875,46.779998779296875,46.779998779296875,200
2026-08-17 13:30:00,46.7599983215332,46.79999923706055,46.7599983215332,46.79999923706055,46.79999923706055,8300
2026-08-17 13:31:00,46.79999923706055,46.79999923706055,46.79999923706055,46.79999923706055,46.79999923706055,300
2026-08-17 13:32:00,46.79999923706055,46.79999923706055,46.779998779296875,46.779998779296875,46.779998779296875,700
2026-08-17 13:33:00,46.79999923706055,46.79999923706055,46.7599983215332,46.7599983215332,46.7599983215332,4100
2026-08-17 13:34:00,46.779998779296875,46.81999969482422,46.779998779296875,46.81999969482422,46.81999969482422,7100
2026-08-17 13:35:00,46.779998779296875,46.81999969482422,46.779998779296875,46.81999969482422,46.81999969482422,300
2026-08-17 13:36:00,46.779998779296875,46.81999969482422,46.779998779296875,46.81999969482422,46.81999969482422,4200
2026-08-17 13:37:00,46.779998779296875,46.79999923706055,46.7400016784668,46.7599983215332,46.7599983215332,15300
2026-08-17 13:38:00,46.7599983215332,46.84000015258789,46.7599983215332,46.84000015258789,46.84000015258789,6100
2026-08-17 13:40:00,46.84000015258789,46.91999816894531,46.81999969482422,46.91999816894531,46.91999816894531,26500
2026-08-17 13:41:00,46.900001525878906,46.91999816894531,46.900001525878906,46.900001525878906,46.900001525878906,1800
2026-08-17 13:42:00,46.900001525878906,46.900001525878906,46.880001068115234,46.880001068115234,46.880001068115234,5500
2026-08-17 13:43:00,46.86000061035156,46.86000061035156,46.81999969482422,46.81999969482422,46.81999969482422,6200
2026-08-17 13:44:00,46.81999969482422,46.81999969482422,46.79999923706055,46.79999923706055,46.79999923706055,2700
2026-08-17 13:45:00,46.79999923706055,46.79999923706055,46.79999923706055,46.79999923706055,46.79999923706055,1300
2026-08-17 13:46:00,46.79999923706055,46.81999969482422,46.79999923706055,46.79999923706055,46.79999923706055,1400
2026-08-17 13:47:00,46.79999923706055,46.79999923706055,46.779998779296875,46.779998779296875,46.779998779296875,2900
2026-08-17 13:48:00,46.779998779296875,46.779998779296875,46.7599983215332,46.779998779296875,46.779998779296875,9700
2026-08-17 13:49:00,46.79999923706055,46.81999969482422,46.79999923706055,46.79999923706055,46.79999923706055,14000
2026-08-17 13:50:00,46.779998779296875,46.779998779296875,46.779998779296875,46.779998779296875,46.779998779296875,2400
2026-08-17 13:51:00,46.7599983215332,46.7599983215332,46.7599983215332,46.7599983215332,46.7599983215332,300
2026-08-17 13:52:00,46.7599983215332,46.779998779296875,46.7400016784668,46.7400016784668,46.7400016784668,10300
2026-08-17 13:53:00,46.7400016784668,46.7599983215332,46.7400016784668,46.7400016784668,46.7400016784668,2200
2026-08-17 13:54:00,46.7400016784668,46.7400016784668,46.720001220703125,46.720001220703125,46.720001220703125,5600
2026-08-17 13:55:00,46.720001220703125,46.720001220703125,46.70000076293945,46.720001220703125,46.720001220703125,3300
2026-08-17 13:56:00,46.720001220703125,46.7599983215332,46.720001220703125,46.7599983215332,46.7599983215332,13900
2026-08-17 13:58:00,46.7599983215332,46.7599983215332,46.7599983215332,46.7599983215332,46.7599983215332,1000
2026-08-17 13:59:00,46.7599983215332,46.7599983215332,46.7400016784668,46.7400016784668,46.7400016784668,13200
2026-08-17 14:00:00,46.7400016784668,46.7400016784668,46.720001220703125,46.720001220703125,46.720001220703125,5700
2026-08-17 14:01:00,46.7400016784668,46.7400016784668,46.7400016784668,46.7400016784668,46.7400016784668,3500
2026-08-17 14:02:00,46.7599983215332,46.79999923706055,46.7599983215332,46.779998779296875,46.779998779296875,9100
2026-08-17 14:03:00,46.79999923706055,46.79999923706055,46.79999923706055,46.79999923706055,46.79999923706055,700
2026-08-17 14:04:00,46.779998779296875,46.779998779296875,46.779998779296875,46.779998779296875,46.779998779296875,600
2026-08-17 14:05:00,46.779998779296875,46.779998779296875,46.779998779296875,46.779998779296875,46.779998779296875,1000
2026-08-17 14:06:00,46.79999923706055,46.79999923706055,46.779998779296875,46.79999923706055,46.79999923706055,4000
2026-08-17 14:07:00,46.779998779296875,46.779998779296875,46.779998779296875,46.779998779296875,46.779998779296875,9000
2026-08-17 14:08:00,46.779998779296875,46.779998779296875,46.779998779296875,46.779998779296875,46.779998779296875,200
2026-08-17 14:09:00,46.779998779296875,46.79999923706055,46.779998779296875,46.79999923706055,46.79999923706055,3300
2026-08-17 14:10:00,46.779998779296875,46.79999923706055,46.779998779296875,46.79999923706055,46.79999923706055,700
2026-08-17 14:11:00,46.79999923706055,46.79999923706055,46.779998779296875,46.779998779296875,46.779998779296875,2700
2026-08-17 14:12:00,46.79999923706055,46.79999923706055,46.779998779296875,46.779998779296875,46.779998779296875,2800
2026-08-17 14:13:00,46.779998779296875,46.779998779296875,46.779998779296875,46.779998779296875,46.779998779296875,1900
2026-08-17 14:14:00,46.779998779296875,46.779998779296875,46.779998779296875,46.779998779296875,46.779998779296875,600
2026-08-17 14:15:00,46.779998779296875,46.79999923706055,46.7599983215332,46.7599983215332,46.7599983215332,3000
2026-08-17 14:16:00,46.779998779296875,46.779998779296875,46.7599983215332,46.7599983215332,46.7599983215332,4600
2026-08-17 14:17:00,46.779998779296875,46.779998779296875,46.7599983215332,46.7599983215332,46.7599983215332,500
2026-08-17 14:18:00,46.779998779296875,46.79999923706055,46.779998779296875,46.79999923706055,46.79999923706055,5500
2026-08-17 14:19:00,46.7599983215332,46.779998779296875,46.7599983215332,46.779998779296875,46.779998779296875,5700
2026-08-17 14:20:00,46.79999923706055,46.79999923706055,46.79999923706055,46.79999923706055,46.79999923706055,600
2026-08-17 14:21:00,46.79999923706055,46.79999923706055,46.779998779296875,46.779998779296875,46.779998779296875,3000
2026-08-17 14:23:00,46.79999923706055,46.79999923706055,46.7599983215332,46.779998779296875,46.779998779296875,2100
2026-08-17 14:24:00,46.779998779296875,46.779998779296875,46.7599983215332,46.7599983215332,46.7599983215332,5800
2026-08-17 14:25:00,46.7599983215332,46.779998779296875,46.7599983215332,46.779998779296875,46.779998779296875,1200
2026-08-17 14:26:00,46.779998779296875,46.779998779296875,46.779998779296875,46.779998779296875,46.779998779296875,800
2026-08-17 14:27:00,46.7599983215332,46.7599983215332,46.7400016784668,46.7400016784668,46.7400016784668,11200
2026-08-17 14:28:00,46.7599983215332,46.7599983215332,46.720001220703125,46.720001220703125,46.720001220703125,3000
2026-08-17 14:29:00,46.7599983215332,46.7599983215332,46.7599983215332,46.7599983215332,46.7599983215332,5700
2026-08-17 14:30:00,46.779998779296875,46.779998779296875,46.779998779296875,46.779998779296875,46.779998779296875,200
2026-08-17 14:31:00,46.779998779296875,46.779998779296875,46.7400016784668,46.7400016784668,46.7400016784668,3400
2026-08-17 14:33:00,46.7599983215332,46.7599983215332,46.7400016784668,46.7400016784668,46.7400016784668,2600
2026-08-17 14:34:00,46.720001220703125,46.7400016784668,46.720001220703125,46.7400016784668,46.7400016784668,2042524
2026-08-17 14:35:00,46.7599983215332,46.7599983215332,46.7400016784668,46.7400016784668,46.7400016784668,600
2026-08-17 14:36:00,46.720001220703125,46.7400016784668,46.65999984741211,46.65999984741211,46.65999984741211,13700
2026-08-17 14:38:00,46.70000076293945,46.7400016784668,46.68000030517578,46.70000076293945,46.70000076293945,10200
2026-08-17 14:39:00,46.70000076293945,46.70000076293945,46.70000076293945,46.70000076293945,46.70000076293945,2300
2026-08-17 14:40:00,46.68000030517578,46.70000076293945,46.68000030517578,46.70000076293945,46.70000076293945,1800
2026-08-17 14:41:00,46.70000076293945,46.70000076293945,46.68000030517578,46.68000030517578,46.68000030517578,800
2026-08-17 14:42:00,46.65999984741211,46.70000076293945,46.65999984741211,46.70000076293945,46.70000076293945,4600
2026-08-17 14:43:00,46.70000076293945,46.70000076293945,46.65999984741211,46.68000030517578,46.68000030517578,3400
2026-08-17 14:45:00,46.70000076293945,46.720001220703125,46.70000076293945,46.70000076293945,46.70000076293945,8000
2026-08-17 14:46:00,46.7400016784668,46.81999969482422,46.7400016784668,46.7400016784668,46.7400016784668,32200
2026-08-17 14:47:00,46.7400016784668,46.7599983215332,46.7400016784668,46.7599983215332,46.7599983215332,2200
2026-08-17 14:48:00,46.7599983215332,46.7599983215332,46.7599983215332,46.7599983215332,46.7599983215332,300
2026-08-17 14:49:00,46.7599983215332,46.779998779296875,46.7599983215332,46.779998779296875,46.779998779296875,1500
2026-08-17 14:50:00,46.779998779296875,46.779998779296875,46.779998779296875,46.779998779296875,46.779998779296875,200
2026-08-17 14:51:00,46.779998779296875,46.79999923706055,46.779998779296875,46.79999923706055,46.79999923706055,5400
2026-08-17 14:52:00,46.779998779296875,46.79999923706055,46.779998779296875,46.79999923706055,46.79999923706055,700
2026-08-17 14:53:00,46.779998779296875,46.779998779296875,46.779998779296875,46.779998779296875,46.779998779296875,6000
2026-08-17 14:54:00,46.779998779296875,46.779998779296875,46.779998779296875,46.779998779296875,46.779998779296875,200
2026-08-17 14:55:00,46.779998779296875,46.779998779296875,46.7599983215332,46.779998779296875,46.779998779296875,3500
2026-08-17 14:56:00,46.779998779296875,46.779998779296875,46.7599983215332,46.7599983215332,46.7599983215332,300
2026-08-17 14:57:00,46.7599983215332,46.779998779296875,46.7599983215332,46.779998779296875,46.779998779296875,4500
2026-08-17 14:58:00,46.779998779296875,46.79999923706055,46.7599983215332,46.79999923706055,46.79999923706055,6000
2026-08-17 14:59:00,46.79999923706055,46.79999923706055,46.79999923706055,46.79999923706055,46.79999923706055,200
2026-08-17 15:00:00,46.79999923706055,46.79999923706055,46.7599983215332,46.7599983215332,46.7599983215332,4500
2026-08-17 15:01:00,46.7599983215332,46.7599983215332,46.7400016784668,46.7599983215332,46.7599983215332,9800
2026-08-17 15:02:00,46.7400016784668,46.7599983215332,46.7400016784668,46.7599983215332,46.7599983215332,6100
2026-08-17 15:03:00,46.7400016784668,46.779998779296875,46.7400016784668,46.779998779296875,46.779998779296875,4200
2026-08-17 15:04:00,46.779998779296875,46.779998779296875,46.7400016784668,46.7599983215332,46.7599983215332,6500
2026-08-17 15:05:00,46.720001220703125,46.720001220703125,46.68000030517578,46.720001220703125,46.720001220703125,20200
2026-08-17 15:06:00,46.720001220703125,46.7400016784668,46.720001220703125,46.720001220703125,46.720001220703125,3100
2026-08-17 15:07:00,46.720001220703125,46.7400016784668,46.720001220703125,46.720001220703125,46.720001220703125,1100
2026-08-17 15:08:00,46.720001220703125,46.7400016784668,46.720001220703125,46.720001220703125,46.720001220703125,4500
2026-08-17 15:09:00,46.720001220703125,46.779998779296875,46.720001220703125,46.779998779296875,46.779998779296875,10300
2026-08-17 15:10:00,46.779998779296875,46.779998779296875,46.7400016784668,46.779998779296875,46.779998779296875,400
2026-08-17 15:11:00,46.779998779296875,46.779998779296875,46.7400016784668,46.7400016784668,46.7400016784668,400
2026-08-17 15:12:00,46.779998779296875,46.79999923706055,46.7599983215332,46.79999923706055,46.79999923706055,3500
2026-08-17 15:13:00,46.79999923706055,46.79999923706055,46.7599983215332,46.79999923706055,46.79999923706055,1200
2026-08-17 15:14:00,46.79999923706055,46.79999923706055,46.7599983215332,46.7599983215332,46.7599983215332,6200
2026-08-17 15:15:00,46.79999923706055,46.79999923706055,46.7599983215332,46.7599983215332,46.7599983215332,200
2026-08-17 15:16:00,46.79999923706055,46.79999923706055,46.7400016784668,46.7400016784668,46.7400016784668,16100
2026-08-17 15:17:00,46.7599983215332,46.779998779296875,46.7400016784668,46.7400016784668,46.7400016784668,6400
2026-08-17 15:18:00,46.779998779296875,46.779998779296875,46.779998779296875,46.779998779296875,46.779998779296875,1500
2026-08-17 15:19:00,46.779998779296875,46.779998779296875,46.7400016784668,46.7599983215332,46.7599983215332,4100
2026-08-17 15:20:00,46.779998779296875,46.779998779296875,46.779998779296875,46.779998779296875,46.779998779296875,400
2026-08-17 15:21:00,46.7400016784668,46.7400016784668,46.68000030517578,46.70000076293945,46.70000076293945,18300
2026-08-17 15:22:00,46.720001220703125,46.7400016784668,46.720001220703125,46.7400016784668,46.7400016784668,5044
2026-08-17 15:23:00,46.7400016784668,46.7400016784668,46.7400016784668,46.7400016784668,46.7400016784668,6200
2026-08-17 15:24:00,46.7599983215332,46.7599983215332,46.7599983215332,46.7599983215332,46.7599983215332,500
2026-08-17 15:26:00,46.7599983215332,46.7599983215332,46.720001220703125,46.720001220703125,46.720001220703125,13200
2026-08-17 15:27:00,46.70000076293945,46.720001220703125,46.70000076293945,46.720001220703125,46.720001220703125,4500
2026-08-17 15:28:00,46.7400016784668,46.7400016784668,46.7400016784668,46.7400016784668,46.7400016784668,300
2026-08-17 15:29:00,46.70000076293945,46.779998779296875,46.70000076293945,46.779998779296875,46.779998779296875,6400
2026-08-17 15:30:00,46.779998779296875,46.779998779296875,46.7400016784668,46.779998779296875,46.779998779296875,3100
2026-08-17 15:31:00,46.79999923706055,46.79999923706055,46.7599983215332,46.7599983215332,46.7599983215332,9400
2026-08-17 15:32:00,46.779998779296875,46.779998779296875,46.779998779296875,46.779998779296875,46.779998779296875,300
2026-08-17 15:33:00,46.779998779296875,46.79999923706055,46.779998779296875,46.79999923706055,46.79999923706055,3500
2026-08-17 15:34:00,46.79999923706055,46.79999923706055,46.79999923706055,46.79999923706055,46.79999923706055,1500
2026-08-17 15:35:00,46.79999923706055,46.79999923706055,46.79999923706055,46.79999923706055,46.79999923706055,1400
2026-08-17 15:36:00,46.79999923706055,46.79999923706055,46.7599983215332,46.7599983215332,46.7599983215332,2000
2026-08-17 15:37:00,46.7599983215332,46.779998779296875,46.7400016784668,46.779998779296875,46.779998779296875,17500
2026-08-17 15:38:00,46.779998779296875,46.779998779296875,46.779998779296875,46.779998779296875,46.779998779296875,1600
2026-08-17 15:39:00,46.779998779296875,46.779998779296875,46.779998779296875,46.779998779296875,46.779998779296875,1200
2026-08-17 15:40:00,46.779998779296875,46.779998779296875,46.779998779296875,46.779998779296875,46.779998779296875,900
2026-08-17 15:41:00,46.779998779296875,46.779998779296875,46.779998779296875,46.779998779296875,46.779998779296875,3900
2026-08-17 15:42:00,46.779998779296875,46.79999923706055,46.7599983215332,46.79999923706055,46.79999923706055,3100
2026-08-17 15:43:00,46.79999923706055,46.79999923706055,46.779998779296875,46.779998779296875,46.779998779296875,8400
2026-08-17 15:44:00,46.79999923706055,46.79999923706055,46.7599983215332,46.79999923706055,46.79999923706055,1300
2026-08-17 15:45:00,46.79999923706055,46.79999923706055,46.68000030517578,46.79999923706055,46.79999923706055,75800
2026-08-17 15:46:00,46.79999923706055,46.79999923706055,46.79999923706055,46.79999923706055,46.79999923706055,200
2026-08-17 15:47:00,46.79999923706055,46.79999923706055,46.7599983215332,46.79999923706055,46.79999923706055,500
2026-08-17 15:48:00,46.779998779296875,46.79999923706055,46.779998779296875,46.79999923706055,46.79999923706055,600
2026-08-17 15:49:00,46.7599983215332,46.79999923706055,46.7599983215332,46.79999923706055,46.79999923706055,600
2026-08-17 15:50:00,46.79999923706055,46.81999969482422,46.779998779296875,46.79999923706055,46.79999923706055,19300
2026-08-17 15:51:00,46.79999923706055,46.79999923706055,46.79999923706055,46.79999923706055,46.79999923706055,900
2026-08-17 15:52:00,46.79999923706055,46.79999923706055,46.779998779296875,46.79999923706055,46.79999923706055,2300
2026-08-17 15:53:00,46.79999923706055,46.79999923706055,46.7599983215332,46.779998779296875,46.779998779296875,19600
2026-08-17 15:54:00,46.779998779296875,46.779998779296875,46.70000076293945,46.7400016784668,46.7400016784668,28900
2026-08-17 15:55:00,46.720001220703125,46.7400016784668,46.720001220703125,46.7400016784668,46.7400016784668,500
2026-08-17 15:56:00,46.720001220703125,46.720001220703125,46.70000076293945,46.70000076293945,46.70000076293945,5200
2026-08-17 15:57:00,46.720001220703125,46.720001220703125,46.65999984741211,46.65999984741211,46.65999984741211,11700
2026-08-17 15:58:00,46.68000030517578,46.68000030517578,46.599998474121094,46.599998474121094,46.599998474121094,11500
2026-08-17 15:59:00,46.63999938964844,46.63999938964844,46.599998474121094,46.63999938964844,46.63999938964844,21100
2026-08-17 16:08:00,46.68000030517578,46.68000030517578,46.68000030517578,46.68000030517578,46.68000030517578,372700
2026-08-18 09:15:00,46.86,46.86,46.86,46.86,46.86,0
2026-08-18 09:17:00,46.5,46.5,46.0,46.0,46.0,0
2026-08-18 09:18:00,46.0,46.0,46.0,46.0,46.0,0
2026-08-18 09:19:00,46.0,46.0,46.0,46.0,46.0,0
2026-08-18 09:20:00,46.02,46.04,46.02,46.04,46.04,128924
2026-08-18 09:21:00,45.1,45.26,45.1,45.26,45.26,0
2026-08-18 09:22:00,45.1,45.1,45.1,45.1,45.1,0
2026-08-18 09:23:00,45.1,45.1,45.1,45.1,45.1,0
2026-08-18 09:24:00,45.1,45.1,45.04,45.04,45.04,0
2026-08-18 09:25:00,41.0,41.0,41.0,41.0,41.0,0
2026-08-18 09:26:00,39.68,39.68,39.68,39.68,39.68,0
2026-08-18 09:27:00,39.88,39.88,39.88,39.88,39.88,0
2026-08-18 09:28:00,40.0,40.0,40.0,40.0,40.0,0
2026-08-18 09:29:00,40.0,46.02,40.0,46.02,46.02,0
2026-08-18 09:30:00,46.279998779296875,46.900001525878906,46.08000183105469,46.84000015258789,46.84000015258789,236024
2026-08-18 09:31:00,46.68000030517578,46.7599983215332,46.439998626708984,46.439998626708984,46.439998626708984,26400
2026-08-18 09:32:00,46.5,46.70000076293945,46.47999954223633,46.70000076293945,46.70000076293945,24100
2026-08-18 09:33:00,46.70000076293945,46.84000015258789,46.68000030517578,46.84000015258789,46.84000015258789,6800
2026-08-18 09:34:00,46.86000061035156,46.86000061035156,46.86000061035156,46.86000061035156,46.86000061035156,2300
2026-08-18 09:35:00,46.84000015258789,46.86000061035156,46.779998779296875,46.84000015258789,46.84000015258789,24300
2026-08-18 09:36:00,46.81999969482422,46.900001525878906,46.81999969482422,46.880001068115234,46.880001068115234,8900
2026-08-18 09:37:00,46.880001068115234,46.880001068115234,46.86000061035156,46.86000061035156,46.86000061035156,2300
2026-08-18 09:38:00,46.86000061035156,46.880001068115234,46.81999969482422,46.81999969482422,46.81999969482422,9200
2026-08-18 09:39:00,46.81999969482422,46.900001525878906,46.81999969482422,46.880001068115234,46.880001068115234,7000
2026-08-18 09:40:00,46.900001525878906,46.97999954223633,46.900001525878906,46.97999954223633,46.97999954223633,3900
2026-08-18 09:41:00,47.0,47.0,47.0,47.0,47.0,2900
2026-08-18 09:42:00,47.0,47.099998474121094,47.0,47.08000183105469,47.08000183105469,4900
2026-08-18 09:43:00,47.08000183105469,47.18000030517578,47.08000183105469,47.18000030517578,47.18000030517578,17800
2026-08-18 09:44:00,47.18000030517578,47.18000030517578,47.13999938964844,47.15999984741211,47.15999984741211,21800
2026-08-18 09:45:00,47.15999984741211,47.18000030517578,47.099998474121094,47.15999984741211,47.15999984741211,23700
2026-08-18 09:46:00,47.13999938964844,47.13999938964844,47.08000183105469,47.13999938964844,47.13999938964844,13300
2026-08-18 09:47:00,47.13999938964844,47.13999938964844,47.060001373291016,47.060001373291016,47.060001373291016,8700
2026-08-18 09:48:00,47.060001373291016,47.060001373291016,47.040000915527344,47.040000915527344,47.040000915527344,2700
2026-08-18 09:49:00,47.060001373291016,47.08000183105469,47.060001373291016,47.08000183105469,47.08000183105469,3700
2026-08-18 09:50:00,47.060001373291016,47.08000183105469,47.060001373291016,47.08000183105469,47.08000183105469,2800
2026-08-18 09:51:00,47.060001373291016,47.060001373291016,47.0,47.02000045776367,47.02000045776367,8800
2026-08-18 09:52:00,47.0,47.0,46.84000015258789,46.84000015258789,46.84000015258789,11500
2026-08-18 09:53:00,46.880001068115234,46.900001525878906,46.880001068115234,46.900001525878906,46.900001525878906,1300
2026-08-18 09:54:00,46.91999816894531,47.0,46.91999816894531,47.0,47.0,7100
2026-08-18 09:55:00,47.02000045776367,47.119998931884766,47.02000045776367,47.099998474121094,47.099998474121094,63300
2026-08-18 09:56:00,47.099998474121094,47.099998474121094,47.060001373291016,47.060001373291016,47.060001373291016,10500
2026-08-18 09:57:00,47.060001373291016,47.060001373291016,47.040000915527344,47.040000915527344,47.040000915527344,10200
2026-08-18 09:58:00,47.040000915527344,47.119998931884766,47.040000915527344,47.099998474121094,47.099998474121094,30400
2026-08-18 09:59:00,47.099998474121094,47.119998931884766,47.099998474121094,47.099998474121094,47.099998474121094,3600
2026-08-18 10:00:00,47.099998474121094,47.119998931884766,47.08000183105469,47.119998931884766,47.119998931884766,22600
2026-08-18 10:01:00,47.15999984741211,47.15999984741211,47.02000045776367,47.02000045776367,47.02000045776367,11900
2026-08-18 10:02:00,47.060001373291016,47.060001373291016,47.040000915527344,47.040000915527344,47.040000915527344,8200
2026-08-18 10:03:00,47.040000915527344,47.15999984741211,47.040000915527344,47.13999938964844,47.13999938964844,26400
2026-08-18 10:04:00,47.15999984741211,47.2599983215332,47.13999938964844,47.2599983215332,47.2599983215332,11300
2026-08-18 10:05:00,47.2599983215332,47.2599983215332,47.15999984741211,47.15999984741211,47.15999984741211,15900
2026-08-18 10:06:00,47.20000076293945,47.220001220703125,47.20000076293945,47.220001220703125,47.220001220703125,5700
2026-08-18 10:07:00,47.2400016784668,47.279998779296875,47.220001220703125,47.279998779296875,47.279998779296875,7300
2026-08-18 10:08:00,47.2599983215332,47.2599983215332,47.2400016784668,47.2400016784668,47.2400016784668,10000
2026-08-18 10:09:00,47.220001220703125,47.2400016784668,47.20000076293945,47.220001220703125,47.220001220703125,8200
2026-08-18 10:10:00,47.220001220703125,47.220001220703125,47.20000076293945,47.20000076293945,47.20000076293945,6290
2026-08-18 10:11:00,47.18000030517578,47.20000076293945,47.18000030517578,47.20000076293945,47.20000076293945,1500
2026-08-18 10:12:00,47.18000030517578,47.20000076293945,47.18000030517578,47.18000030517578,47.18000030517578,10800
2026-08-18 10:13:00,47.20000076293945,47.20000076293945,47.18000030517578,47.18000030517578,47.18000030517578,4300
2026-08-18 10:14:00,47.18000030517578,47.20000076293945,47.18000030517578,47.20000076293945,47.20000076293945,800
2026-08-18 10:15:00,47.20000076293945,47.20000076293945,47.18000030517578,47.18000030517578,47.18000030517578,1100
2026-08-18 10:16:00,47.20000076293945,47.20000076293945,47.18000030517578,47.20000076293945,47.20000076293945,2800
2026-08-18 10:17:00,47.18000030517578,47.20000076293945,47.18000030517578,47.20000076293945,47.20000076293945,2100
2026-08-18 10:18:00,47.20000076293945,47.279998779296875,47.13999938964844,47.18000030517578,47.18000030517578,121400
2026-08-18 10:19:00,47.18000030517578,47.220001220703125,47.13999938964844,47.220001220703125,47.220001220703125,31200
2026-08-18 10:20:00,47.220001220703125,47.220001220703125,47.220001220703125,47.220001220703125,47.220001220703125,6500
2026-08-18 10:21:00,47.220001220703125,47.2599983215332,47.220001220703125,47.2400016784668,47.2400016784668,10700
2026-08-18 10:22:00,47.2400016784668,47.2400016784668,47.2400016784668,47.2400016784668,47.2400016784668,800
2026-08-18 10:23:00,47.2400016784668,47.2400016784668,47.220001220703125,47.220001220703125,47.220001220703125,800
2026-08-18 10:24:00,47.2400016784668,47.2400016784668,47.220001220703125,47.2400016784668,47.2400016784668,3400
2026-08-18 10:25:00,47.2400016784668,47.2400016784668,47.2400016784668,47.2400016784668,47.2400016784668,2300
2026-08-18 10:26:00,47.2400016784668,47.2400016784668,47.2400016784668,47.2400016784668,47.2400016784668,500
2026-08-18 10:27:00,47.2400016784668,47.2400016784668,47.2400016784668,47.2400016784668,47.2400016784668,1300
2026-08-18 10:28:00,47.2400016784668,47.2400016784668,47.13999938964844,47.13999938964844,47.13999938964844,33000
2026-08-18 10:29:00,47.119998931884766,47.13999938964844,47.119998931884766,47.13999938964844,47.13999938964844,1500
2026-08-18 10:30:00,47.119998931884766,47.119998931884766,47.099998474121094,47.099998474121094,47.099998474121094,7600
2026-08-18 10:31:00,47.08000183105469,47.08000183105469,47.08000183105469,47.08000183105469,47.08000183105469,1700
2026-08-18 10:34:00,47.099998474121094,47.099998474121094,47.08000183105469,47.099998474121094,47.099998474121094,2300
2026-08-18 10:35:00,47.08000183105469,47.099998474121094,47.08000183105469,47.08000183105469,47.08000183105469,1400
2026-08-18 10:36:00,47.08000183105469,47.099998474121094,47.08000183105469,47.099998474121094,47.099998474121094,4100
2026-08-18 10:37:00,47.08000183105469,47.099998474121094,47.08000183105469,47.08000183105469,47.08000183105469,1800
2026-08-18 10:38:00,47.099998474121094,47.13999938964844,47.099998474121094,47.119998931884766,47.119998931884766,89500
2026-08-18 10:39:00,47.119998931884766,47.13999938964844,47.119998931884766,47.13999938964844,47.13999938964844,2800
2026-08-18 10:40:00,47.13999938964844,47.13999938964844,47.119998931884766,47.119998931884766,47.119998931884766,1400
2026-08-18 10:41:00,47.119998931884766,47.13999938964844,47.119998931884766,47.13999938964844,47.13999938964844,700
2026-08-18 10:42:00,47.13999938964844,47.13999938964844,47.119998931884766,47.119998931884766,47.119998931884766,12600
2026-08-18 10:43:00,47.119998931884766,47.119998931884766,47.119998931884766,47.119998931884766,47.119998931884766,4800
2026-08-18 10:44:00,47.13999938964844,47.13999938964844,47.119998931884766,47.119998931884766,47.119998931884766,2200
2026-08-18 10:45:00,47.119998931884766,47.119998931884766,47.119998931884766,47.119998931884766,47.119998931884766,300
2026-08-18 10:46:00,47.119998931884766,47.13999938964844,47.119998931884766,47.13999938964844,47.13999938964844,400
2026-08-18 10:47:00,47.13999938964844,47.13999938964844,47.060001373291016,47.060001373291016,47.060001373291016,33800
2026-08-18 10:48:00,47.060001373291016,47.060001373291016,47.02000045776367,47.02000045776367,47.02000045776367,9800
2026-08-18 10:49:00,47.08000183105469,47.08000183105469,47.02000045776367,47.02000045776367,47.02000045776367,400
2026-08-18 10:50:00,47.02000045776367,47.02000045776367,47.02000045776367,47.02000045776367,47.02000045776367,600
2026-08-18 10:51:00,47.02000045776367,47.02000045776367,46.880001068115234,46.880001068115234,46.880001068115234,9500
2026-08-18 10:52:00,46.880001068115234,46.880001068115234,46.880001068115234,46.880001068115234,46.880001068115234,300
2026-08-18 10:53:00,46.880001068115234,46.880001068115234,46.880001068115234,46.880001068115234,46.880001068115234,300
2026-08-18 10:54:00,46.880001068115234,46.880001068115234,46.880001068115234,46.880001068115234,46.880001068115234,100
2026-08-18 10:55:00,46.880001068115234,46.880001068115234,46.880001068115234,46.880001068115234,46.880001068115234,300
2026-08-18 10:56:00,46.880001068115234,46.880001068115234,46.880001068115234,46.880001068115234,46.880001068115234,1400
2026-08-18 10:57:00,46.880001068115234,46.880001068115234,46.880001068115234,46.880001068115234,46.880001068115234,100
2026-08-18 10:59:00,46.900001525878906,46.900001525878906,46.880001068115234,46.880001068115234,46.880001068115234,1400
2026-08-18 11:00:00,46.900001525878906,46.900001525878906,46.880001068115234,46.900001525878906,46.900001525878906,900
2026-08-18 11:01:00,46.880001068115234,46.900001525878906,46.880001068115234,46.900001525878906,46.900001525878906,1300
2026-08-18 11:02:00,46.880001068115234,46.900001525878906,46.880001068115234,46.880001068115234,46.880001068115234,1300
2026-08-18 11:03:00,46.880001068115234,46.880001068115234,46.880001068115234,46.880001068115234,46.880001068115234,400
2026-08-18 11:04:00,46.900001525878906,46.900001525878906,46.880001068115234,46.900001525878906,46.900001525878906,6700
2026-08-18 11:05:00,46.900001525878906,46.91999816894531,46.900001525878906,46.91999816894531,46.91999816894531,2200
2026-08-18 11:06:00,46.900001525878906,46.91999816894531,46.900001525878906,46.91999816894531,46.91999816894531,1400
2026-08-18 11:07:00,46.900001525878906,46.91999816894531,46.900001525878906,46.91999816894531,46.91999816894531,1300
2026-08-18 11:08:00,46.91999816894531,46.91999816894531,46.91999816894531,46.91999816894531,46.91999816894531,700
2026-08-18 11:09:00,46.91999816894531,46.91999816894531,46.91999816894531,46.91999816894531,46.91999816894531,4300
2026-08-18 11:10:00,46.91999816894531,46.91999816894531,46.91999816894531,46.91999816894531,46.91999816894531,1900
2026-08-18 11:11:00,46.91999816894531,46.91999816894531,46.91999816894531,46.91999816894531,46.91999816894531,800
2026-08-18 11:12:00,46.91999816894531,46.91999816894531,46.91999816894531,46.91999816894531,46.91999816894531,1600
2026-08-18 11:13:00,46.91999816894531,46.91999816894531,46.91999816894531,46.91999816894531,46.91999816894531,1500
2026-08-18 11:14:00,46.91999816894531,46.91999816894531,46.900001525878906,46.91999816894531,46.91999816894531,17300
2026-08-18 11:15:00,46.900001525878906,46.900001525878906,46.900001525878906,46.900001525878906,46.900001525878906,100
2026-08-18 11:16:00,46.900001525878906,46.900001525878906,46.880001068115234,46.880001068115234,46.880001068115234,32400
2026-08-18 11:17:00,46.880001068115234,46.900001525878906,46.880001068115234,46.880001068115234,46.880001068115234,7600
2026-08-18 11:18:00,46.880001068115234,46.880001068115234,46.880001068115234,46.880001068115234,46.880001068115234,100
2026-08-18 11:19:00,46.900001525878906,46.900001525878906,46.880001068115234,46.880001068115234,46.880001068115234,1500
2026-08-18 11:20:00,46.900001525878906,46.900001525878906,46.880001068115234,46.880001068115234,46.880001068115234,500
2026-08-18 11:21:00,46.900001525878906,46.900001525878906,46.880001068115234,46.880001068115234,46.880001068115234,600
2026-08-18 11:22:00,46.900001525878906,46.900001525878906,46.880001068115234,46.880001068115234,46.880001068115234,2100
2026-08-18 11:23:00,46.900001525878906,46.900001525878906,46.880001068115234,46.900001525878906,46.900001525878906,700
2026-08-18 11:24:00,46.900001525878906,46.900001525878906,46.880001068115234,46.880001068115234,46.880001068115234,1200
2026-08-18 11:25:00,46.900001525878906,46.900001525878906,46.880001068115234,46.880001068115234,46.880001068115234,600
2026-08-18 11:26:00,46.900001525878906,46.900001525878906,46.880001068115234,46.900001525878906,46.900001525878906,600
2026-08-18 11:27:00,46.900001525878906,46.900001525878906,46.880001068115234,46.900001525878906,46.900001525878906,1000
2026-08-18 11:28:00,46.900001525878906,46.900001525878906,46.880001068115234,46.880001068115234,46.880001068115234,1300
2026-08-18 11:29:00,46.900001525878906,46.900001525878906,46.880001068115234,46.900001525878906,46.900001525878906,900
2026-08-18 11:30:00,46.900001525878906,46.900001525878906,46.880001068115234,46.880001068115234,46.880001068115234,1700
2026-08-18 11:31:00,46.900001525878906,46.900001525878906,46.900001525878906,46.900001525878906,46.900001525878906,400
2026-08-18 11:32:00,46.900001525878906,46.900001525878906,46.880001068115234,46.900001525878906,46.900001525878906,1000
2026-08-18 11:33:00,46.900001525878906,46.900001525878906,46.880001068115234,46.880001068115234,46.880001068115234,1600
2026-08-18 11:34:00,46.880001068115234,46.900001525878906,46.880001068115234,46.900001525878906,46.900001525878906,1100
2026-08-18 11:35:00,46.880001068115234,46.900001525878906,46.880001068115234,46.880001068115234,46.880001068115234,900
2026-08-18 11:36:00,46.900001525878906,46.900001525878906,46.900001525878906,46.900001525878906,46.900001525878906,3200
2026-08-18 11:37:00,46.880001068115234,46.900001525878906,46.880001068115234,46.900001525878906,46.900001525878906,1200
2026-08-18 11:38:00,46.900001525878906,46.900001525878906,46.880001068115234,46.880001068115234,46.880001068115234,400
2026-08-18 11:39:00,46.900001525878906,46.900001525878906,46.900001525878906,46.900001525878906,46.900001525878906,300
2026-08-18 11:40:00,46.880001068115234,46.880001068115234,46.7599983215332,46.7599983215332,46.7599983215332,86900
2026-08-18 11:41:00,46.779998779296875,46.81999969482422,46.779998779296875,46.81999969482422,46.81999969482422,14300
2026-08-18 11:42:00,46.84000015258789,46.880001068115234,46.84000015258789,46.86000061035156,46.86000061035156,35300
2026-08-18 11:43:00,46.86000061035156,46.86000061035156,46.779998779296875,46.79999923706055,46.79999923706055,5600
2026-08-18 11:44:00,46.79999923706055,46.81999969482422,46.79999923706055,46.79999923706055,46.79999923706055,8300
2026-08-18 11:45:00,46.79999923706055,46.79999923706055,46.79999923706055,46.79999923706055,46.79999923706055,100
2026-08-18 11:46:00,46.79999923706055,46.79999923706055,46.79999923706055,46.79999923706055,46.79999923706055,4200
2026-08-18 11:47:00,46.79999923706055,46.79999923706055,46.79999923706055,46.79999923706055,46.79999923706055,300
2026-08-18 11:48:00,46.81999969482422,46.81999969482422,46.79999923706055,46.79999923706055,46.79999923706055,1200
2026-08-18 11:49:00,46.79999923706055,46.79999923706055,46.79999923706055,46.79999923706055,46.79999923706055,200
2026-08-18 11:51:00,46.81999969482422,46.81999969482422,46.79999923706055,46.81999969482422,46.81999969482422,1100
2026-08-18 11:52:00,46.79999923706055,46.880001068115234,46.79999923706055,46.86000061035156,46.86000061035156,30600
2026-08-18 11:53:00,46.84000015258789,46.84000015258789,46.84000015258789,46.84000015258789,46.84000015258789,5000
2026-08-18 11:54:00,46.84000015258789,46.84000015258789,46.84000015258789,46.84000015258789,46.84000015258789,200
2026-08-18 11:56:00,46.86000061035156,46.86000061035156,46.84000015258789,46.86000061035156,46.86000061035156,2100
2026-08-18 11:57:00,46.86000061035156,46.86000061035156,46.86000061035156,46.86000061035156,46.86000061035156,400
2026-08-18 11:58:00,46.86000061035156,46.86000061035156,46.86000061035156,46.86000061035156,46.86000061035156,2300
2026-08-18 11:59:00,46.86000061035156,46.86000061035156,46.86000061035156,46.86000061035156,46.86000061035156,1200
2026-08-18 13:00:00,46.86000061035156,46.880001068115234,46.86000061035156,46.880001068115234,46.880001068115234,11000
2026-08-18 13:01:00,46.86000061035156,46.880001068115234,46.86000061035156,46.86000061035156,46.86000061035156,3400
2026-08-18 13:02:00,46.86000061035156,46.880001068115234,46.86000061035156,46.880001068115234,46.880001068115234,400
2026-08-18 13:03:00,46.880001068115234,46.880001068115234,46.880001068115234,46.880001068115234,46.880001068115234,400
2026-08-18 13:04:00,46.880001068115234,46.880001068115234,46.880001068115234,46.880001068115234,46.880001068115234,800
2026-08-18 13:05:00,46.880001068115234,46.880001068115234,46.880001068115234,46.880001068115234,46.880001068115234,1200
2026-08-18 13:06:00,46.880001068115234,46.880001068115234,46.880001068115234,46.880001068115234,46.880001068115234,1800
2026-08-18 13:07:00,46.880001068115234,46.880001068115234,46.880001068115234,46.880001068115234,46.880001068115234,1000
2026-08-18 13:08:00,46.880001068115234,46.880001068115234,46.880001068115234,46.880001068115234,46.880001068115234,900
2026-08-18 13:09:00,46.880001068115234,46.880001068115234,46.880001068115234,46.880001068115234,46.880001068115234,1100
2026-08-18 13:10:00,46.880001068115234,46.880001068115234,46.880001068115234,46.880001068115234,46.880001068115234,1230
2026-08-18 13:11:00,46.880001068115234,46.880001068115234,46.880001068115234,46.880001068115234,46.880001068115234,700
2026-08-18 13:12:00,46.880001068115234,46.880001068115234,46.880001068115234,46.880001068115234,46.880001068115234,800
2026-08-18 13:13:00,46.880001068115234,46.880001068115234,46.880001068115234,46.880001068115234,46.880001068115234,1300
2026-08-18 13:14:00,46.880001068115234,46.880001068115234,46.880001068115234,46.880001068115234,46.880001068115234,1100
2026-08-18 13:15:00,46.880001068115234,46.880001068115234,46.880001068115234,46.880001068115234,46.880001068115234,500
2026-08-18 13:16:00,46.880001068115234,46.880001068115234,46.880001068115234,46.880001068115234,46.880001068115234,1500
2026-08-18 13:17:00,46.880001068115234,46.880001068115234,46.880001068115234,46.880001068115234,46.880001068115234,1500
2026-08-18 13:18:00,46.880001068115234,46.880001068115234,46.880001068115234,46.880001068115234,46.880001068115234,3000
2026-08-18 13:19:00,46.900001525878906,46.91999816894531,46.900001525878906,46.91999816894531,46.91999816894531,1200
2026-08-18 13:20:00,46.91999816894531,46.91999816894531,46.91999816894531,46.91999816894531,46.91999816894531,1800
2026-08-18 13:21:00,46.91999816894531,46.91999816894531,46.91999816894531,46.91999816894531,46.91999816894531,4100
2026-08-18 13:22:00,46.91999816894531,46.91999816894531,46.91999816894531,46.91999816894531,46.91999816894531,1600
2026-08-18 13:23:00,46.91999816894531,46.91999816894531,46.91999816894531,46.91999816894531,46.91999816894531,1400
2026-08-18 13:24:00,46.91999816894531,46.939998626708984,46.91999816894531,46.939998626708984,46.939998626708984,2500
2026-08-18 13:25:00,46.939998626708984,46.939998626708984,46.939998626708984,46.939998626708984,46.939998626708984,3900
2026-08-18 13:26:00,46.939998626708984,46.939998626708984,46.939998626708984,46.939998626708984,46.939998626708984,2700
2026-08-18 13:27:00,46.939998626708984,46.939998626708984,46.939998626708984,46.939998626708984,46.939998626708984,2200
2026-08-18 13:28:00,46.939998626708984,46.939998626708984,46.939998626708984,46.939998626708984,46.939998626708984,2900
2026-08-18 13:29:00,46.939998626708984,46.939998626708984,46.939998626708984,46.939998626708984,46.939998626708984,1800
2026-08-18 13:30:00,46.939998626708984,46.959999084472656,46.939998626708984,46.959999084472656,46.959999084472656,3000
2026-08-18 13:31:00,46.959999084472656,46.959999084472656,46.959999084472656,46.959999084472656,46.959999084472656,1800
2026-08-18 13:32:00,46.959999084472656,46.959999084472656,46.959999084472656,46.959999084472656,46.959999084472656,2400
2026-08-18 13:33:00,46.959999084472656,46.97999954223633,46.959999084472656,46.97999954223633,46.97999954223633,2300
2026-08-18 13:34:00,46.97999954223633,46.97999954223633,46.959999084472656,46.97999954223633,46.97999954223633,3200
2026-08-18 13:35:00,46.97999954223633,47.0,46.97999954223633,47.0,47.0,14000
2026-08-18 13:36:00,47.0,47.0,47.0,47.0,47.0,1900
2026-08-18 13:37:00,47.0,47.0,46.97999954223633,46.97999954223633,46.97999954223633,4200
2026-08-18 13:38:00,47.0,47.0,46.97999954223633,47.0,47.0,2300
2026-08-18 13:39:00,47.0,47.0,46.97999954223633,47.0,47.0,2200
2026-08-18 13:40:00,47.0,47.0,47.0,47.0,47.0,3400
2026-08-18 13:41:00,47.0,47.0,47.0,47.0,47.0,2800
2026-08-18 13:42:00,47.0,47.0,47.0,47.0,47.0,1900
2026-08-18 13:43:00,47.0,47.0,47.0,47.0,47.0,2700
2026-08-18 13:44:00,47.0,47.0,46.939998626708984,46.939998626708984,46.939998626708984,46800
2026-08-18 13:45:00,46.959999084472656,46.959999084472656,46.959999084472656,46.959999084472656,46.959999084472656,800
2026-08-18 13:46:00,46.939998626708984,46.97999954223633,46.939998626708984,46.97999954223633,46.97999954223633,10500
2026-08-18 13:47:00,46.97999954223633,46.97999954223633,46.97999954223633,46.97999954223633,46.97999954223633,500
2026-08-18 13:48:00,46.97999954223633,47.060001373291016,46.97999954223633,47.02000045776367,47.02000045776367,101900
2026-08-18 13:49:00,47.02000045776367,47.02000045776367,46.959999084472656,46.959999084472656,46.959999084472656,8800
2026-08-18 13:50:00,47.0,47.0,46.959999084472656,46.97999954223633,46.97999954223633,2700
2026-08-18 13:51:00,47.0,47.0,46.97999954223633,46.97999954223633,46.97999954223633,3000
2026-08-18 13:52:00,46.97999954223633,47.0,46.97999954223633,47.0,47.0,1300
2026-08-18 13:53:00,47.0,47.0,46.97999954223633,46.97999954223633,46.97999954223633,800
2026-08-18 13:54:00,47.0,47.0,46.97999954223633,46.97999954223633,46.97999954223633,1300
2026-08-18 13:55:00,47.0,47.0,46.97999954223633,47.0,47.0,900
2026-08-18 13:56:00,47.0,47.0,46.97999954223633,47.0,47.0,1900
2026-08-18 13:57:00,47.0,47.0,46.97999954223633,46.97999954223633,46.97999954223633,20000
2026-08-18 13:58:00,46.97999954223633,46.97999954223633,46.959999084472656,46.959999084472656,46.959999084472656,24900
2026-08-18 13:59:00,46.97999954223633,46.97999954223633,46.959999084472656,46.959999084472656,46.959999084472656,1900
2026-08-18 14:00:00,46.97999954223633,46.97999954223633,46.97999954223633,46.97999954223633,46.97999954223633,500
2026-08-18 14:01:00,46.97999954223633,46.97999954223633,46.959999084472656,46.97999954223633,46.97999954223633,900
2026-08-18 14:02:00,46.959999084472656,46.97999954223633,46.959999084472656,46.97999954223633,46.97999954223633,1000
2026-08-18 14:03:00,46.97999954223633,46.97999954223633,46.959999084472656,46.97999954223633,46.97999954223633,1500
2026-08-18 14:04:00,46.959999084472656,46.97999954223633,46.959999084472656,46.959999084472656,46.959999084472656,29500
2026-08-18 14:05:00,46.939998626708984,46.939998626708984,46.79999923706055,46.81999969482422,46.81999969482422,62200
2026-08-18 14:06:00,46.84000015258789,46.84000015258789,46.84000015258789,46.84000015258789,46.84000015258789,2100
2026-08-18 14:07:00,46.84000015258789,46.84000015258789,46.84000015258789,46.84000015258789,46.84000015258789,900
2026-08-18 14:08:00,46.84000015258789,46.84000015258789,46.84000015258789,46.84000015258789,46.84000015258789,200
2026-08-18 14:09:00,46.880001068115234,46.880001068115234,46.86000061035156,46.86000061035156,46.86000061035156,1300
2026-08-18 14:10:00,46.880001068115234,46.900001525878906,46.86000061035156,46.900001525878906,46.900001525878906,14600
2026-08-18 14:11:00,46.900001525878906,46.959999084472656,46.900001525878906,46.959999084472656,46.959999084472656,28400
2026-08-18 14:12:00,46.959999084472656,46.959999084472656,46.959999084472656,46.959999084472656,46.959999084472656,1600
2026-08-18 14:13:00,46.959999084472656,46.959999084472656,46.959999084472656,46.959999084472656,46.959999084472656,1200
2026-08-18 14:14:00,46.959999084472656,46.959999084472656,46.939998626708984,46.939998626708984,46.939998626708984,2500
2026-08-18 14:15:00,46.959999084472656,46.959999084472656,46.959999084472656,46.959999084472656,46.959999084472656,1200
2026-08-18 14:16:00,46.959999084472656,46.959999084472656,46.959999084472656,46.959999084472656,46.959999084472656,2400
2026-08-18 14:17:00,46.959999084472656,46.959999084472656,46.959999084472656,46.959999084472656,46.959999084472656,1000
2026-08-18 14:18:00,46.959999084472656,46.959999084472656,46.959999084472656,46.959999084472656,46.959999084472656,1700
2026-08-18 14:19:00,46.959999084472656,46.959999084472656,46.959999084472656,46.959999084472656,46.959999084472656,2300
2026-08-18 14:20:00,46.959999084472656,46.959999084472656,46.959999084472656,46.959999084472656,46.959999084472656,800
2026-08-18 14:21:00,46.959999084472656,46.959999084472656,46.959999084472656,46.959999084472656,46.959999084472656,2200
2026-08-18 14:22:00,46.959999084472656,46.959999084472656,46.959999084472656,46.959999084472656,46.959999084472656,1700
2026-08-18 14:23:00,46.959999084472656,46.959999084472656,46.959999084472656,46.959999084472656,46.959999084472656,1500
2026-08-18 14:24:00,46.959999084472656,46.959999084472656,46.959999084472656,46.959999084472656,46.959999084472656,1600
2026-08-18 14:25:00,46.959999084472656,46.959999084472656,46.959999084472656,46.959999084472656,46.959999084472656,1300
2026-08-18 14:26:00,46.959999084472656,46.959999084472656,46.959999084472656,46.959999084472656,46.959999084472656,1700
2026-08-18 14:27:00,46.959999084472656,46.959999084472656,46.959999084472656,46.959999084472656,46.959999084472656,1600
2026-08-18 14:28:00,46.959999084472656,46.959999084472656,46.959999084472656,46.959999084472656,46.959999084472656,700
2026-08-18 14:29:00,46.959999084472656,46.959999084472656,46.900001525878906,46.900001525878906,46.900001525878906,22000
2026-08-18 14:31:00,46.900001525878906,46.900001525878906,46.900001525878906,46.900001525878906,46.900001525878906,300
2026-08-18 14:32:00,46.900001525878906,46.900001525878906,46.900001525878906,46.900001525878906,46.900001525878906,800
2026-08-18 14:33:00,46.900001525878906,46.939998626708984,46.900001525878906,46.939998626708984,46.939998626708984,29000
2026-08-18 14:34:00,46.939998626708984,46.959999084472656,46.939998626708984,46.939998626708984,46.939998626708984,3100
2026-08-18 14:35:00,46.939998626708984,46.939998626708984,46.939998626708984,46.939998626708984,46.939998626708984,800
2026-08-18 14:36:00,46.939998626708984,46.939998626708984,46.939998626708984,46.939998626708984,46.939998626708984,200
2026-08-18 14:37:00,46.939998626708984,46.939998626708984,46.939998626708984,46.939998626708984,46.939998626708984,300
2026-08-18 14:38:00,46.939998626708984,46.959999084472656,46.939998626708984,46.939998626708984,46.939998626708984,10200
2026-08-18 14:39:00,46.939998626708984,46.959999084472656,46.939998626708984,46.959999084472656,46.959999084472656,2000
2026-08-18 14:40:00,46.939998626708984,46.939998626708984,46.939998626708984,46.939998626708984,46.939998626708984,300
2026-08-18 14:41:00,46.959999084472656,46.959999084472656,46.959999084472656,46.959999084472656,46.959999084472656,100
2026-08-18 14:42:00,46.959999084472656,46.959999084472656,46.939998626708984,46.939998626708984,46.939998626708984,2900
2026-08-18 14:43:00,46.959999084472656,46.959999084472656,46.939998626708984,46.939998626708984,46.939998626708984,1700
2026-08-18 14:44:00,46.939998626708984,46.959999084472656,46.939998626708984,46.939998626708984,46.939998626708984,10500
2026-08-18 14:45:00,46.939998626708984,46.939998626708984,46.939998626708984,46.939998626708984,46.939998626708984,3200
2026-08-18 14:46:00,46.939998626708984,46.959999084472656,46.939998626708984,46.959999084472656,46.959999084472656,1200
2026-08-18 14:47:00,46.939998626708984,46.939998626708984,46.939998626708984,46.939998626708984,46.939998626708984,900
2026-08-18 14:48:00,46.939998626708984,46.939998626708984,46.939998626708984,46.939998626708984,46.939998626708984,800
2026-08-18 14:49:00,46.939998626708984,46.959999084472656,46.939998626708984,46.959999084472656,46.959999084472656,1200
2026-08-18 14:50:00,46.959999084472656,46.959999084472656,46.939998626708984,46.959999084472656,46.959999084472656,2600
2026-08-18 14:51:00,46.959999084472656,46.959999084472656,46.939998626708984,46.939998626708984,46.939998626708984,1600
2026-08-18 14:52:00,46.939998626708984,46.959999084472656,46.939998626708984,46.959999084472656,46.959999084472656,5700
2026-08-18 14:53:00,46.939998626708984,46.959999084472656,46.939998626708984,46.939998626708984,46.939998626708984,2700
2026-08-18 14:54:00,46.959999084472656,46.959999084472656,46.939998626708984,46.939998626708984,46.939998626708984,1600
2026-08-18 14:55:00,46.939998626708984,46.959999084472656,46.939998626708984,46.939998626708984,46.939998626708984,1600
2026-08-18 14:56:00,46.959999084472656,46.97999954223633,46.939998626708984,46.97999954223633,46.97999954223633,31500
2026-08-18 14:57:00,46.959999084472656,46.97999954223633,46.959999084472656,46.97999954223633,46.97999954223633,1400
2026-08-18 14:58:00,46.97999954223633,46.97999954223633,46.97999954223633,46.97999954223633,46.97999954223633,7500
2026-08-18 14:59:00,46.97999954223633,46.97999954223633,46.97999954223633,46.97999954223633,46.97999954223633,1000
2026-08-18 15:00:00,46.97999954223633,46.97999954223633,46.97999954223633,46.97999954223633,46.97999954223633,1400
2026-08-18 15:01:00,46.97999954223633,47.0,46.97999954223633,47.0,47.0,3600
2026-08-18 15:02:00,47.0,47.0,47.0,47.0,47.0,1000
2026-08-18 15:03:00,47.0,47.0,47.0,47.0,47.0,1200
2026-08-18 15:04:00,47.0,47.0,47.0,47.0,47.0,1300
2026-08-18 15:05:00,47.0,47.0,47.0,47.0,47.0,1600
2026-08-18 15:06:00,47.0,47.0,47.0,47.0,47.0,1600
2026-08-18 15:07:00,47.0,47.0,47.0,47.0,47.0,2100
2026-08-18 15:08:00,47.0,47.0,47.0,47.0,47.0,2900
2026-08-18 15:09:00,47.0,47.0,47.0,47.0,47.0,2700
2026-08-18 15:10:00,47.0,47.0,47.0,47.0,47.0,1000
2026-08-18 15:11:00,47.0,47.0,46.959999084472656,46.97999954223633,46.97999954223633,19900
2026-08-18 15:12:00,46.97999954223633,46.97999954223633,46.959999084472656,46.97999954223633,46.97999954223633,2700
2026-08-18 15:13:00,46.959999084472656,46.97999954223633,46.959999084472656,46.959999084472656,46.959999084472656,3200
2026-08-18 15:14:00,46.97999954223633,46.97999954223633,46.959999084472656,46.959999084472656,46.959999084472656,2300
2026-08-18 15:15:00,46.97999954223633,46.97999954223633,46.959999084472656,46.959999084472656,46.959999084472656,1400
2026-08-18 15:16:00,46.97999954223633,46.97999954223633,46.97999954223633,46.97999954223633,46.97999954223633,20178
2026-08-18 15:17:00,46.97999954223633,47.0,46.97999954223633,47.0,47.0,6800
2026-08-18 15:18:00,47.0,47.0,47.0,47.0,47.0,1700
2026-08-18 15:19:00,47.0,47.0,47.0,47.0,47.0,4200
2026-08-18 15:20:00,47.0,47.0,46.97999954223633,47.0,47.0,2000
2026-08-18 15:21:00,47.0,47.0,47.0,47.0,47.0,5000
2026-08-18 15:22:00,47.0,47.0,47.0,47.0,47.0,1800
2026-08-18 15:23:00,47.0,47.0,46.97999954223633,47.0,47.0,1746
2026-08-18 15:24:00,46.97999954223633,47.0,46.97999954223633,47.0,47.0,2100
2026-08-18 15:25:00,47.0,47.0,46.97999954223633,47.0,47.0,2500
2026-08-18 15:26:00,47.0,47.0,46.97999954223633,47.0,47.0,3700
2026-08-18 15:27:00,47.0,47.060001373291016,46.97999954223633,46.97999954223633,46.97999954223633,75500
2026-08-18 15:28:00,46.97999954223633,46.97999954223633,46.97999954223633,46.97999954223633,46.97999954223633,17100
2026-08-18 15:29:00,46.97999954223633,47.0,46.97999954223633,47.0,47.0,600
2026-08-18 15:30:00,46.97999954223633,47.0,46.97999954223633,47.0,47.0,1700
2026-08-18 15:31:00,47.0,47.0,46.97999954223633,46.97999954223633,46.97999954223633,2800
2026-08-18 15:32:00,47.0,47.0,46.97999954223633,47.0,47.0,3500
2026-08-18 15:33:00,47.0,47.0,46.97999954223633,47.0,47.0,3524
2026-08-18 15:34:00,47.0,47.0,46.97999954223633,47.0,47.0,4300
2026-08-18 15:35:00,46.97999954223633,47.0,46.97999954223633,47.0,47.0,8700
2026-08-18 15:36:00,47.0,47.0,46.97999954223633,47.0,47.0,5000
2026-08-18 15:37:00,46.97999954223633,47.0,46.97999954223633,47.0,47.0,3600
2026-08-18 15:38:00,47.0,47.0,47.0,47.0,47.0,4300
2026-08-18 15:39:00,47.0,47.0,47.0,47.0,47.0,6000
2026-08-18 15:40:00,47.0,47.02000045776367,47.0,47.02000045776367,47.02000045776367,11200
2026-08-18 15:41:00,47.02000045776367,47.02000045776367,47.0,47.02000045776367,47.02000045776367,5100
2026-08-18 15:42:00,47.02000045776367,47.02000045776367,47.02000045776367,47.02000045776367,47.02000045776367,4800
2026-08-18 15:43:00,47.02000045776367,47.02000045776367,47.02000045776367,47.02000045776367,47.02000045776367,6700
2026-08-18 15:44:00,47.02000045776367,47.02000045776367,47.0,47.02000045776367,47.02000045776367,6600
2026-08-18 15:45:00,47.02000045776367,47.040000915527344,47.0,47.040000915527344,47.040000915527344,11300
2026-08-18 15:46:00,47.040000915527344,47.040000915527344,47.040000915527344,47.040000915527344,47.040000915527344,6800
2026-08-18 15:47:00,47.040000915527344,47.040000915527344,47.02000045776367,47.040000915527344,47.040000915527344,10000
2026-08-18 15:48:00,47.02000045776367,47.040000915527344,47.0,47.0,47.0,41500
2026-08-18 15:49:00,47.0,47.0,46.939998626708984,47.0,47.0,38700
2026-08-18 15:50:00,46.97999954223633,47.0,46.97999954223633,46.97999954223633,46.97999954223633,10100
2026-08-18 15:51:00,47.0,47.0,46.97999954223633,47.0,47.0,2600
2026-08-18 15:52:00,47.0,47.0,46.97999954223633,47.0,47.0,12300
2026-08-18 15:53:00,47.0,47.02000045776367,47.0,47.02000045776367,47.02000045776367,11900
2026-08-18 15:54:00,47.02000045776367,47.02000045776367,46.97999954223633,47.0,47.0,37000
2026-08-18 15:55:00,47.02000045776367,47.02000045776367,47.0,47.02000045776367,47.02000045776367,9800
2026-08-18 15:56:00,47.0,47.02000045776367,47.0,47.02000045776367,47.02000045776367,10800
2026-08-18 15:57:00,47.02000045776367,47.02000045776367,47.0,47.02000045776367,47.02000045776367,34100
2026-08-18 15:58:00,47.0,47.02000045776367,47.0,47.02000045776367,47.02000045776367,35000
2026-08-18 15:59:00,47.02000045776367,47.02000045776367,46.939998626708984,46.939998626708984,46.939998626708984,27000
2026-08-18 16:08:00,47.02000045776367,47.02000045776367,47.02000045776367,47.02000045776367,47.02000045776367,495900
