Datetime,Open,High,Low,Close,Adj Close,Volume
2026-08-10 09:30:00,129.10000610351562,129.39999389648438,128.39999389648438,129.0,129.0,180404
2026-08-10 09:31:00,129.0,129.39999389648438,128.8000030517578,128.8000030517578,128.8000030517578,59517
2026-08-10 09:32:00,128.8000030517578,129.0,128.60000610351562,128.6999969482422,128.6999969482422,31888
2026-08-10 09:33:00,128.6999969482422,129.0,128.60000610351562,128.89999389648438,128.89999389648438,13400
2026-08-10 09:34:00,128.89999389648438,129.0,128.6999969482422,128.8000030517578,128.8000030517578,20800
2026-08-10 09:35:00,128.8000030517578,129.0,128.6999969482422,128.6999969482422,128.6999969482422,15850
2026-08-10 09:36:00,128.8000030517578,128.89999389648438,128.6999969482422,128.89999389648438,128.89999389648438,11600
2026-08-10 09:37:00,128.89999389648438,129.10000610351562,128.8000030517578,129.10000610351562,129.10000610351562,34550
2026-08-10 09:38:00,129.10000610351562,129.1999969482422,129.0,129.10000610351562,129.10000610351562,4350
2026-08-10 09:39:00,129.10000610351562,129.39999389648438,129.10000610351562,129.3000030517578,129.3000030517578,16930
2026-08-10 09:40:00,129.39999389648438,129.39999389648438,129.1999969482422,129.3000030517578,129.3000030517578,7394
2026-08-10 09:41:00,129.3000030517578,129.39999389648438,129.3000030517578,129.3000030517578,129.3000030517578,2500
2026-08-10 09:42:00,129.39999389648438,129.6999969482422,129.39999389648438,129.6999969482422,129.6999969482422,23596
2026-08-10 09:43:00,129.6999969482422,129.6999969482422,129.5,129.60000610351562,129.60000610351562,12913
2026-08-10 09:44:00,129.60000610351562,129.8000030517578,129.5,129.8000030517578,129.8000030517578,21900
2026-08-10 09:45:00,129.8000030517578,129.89999389648438,129.6999969482422,129.8000030517578,129.8000030517578,17350
2026-08-10 09:46:00,129.8000030517578,129.8000030517578,129.39999389648438,129.39999389648438,129.39999389648438,21750
2026-08-10 09:47:00,129.3000030517578,129.39999389648438,129.1999969482422,129.39999389648438,129.39999389648438,9050
2026-08-10 09:48:00,129.39999389648438,129.39999389648438,129.1999969482422,129.3000030517578,129.3000030517578,8009
2026-08-10 09:49:00,129.3000030517578,129.3000030517578,129.0,129.1999969482422,129.1999969482422,18000
2026-08-10 09:50:00,129.1999969482422,129.3000030517578,129.10000610351562,129.1999969482422,129.1999969482422,8800
2026-08-10 09:51:00,129.10000610351562,129.10000610351562,129.0,129.10000610351562,129.10000610351562,5223
2026-08-10 09:52:00,129.10000610351562,129.5,129.0,129.5,129.5,30400
2026-08-10 09:53:00,129.5,129.5,129.3000030517578,129.39999389648438,129.39999389648438,25353
2026-08-10 09:54:00,129.39999389648438,129.60000610351562,129.3000030517578,129.5,129.5,29600
2026-08-10 09:55:00,129.5,129.6999969482422,129.5,129.6999969482422,129.6999969482422,12950
2026-08-10 09:56:00,129.6999969482422,129.6999969482422,129.60000610351562,129.6999969482422,129.6999969482422,17978
2026-08-10 09:57:00,129.6999969482422,129.8000030517578,129.5,129.60000610351562,129.60000610351562,31600
2026-08-10 09:58:00,129.60000610351562,129.8000030517578,129.60000610351562,129.8000030517578,129.8000030517578,11367
2026-08-10 09:59:00,129.8000030517578,129.8000030517578,129.60000610351562,129.60000610351562,129.60000610351562,14100
2026-08-10 10:00:00,129.6999969482422,129.89999389648438,129.6999969482422,129.89999389648438,129.89999389648438,15150
2026-08-10 10:01:00,129.89999389648438,130.0,129.6999969482422,129.6999969482422,129.6999969482422,30809
2026-08-10 10:02:00,129.8000030517578,129.89999389648438,129.6999969482422,129.89999389648438,129.89999389648438,5500
2026-08-10 10:03:00,129.89999389648438,129.89999389648438,129.8000030517578,129.8000030517578,129.8000030517578,3250
2026-08-10 10:04:00,129.8000030517578,129.8000030517578,129.6999969482422,129.8000030517578,129.8000030517578,12400
2026-08-10 10:05:00,129.89999389648438,130.0,129.8000030517578,129.89999389648438,129.89999389648438,25300
2026-08-10 10:06:00,129.89999389648438,129.89999389648438,129.6999969482422,129.8000030517578,129.8000030517578,7450
2026-08-10 10:07:00,129.8000030517578,129.89999389648438,129.6999969482422,129.89999389648438,129.89999389648438,7500
2026-08-10 10:08:00,129.8000030517578,129.8000030517578,129.6999969482422,129.6999969482422,129.6999969482422,4000
2026-08-10 10:09:00,129.8000030517578,129.8000030517578,129.6999969482422,129.6999969482422,129.6999969482422,2900
2026-08-10 10:10:00,129.8000030517578,129.8000030517578,129.6999969482422,129.8000030517578,129.8000030517578,1900
2026-08-10 10:11:00,129.8000030517578,129.89999389648438,129.6999969482422,129.6999969482422,129.6999969482422,27200
2026-08-10 10:12:00,129.6999969482422,129.8000030517578,129.6999969482422,129.8000030517578,129.8000030517578,200
2026-08-10 10:13:00,129.6999969482422,129.6999969482422,129.5,129.60000610351562,129.60000610351562,64800
2026-08-10 10:14:00,129.5,129.60000610351562,129.5,129.5,129.5,1200
2026-08-10 10:15:00,129.60000610351562,129.60000610351562,129.5,129.5,129.5,3800
2026-08-10 10:16:00,129.5,129.60000610351562,129.5,129.5,129.5,2563
2026-08-10 10:17:00,129.5,129.5,129.3000030517578,129.39999389648438,129.39999389648438,14650
2026-08-10 10:18:00,129.39999389648438,129.60000610351562,129.39999389648438,129.60000610351562,129.60000610351562,24650
2026-08-10 10:19:00,129.60000610351562,129.60000610351562,129.5,129.5,129.5,9050
2026-08-10 10:20:00,129.5,129.5,129.39999389648438,129.39999389648438,129.39999389648438,400
2026-08-10 10:21:00,129.39999389648438,129.60000610351562,129.39999389648438,129.60000610351562,129.60000610351562,11000
2026-08-10 10:22:00,129.6999969482422,129.8000030517578,129.6999969482422,129.8000030517578,129.8000030517578,9150
2026-08-10 10:23:00,129.8000030517578,129.89999389648438,129.6999969482422,129.6999969482422,129.6999969482422,22500
2026-08-10 10:24:00,129.8000030517578,129.8000030517578,129.60000610351562,129.60000610351562,129.60000610351562,14700
2026-08-10 10:25:00,129.60000610351562,129.60000610351562,129.60000610351562,129.60000610351562,129.60000610351562,6850
2026-08-10 10:26:00,129.60000610351562,129.60000610351562,129.5,129.5,129.5,7150
2026-08-10 10:27:00,129.5,129.60000610351562,129.39999389648438,129.5,129.5,26400
2026-08-10 10:28:00,129.5,129.5,129.39999389648438,129.39999389648438,129.39999389648438,145
2026-08-10 10:29:00,129.5,129.5,129.39999389648438,129.5,129.5,14363
2026-08-10 10:30:00,129.5,129.60000610351562,129.5,129.60000610351562,129.60000610351562,8787
2026-08-10 10:31:00,129.6999969482422,129.8000030517578,129.6999969482422,129.8000030517578,129.8000030517578,3200
2026-08-10 10:32:00,129.6999969482422,129.6999969482422,129.6999969482422,129.6999969482422,129.6999969482422,6300
2026-08-10 10:33:00,129.6999969482422,129.6999969482422,129.60000610351562,129.60000610351562,129.60000610351562,12150
2026-08-10 10:34:00,129.6999969482422,129.6999969482422,129.6999969482422,129.6999969482422,129.6999969482422,3550
2026-08-10 10:35:00,129.6999969482422,129.8000030517578,129.60000610351562,129.6999969482422,129.6999969482422,13414
2026-08-10 10:37:00,129.60000610351562,129.6999969482422,129.60000610351562,129.60000610351562,129.60000610351562,2954
2026-08-10 10:38:00,129.6999969482422,129.6999969482422,129.60000610351562,129.60000610351562,129.60000610351562,1233
2026-08-10 10:39:00,129.60000610351562,129.6999969482422,129.60000610351562,129.6999969482422,129.6999969482422,1600
2026-08-10 10:40:00,129.60000610351562,129.6999969482422,129.5,129.60000610351562,129.60000610351562,21050
2026-08-10 10:41:00,129.60000610351562,129.60000610351562,129.60000610351562,129.60000610351562,129.60000610351562,1154
2026-08-10 10:42:00,129.60000610351562,129.60000610351562,129.60000610351562,129.60000610351562,129.60000610351562,1300
2026-08-10 10:43:00,129.60000610351562,129.6999969482422,129.60000610351562,129.6999969482422,129.6999969482422,29250
2026-08-10 10:44:00,129.60000610351562,129.6999969482422,129.60000610351562,129.60000610351562,129.60000610351562,9100
2026-08-10 10:45:00,129.6999969482422,129.6999969482422,129.6999969482422,129.6999969482422,129.6999969482422,2050
2026-08-10 10:46:00,129.60000610351562,129.60000610351562,129.60000610351562,129.60000610351562,129.60000610351562,1309
2026-08-10 10:47:00,129.6999969482422,129.8000030517578,129.6999969482422,129.8000030517578,129.8000030517578,48750
2026-08-10 10:48:00,129.8000030517578,129.89999389648438,129.8000030517578,129.89999389648438,129.89999389648438,750
2026-08-10 10:49:00,129.8000030517578,129.89999389648438,129.8000030517578,129.89999389648438,129.89999389648438,1932
2026-08-10 10:50:00,129.8000030517578,129.89999389648438,129.8000030517578,129.8000030517578,129.8000030517578,2497
2026-08-10 10:51:00,129.8000030517578,129.89999389648438,129.8000030517578,129.89999389648438,129.89999389648438,73030
2026-08-10 10:52:00,129.89999389648438,129.89999389648438,129.6999969482422,129.6999969482422,129.6999969482422,17873
2026-08-10 10:53:00,129.6999969482422,129.6999969482422,129.60000610351562,129.6999969482422,129.6999969482422,19800
2026-08-10 10:54:00,129.6999969482422,129.6999969482422,129.6999969482422,129.6999969482422,129.6999969482422,209
2026-08-10 10:55:00,129.6999969482422,129.8000030517578,129.6999969482422,129.6999969482422,129.6999969482422,5604
2026-08-10 10:57:00,129.60000610351562,129.60000610351562,129.5,129.5,129.5,12400
2026-08-10 10:58:00,129.5,129.5,129.5,129.5,129.5,600
2026-08-10 10:59:00,129.5,129.60000610351562,129.5,129.5,129.5,2950
2026-08-10 11:00:00,129.60000610351562,129.6999969482422,129.5,129.60000610351562,129.60000610351562,43354
2026-08-10 11:01:00,129.6999969482422,129.6999969482422,129.6999969482422,129.6999969482422,129.6999969482422,10600
2026-08-10 11:02:00,129.6999969482422,129.6999969482422,129.5,129.5,129.5,18059
2026-08-10 11:03:00,129.5,129.5,129.5,129.5,129.5,1600
2026-08-10 11:04:00,129.60000610351562,129.60000610351562,129.60000610351562,129.60000610351562,129.60000610351562,7550
2026-08-10 11:05:00,129.6999969482422,129.6999969482422,129.5,129.5,129.5,14550
2026-08-10 11:06:00,129.60000610351562,129.6999969482422,129.5,129.60000610351562,129.60000610351562,19150
2026-08-10 11:07:00,129.60000610351562,129.6999969482422,129.60000610351562,129.6999969482422,129.6999969482422,9759
2026-08-10 11:08:00,129.6999969482422,129.6999969482422,129.60000610351562,129.60000610351562,129.60000610351562,18650
2026-08-10 11:10:00,129.60000610351562,129.6999969482422,129.60000610351562,129.6999969482422,129.6999969482422,350
2026-08-10 11:11:00,129.60000610351562,129.60000610351562,129.5,129.5,129.5,21000
2026-08-10 11:12:00,129.60000610351562,129.60000610351562,129.60000610351562,129.60000610351562,129.60000610351562,5650
2026-08-10 11:13:00,129.60000610351562,129.60000610351562,129.60000610351562,129.60000610351562,129.60000610351562,1250
2026-08-10 11:14:00,129.60000610351562,129.8000030517578,129.60000610351562,129.8000030517578,129.8000030517578,9653
2026-08-10 11:15:00,129.6999969482422,129.8000030517578,129.6999969482422,129.6999969482422,129.6999969482422,11550
2026-08-10 11:16:00,129.6999969482422,129.6999969482422,129.6999969482422,129.6999969482422,129.6999969482422,200
2026-08-10 11:17:00,129.6999969482422,129.6999969482422,129.60000610351562,129.60000610351562,129.60000610351562,10150
2026-08-10 11:18:00,129.60000610351562,129.60000610351562,129.60000610351562,129.60000610351562,129.60000610351562,1050
2026-08-10 11:19:00,129.60000610351562,129.6999969482422,129.60000610351562,129.6999969482422,129.6999969482422,1023
2026-08-10 11:20:00,129.60000610351562,129.6999969482422,129.60000610351562,129.6999969482422,129.6999969482422,1750
2026-08-10 11:21:00,129.60000610351562,129.6999969482422,129.60000610351562,129.6999969482422,129.6999969482422,1300
2026-08-10 11:22:00,129.60000610351562,129.6999969482422,129.60000610351562,129.60000610351562,129.60000610351562,4750
2026-08-10 11:23:00,129.6999969482422,129.6999969482422,129.60000610351562,129.6999969482422,129.6999969482422,6350
2026-08-10 11:24:00,129.60000610351562,129.60000610351562,129.39999389648438,129.39999389648438,129.39999389648438,25600
2026-08-10 11:25:00,129.39999389648438,129.5,129.39999389648438,129.39999389648438,129.39999389648438,15350
2026-08-10 11:26:00,129.39999389648438,129.5,129.39999389648438,129.5,129.5,450
2026-08-10 11:27:00,129.5,129.5,129.39999389648438,129.39999389648438,129.39999389648438,600
2026-08-10 11:28:00,129.39999389648438,129.60000610351562,129.39999389648438,129.5,129.5,29800
2026-08-10 11:29:00,129.5,129.5,129.39999389648438,129.5,129.5,12200
2026-08-10 11:30:00,129.5,129.5,129.5,129.5,129.5,6204
2026-08-10 11:31:00,129.39999389648438,129.39999389648438,129.39999389648438,129.39999389648438,129.39999389648438,150
2026-08-10 11:32:00,129.39999389648438,129.60000610351562,129.39999389648438,129.5,129.5,9269
2026-08-10 11:33:00,129.5,129.60000610351562,129.5,129.60000610351562,129.60000610351562,1240
2026-08-10 11:34:00,129.60000610351562,129.60000610351562,129.60000610351562,129.60000610351562,129.60000610351562,600
2026-08-10 11:35:00,129.60000610351562,129.60000610351562,129.60000610351562,129.60000610351562,129.60000610351562,8150
2026-08-10 11:36:00,129.6999969482422,129.6999969482422,129.5,129.5,129.5,21009
2026-08-10 11:38:00,129.5,129.6999969482422,129.5,129.6999969482422,129.6999969482422,8800
2026-08-10 11:39:00,129.60000610351562,129.6999969482422,129.60000610351562,129.6999969482422,129.6999969482422,4650
2026-08-10 11:40:00,129.6999969482422,129.6999969482422,129.6999969482422,129.6999969482422,129.6999969482422,500
2026-08-10 11:41:00,129.6999969482422,129.6999969482422,129.6999969482422,129.6999969482422,129.6999969482422,600
2026-08-10 11:42:00,129.6999969482422,129.6999969482422,129.60000610351562,129.6999969482422,129.6999969482422,26982
2026-08-10 11:43:00,129.8000030517578,129.8000030517578,129.6999969482422,129.8000030517578,129.8000030517578,1400
2026-08-10 11:44:00,129.8000030517578,129.8000030517578,129.60000610351562,129.6999969482422,129.6999969482422,17500
2026-08-10 11:45:00,129.6999969482422,129.6999969482422,129.60000610351562,129.6999969482422,129.6999969482422,23747
2026-08-10 11:46:00,129.6999969482422,129.6999969482422,129.6999969482422,129.6999969482422,129.6999969482422,1700
2026-08-10 11:47:00,129.60000610351562,129.6999969482422,129.60000610351562,129.6999969482422,129.6999969482422,6200
2026-08-10 11:48:00,129.6999969482422,129.8000030517578,129.60000610351562,129.8000030517578,129.8000030517578,2800
2026-08-10 11:49:00,129.8000030517578,129.8000030517578,129.8000030517578,129.8000030517578,129.8000030517578,550
2026-08-10 11:50:00,129.8000030517578,129.8000030517578,129.8000030517578,129.8000030517578,129.8000030517578,300
2026-08-10 11:51:00,129.6999969482422,129.6999969482422,129.6999969482422,129.6999969482422,129.6999969482422,100
2026-08-10 11:52:00,129.8000030517578,129.8000030517578,129.6999969482422,129.6999969482422,129.6999969482422,2000
2026-08-10 11:53:00,129.6999969482422,129.8000030517578,129.6999969482422,129.6999969482422,129.6999969482422,1450
2026-08-10 11:54:00,129.8000030517578,129.89999389648438,129.6999969482422,129.89999389648438,129.89999389648438,52769
2026-08-10 11:55:00,129.89999389648438,129.89999389648438,129.89999389648438,129.89999389648438,129.89999389648438,1100
2026-08-10 11:56:00,129.8000030517578,129.89999389648438,129.8000030517578,129.89999389648438,129.89999389648438,5600
2026-08-10 11:57:00,129.89999389648438,129.89999389648438,129.8000030517578,129.89999389648438,129.89999389648438,1350
2026-08-10 11:58:00,129.89999389648438,129.89999389648438,129.8000030517578,129.89999389648438,129.89999389648438,2464
2026-08-10 11:59:00,129.8000030517578,129.89999389648438,129.8000030517578,129.8000030517578,129.8000030517578,4650
2026-08-10 13:00:00,129.8000030517578,130.1999969482422,129.8000030517578,130.10000610351562,130.10000610351562,319254
2026-08-10 13:01:00,130.1999969482422,130.3000030517578,130.1999969482422,130.3000030517578,130.3000030517578,16000
2026-08-10 13:02:00,130.3000030517578,130.3000030517578,130.1999969482422,130.1999969482422,130.1999969482422,5964
2026-08-10 13:03:00,130.3000030517578,130.3000030517578,129.89999389648438,129.89999389648438,129.89999389648438,57670
2026-08-10 13:04:00,129.89999389648438,130.0,129.89999389648438,129.89999389648438,129.89999389648438,2180
2026-08-10 13:05:00,129.89999389648438,129.89999389648438,129.89999389648438,129.89999389648438,129.89999389648438,10464
2026-08-10 13:06:00,129.89999389648438,129.89999389648438,129.89999389648438,129.89999389648438,129.89999389648438,5967
2026-08-10 13:07:00,129.89999389648438,129.89999389648438,129.8000030517578,129.8000030517578,129.8000030517578,6903
2026-08-10 13:08:00,129.8000030517578,129.8000030517578,129.8000030517578,129.8000030517578,129.8000030517578,150
2026-08-10 13:09:00,129.8000030517578,129.89999389648438,129.8000030517578,129.89999389648438,129.89999389648438,200
2026-08-10 13:10:00,129.8000030517578,129.89999389648438,129.8000030517578,129.8000030517578,129.8000030517578,800
2026-08-10 13:11:00,129.89999389648438,129.89999389648438,129.8000030517578,129.89999389648438,129.89999389648438,9409
2026-08-10 13:12:00,129.89999389648438,129.89999389648438,129.8000030517578,129.89999389648438,129.89999389648438,2350
2026-08-10 13:13:00,129.89999389648438,129.89999389648438,129.8000030517578,129.89999389648438,129.89999389648438,2012
2026-08-10 13:14:00,129.89999389648438,129.89999389648438,129.6999969482422,129.6999969482422,129.6999969482422,13264
2026-08-10 13:15:00,129.6999969482422,129.8000030517578,129.6999969482422,129.8000030517578,129.8000030517578,400
2026-08-10 13:16:00,129.6999969482422,129.6999969482422,129.6999969482422,129.6999969482422,129.6999969482422,800
2026-08-10 13:17:00,129.6999969482422,129.8000030517578,129.6999969482422,129.6999969482422,129.6999969482422,6728
2026-08-10 13:18:00,129.6999969482422,129.8000030517578,129.6999969482422,129.8000030517578,129.8000030517578,642
2026-08-10 13:19:00,129.6999969482422,129.8000030517578,129.6999969482422,129.6999969482422,129.6999969482422,1650
2026-08-10 13:20:00,129.6999969482422,129.8000030517578,129.6999969482422,129.8000030517578,129.8000030517578,2159
2026-08-10 13:21:00,129.8000030517578,129.89999389648438,129.8000030517578,129.89999389648438,129.89999389648438,24953
2026-08-10 13:22:00,129.89999389648438,129.89999389648438,129.8000030517578,129.89999389648438,129.89999389648438,6250
2026-08-10 13:23:00,129.89999389648438,129.89999389648438,129.8000030517578,129.89999389648438,129.89999389648438,3250
2026-08-10 13:24:00,129.89999389648438,129.89999389648438,129.8000030517578,129.8000030517578,129.8000030517578,4650
2026-08-10 13:25:00,129.8000030517578,129.89999389648438,129.8000030517578,129.8000030517578,129.8000030517578,2450
2026-08-10 13:26:00,129.89999389648438,129.89999389648438,129.8000030517578,129.8000030517578,129.8000030517578,6700
2026-08-10 13:27:00,129.89999389648438,129.89999389648438,129.6999969482422,129.6999969482422,129.6999969482422,26600
2026-08-10 13:28:00,129.6999969482422,129.6999969482422,129.6999969482422,129.6999969482422,129.6999969482422,20450
2026-08-10 13:29:00,129.60000610351562,129.6999969482422,129.60000610351562,129.60000610351562,129.60000610351562,1550
2026-08-10 13:30:00,129.60000610351562,129.6999969482422,129.60000610351562,129.60000610351562,129.60000610351562,1600
2026-08-10 13:31:00,129.6999969482422,129.6999969482422,129.6999969482422,129.6999969482422,129.6999969482422,14150
2026-08-10 13:32:00,129.8000030517578,129.8000030517578,129.8000030517578,129.8000030517578,129.8000030517578,14800
2026-08-10 13:33:00,129.8000030517578,129.8000030517578,129.8000030517578,129.8000030517578,129.8000030517578,900
2026-08-10 13:34:00,129.8000030517578,130.0,129.8000030517578,129.89999389648438,129.89999389648438,42867
2026-08-10 13:35:00,130.0,130.0,129.89999389648438,130.0,130.0,6469
2026-08-10 13:36:00,129.89999389648438,129.89999389648438,129.8000030517578,129.8000030517578,129.8000030517578,23250
2026-08-10 13:37:00,129.89999389648438,129.89999389648438,129.89999389648438,129.89999389648438,129.89999389648438,6059
2026-08-10 13:38:00,129.89999389648438,130.0,129.89999389648438,130.0,130.0,550
2026-08-10 13:39:00,129.89999389648438,130.0,129.8000030517578,129.89999389648438,129.89999389648438,19400
2026-08-10 13:40:00,129.89999389648438,130.10000610351562,129.89999389648438,130.10000610351562,130.10000610351562,26800
2026-08-10 13:41:00,130.10000610351562,130.10000610351562,130.10000610351562,130.10000610351562,130.10000610351562,1650
2026-08-10 13:42:00,130.10000610351562,130.10000610351562,130.0,130.0,130.0,1600
2026-08-10 13:43:00,130.0,130.0,129.89999389648438,129.89999389648438,129.89999389648438,53300
2026-08-10 13:44:00,129.89999389648438,129.89999389648438,129.89999389648438,129.89999389648438,129.89999389648438,250
2026-08-10 13:45:00,130.0,130.0,130.0,130.0,130.0,7400
2026-08-10 13:46:00,130.0,130.10000610351562,130.0,130.0,130.0,2977
2026-08-10 13:47:00,130.0,130.0,130.0,130.0,130.0,1750
2026-08-10 13:48:00,130.0,130.0,130.0,130.0,130.0,950
2026-08-10 13:49:00,130.0,130.1999969482422,130.0,130.10000610351562,130.10000610351562,22396
2026-08-10 13:50:00,130.1999969482422,130.1999969482422,130.10000610351562,130.10000610351562,130.10000610351562,3650
2026-08-10 13:51:00,130.10000610351562,130.1999969482422,130.10000610351562,130.10000610351562,130.10000610351562,1500
2026-08-10 13:52:00,130.10000610351562,130.10000610351562,130.10000610351562,130.10000610351562,130.10000610351562,1400
2026-08-10 13:53:00,130.10000610351562,130.1999969482422,130.10000610351562,130.10000610351562,130.10000610351562,2400
2026-08-10 13:54:00,130.10000610351562,130.1999969482422,130.10000610351562,130.1999969482422,130.1999969482422,3400
2026-08-10 13:55:00,130.10000610351562,130.10000610351562,130.0,130.0,130.0,10714
2026-08-10 13:56:00,130.10000610351562,130.10000610351562,130.0,130.10000610351562,130.10000610351562,3950
2026-08-10 13:57:00,130.10000610351562,130.1999969482422,130.0,130.1999969482422,130.1999969482422,20800
2026-08-10 13:58:00,130.10000610351562,130.1999969482422,130.10000610351562,130.10000610351562,130.10000610351562,650
2026-08-10 13:59:00,130.1999969482422,130.1999969482422,130.10000610351562,130.1999969482422,130.1999969482422,1600
2026-08-10 14:00:00,130.1999969482422,130.1999969482422,130.10000610351562,130.10000610351562,130.10000610351562,9650
2026-08-10 14:01:00,130.10000610351562,130.1999969482422,130.10000610351562,130.10000610351562,130.10000610351562,2450
2026-08-10 14:02:00,130.1999969482422,130.1999969482422,130.0,130.10000610351562,130.10000610351562,13050
2026-08-10 14:03:00,130.10000610351562,130.10000610351562,130.0,130.0,130.0,33500
2026-08-10 14:04:00,130.0,130.0,130.0,130.0,130.0,18100
2026-08-10 14:05:00,130.0,130.10000610351562,130.0,130.0,130.0,1795
2026-08-10 14:06:00,130.0,130.0,130.0,130.0,130.0,200
2026-08-10 14:07:00,130.10000610351562,130.1999969482422,130.0,130.10000610351562,130.10000610351562,34900
2026-08-10 14:08:00,130.10000610351562,130.1999969482422,130.10000610351562,130.1999969482422,130.1999969482422,1200
2026-08-10 14:09:00,130.10000610351562,130.1999969482422,130.10000610351562,130.1999969482422,130.1999969482422,3100
2026-08-10 14:10:00,130.10000610351562,130.1999969482422,130.10000610351562,130.10000610351562,130.10000610351562,2194
2026-08-10 14:11:00,130.1999969482422,130.1999969482422,130.10000610351562,130.10000610351562,130.10000610351562,2150
2026-08-10 14:12:00,130.10000610351562,130.10000610351562,130.0,130.0,130.0,71871
2026-08-10 14:13:00,130.0,130.10000610351562,130.0,130.0,130.0,24700
2026-08-10 14:14:00,130.0,130.0,130.0,130.0,130.0,8659
2026-08-10 14:15:00,130.0,130.0,130.0,130.0,130.0,350
2026-08-10 14:16:00,130.10000610351562,130.10000610351562,130.0,130.0,130.0,450
2026-08-10 14:17:00,130.0,130.0,129.89999389648438,129.89999389648438,129.89999389648438,21200
2026-08-10 14:18:00,129.89999389648438,129.89999389648438,129.89999389648438,129.89999389648438,129.89999389648438,100
2026-08-10 14:19:00,129.89999389648438,130.0,129.89999389648438,129.89999389648438,129.89999389648438,800
2026-08-10 14:20:00,129.89999389648438,130.0,129.89999389648438,130.0,130.0,1800
2026-08-10 14:21:00,129.89999389648438,130.0,129.89999389648438,129.89999389648438,129.89999389648438,1900
2026-08-10 14:22:00,129.89999389648438,129.89999389648438,129.89999389648438,129.89999389648438,129.89999389648438,2350
2026-08-10 14:23:00,130.0,130.0,129.89999389648438,129.89999389648438,129.89999389648438,10308
2026-08-10 14:24:00,129.89999389648438,129.89999389648438,129.89999389648438,129.89999389648438,129.89999389648438,2650
2026-08-10 14:25:00,129.89999389648438,130.0,129.89999389648438,130.0,130.0,3650
2026-08-10 14:26:00,129.89999389648438,130.0,129.89999389648438,129.89999389648438,129.89999389648438,7009
2026-08-10 14:27:00,130.0,130.0,129.89999389648438,130.0,130.0,3800
2026-08-10 14:28:00,129.89999389648438,130.0,129.89999389648438,129.89999389648438,129.89999389648438,3750
2026-08-10 14:29:00,129.89999389648438,130.0,129.89999389648438,129.89999389648438,129.89999389648438,4200
2026-08-10 14:30:00,130.0,130.0,129.89999389648438,130.0,130.0,24328
2026-08-10 14:31:00,130.0,130.0,129.89999389648438,130.0,130.0,900
2026-08-10 14:32:00,129.89999389648438,130.0,129.89999389648438,130.0,130.0,1650
2026-08-10 14:33:00,129.89999389648438,130.0,129.89999389648438,129.89999389648438,129.89999389648438,6250
2026-08-10 14:34:00,130.0,130.0,129.89999389648438,129.89999389648438,129.89999389648438,1795
2026-08-10 14:35:00,130.0,130.0,129.89999389648438,129.89999389648438,129.89999389648438,2400
2026-08-10 14:36:00,130.0,130.0,129.89999389648438,130.0,130.0,5650
2026-08-10 14:37:00,130.0,130.0,129.89999389648438,129.89999389648438,129.89999389648438,2050
2026-08-10 14:38:00,130.0,130.0,129.89999389648438,130.0,130.0,2304
2026-08-10 14:39:00,130.0,130.0,129.89999389648438,129.89999389648438,129.89999389648438,5550
2026-08-10 14:40:00,129.89999389648438,129.89999389648438,129.8000030517578,129.8000030517578,129.8000030517578,38159
2026-08-10 14:41:00,129.89999389648438,129.89999389648438,129.8000030517578,129.8000030517578,129.8000030517578,5650
2026-08-10 14:42:00,129.8000030517578,129.89999389648438,129.8000030517578,129.89999389648438,129.89999389648438,28600
2026-08-10 14:43:00,129.89999389648438,130.0,129.89999389648438,130.0,130.0,7850
2026-08-10 14:44:00,129.89999389648438,130.0,129.8000030517578,129.89999389648438,129.89999389648438,18550
2026-08-10 14:45:00,129.8000030517578,129.89999389648438,129.8000030517578,129.89999389648438,129.89999389648438,1300
2026-08-10 14:46:00,129.89999389648438,129.89999389648438,129.8000030517578,129.89999389648438,129.89999389648438,1200
2026-08-10 14:47:00,129.89999389648438,129.89999389648438,129.8000030517578,129.89999389648438,129.89999389648438,11400
2026-08-10 14:48:00,129.89999389648438,129.89999389648438,129.8000030517578,129.89999389648438,129.89999389648438,1004
2026-08-10 14:50:00,129.89999389648438,129.89999389648438,129.8000030517578,129.8000030517578,129.8000030517578,7700
2026-08-10 14:51:00,129.8000030517578,129.89999389648438,129.8000030517578,129.8000030517578,129.8000030517578,2100
2026-08-10 14:52:00,129.89999389648438,129.89999389648438,129.8000030517578,129.89999389648438,129.89999389648438,1150
2026-08-10 14:53:00,129.8000030517578,129.89999389648438,129.6999969482422,129.8000030517578,129.8000030517578,29200
2026-08-10 14:54:00,129.8000030517578,129.89999389648438,129.6999969482422,129.8000030517578,129.8000030517578,37300
2026-08-10 14:55:00,129.8000030517578,129.89999389648438,129.8000030517578,129.89999389648438,129.89999389648438,500
2026-08-10 14:56:00,129.8000030517578,129.89999389648438,129.8000030517578,129.8000030517578,129.8000030517578,5954
2026-08-10 14:57:00,129.8000030517578,129.89999389648438,129.8000030517578,129.8000030517578,129.8000030517578,5850
2026-08-10 14:58:00,129.8000030517578,129.89999389648438,129.8000030517578,129.89999389648438,129.89999389648438,31600
2026-08-10 14:59:00,130.0,130.0,130.0,130.0,130.0,1796
2026-08-10 15:00:00,130.0,130.0,129.89999389648438,130.0,130.0,38800
2026-08-10 15:01:00,130.10000610351562,130.10000610351562,130.0,130.0,130.0,9000
2026-08-10 15:02:00,130.10000610351562,130.10000610351562,130.0,130.0,130.0,850
2026-08-10 15:03:00,130.10000610351562,130.10000610351562,130.0,130.10000610351562,130.10000610351562,43100
2026-08-10 15:04:00,130.10000610351562,130.10000610351562,130.10000610351562,130.10000610351562,130.10000610351562,1850
2026-08-10 15:05:00,130.10000610351562,130.10000610351562,130.10000610351562,130.10000610351562,130.10000610351562,2250
2026-08-10 15:06:00,130.10000610351562,130.10000610351562,130.10000610351562,130.10000610351562,130.10000610351562,1850
2026-08-10 15:07:00,130.0,130.10000610351562,130.0,130.10000610351562,130.10000610351562,900
2026-08-10 15:08:00,130.10000610351562,130.10000610351562,130.0,130.10000610351562,130.10000610351562,1800
2026-08-10 15:09:00,130.10000610351562,130.10000610351562,130.0,130.0,130.0,19050
2026-08-10 15:10:00,130.0,130.10000610351562,129.89999389648438,129.89999389648438,129.89999389648438,38750
2026-08-10 15:11:00,129.89999389648438,129.89999389648438,129.8000030517578,129.89999389648438,129.89999389648438,47700
2026-08-10 15:12:00,129.8000030517578,129.89999389648438,129.8000030517578,129.8000030517578,129.8000030517578,1607
2026-08-10 15:13:00,129.8000030517578,129.8000030517578,129.8000030517578,129.8000030517578,129.8000030517578,2200
2026-08-10 15:14:00,129.89999389648438,129.89999389648438,129.8000030517578,129.89999389648438,129.89999389648438,1159
2026-08-10 15:15:00,129.8000030517578,129.89999389648438,129.8000030517578,129.89999389648438,129.89999389648438,31550
2026-08-10 15:16:00,130.0,130.0,130.0,130.0,130.0,250
2026-08-10 15:17:00,130.0,130.0,129.89999389648438,129.89999389648438,129.89999389648438,729
2026-08-10 15:18:00,130.0,130.10000610351562,129.89999389648438,130.0,130.0,60350
2026-08-10 15:19:00,130.10000610351562,130.10000610351562,130.10000610351562,130.10000610351562,130.10000610351562,550
2026-08-10 15:20:00,130.10000610351562,130.10000610351562,130.0,130.10000610351562,130.10000610351562,5350
2026-08-10 15:21:00,130.10000610351562,130.10000610351562,130.0,130.0,130.0,6302
2026-08-10 15:22:00,130.0,130.1999969482422,130.0,130.10000610351562,130.10000610351562,151969
2026-08-10 15:23:00,130.1999969482422,130.1999969482422,130.10000610351562,130.1999969482422,130.1999969482422,93518
2026-08-10 15:24:00,130.1999969482422,130.1999969482422,130.1999969482422,130.1999969482422,130.1999969482422,1750
2026-08-10 15:25:00,130.1999969482422,130.1999969482422,130.1999969482422,130.1999969482422,130.1999969482422,1478
2026-08-10 15:26:00,130.1999969482422,130.1999969482422,130.10000610351562,130.1999969482422,130.1999969482422,24654
2026-08-10 15:27:00,130.1999969482422,130.1999969482422,130.10000610351562,130.10000610351562,130.10000610351562,2750
2026-08-10 15:28:00,130.10000610351562,130.10000610351562,130.10000610351562,130.10000610351562,130.10000610351562,2500
2026-08-10 15:29:00,130.10000610351562,130.10000610351562,130.0,130.0,130.0,37000
2026-08-10 15:30:00,130.0,130.10000610351562,130.0,130.0,130.0,7850
2026-08-10 15:31:00,130.10000610351562,130.10000610351562,130.0,130.10000610351562,130.10000610351562,52250
2026-08-10 15:32:00,130.10000610351562,130.10000610351562,130.10000610351562,130.10000610351562,130.10000610351562,6350
2026-08-10 15:33:00,130.1999969482422,130.1999969482422,130.0,130.0,130.0,22200
2026-08-10 15:34:00,130.0,130.0,130.0,130.0,130.0,3700
2026-08-10 15:35:00,130.0,130.0,130.0,130.0,130.0,7500
2026-08-10 15:36:00,130.0,130.0,130.0,130.0,130.0,7819
2026-08-10 15:37:00,130.0,130.10000610351562,130.0,130.0,130.0,7300
2026-08-10 15:38:00,130.0,130.10000610351562,130.0,130.10000610351562,130.10000610351562,78504
2026-08-10 15:39:00,130.10000610351562,130.1999969482422,130.10000610351562,130.10000610351562,130.10000610351562,9250
2026-08-10 15:40:00,130.10000610351562,130.1999969482422,130.10000610351562,130.10000610351562,130.10000610351562,4950
2026-08-10 15:41:00,130.1999969482422,130.1999969482422,130.10000610351562,130.10000610351562,130.10000610351562,4150
2026-08-10 15:42:00,130.1999969482422,130.1999969482422,130.10000610351562,130.1999969482422,130.1999969482422,18200
2026-08-10 15:43:00,130.10000610351562,130.1999969482422,130.10000610351562,130.10000610351562,130.10000610351562,7900
2026-08-10 15:44:00,130.10000610351562,130.1999969482422,130.10000610351562,130.1999969482422,130.1999969482422,4851
2026-08-10 15:45:00,130.10000610351562,130.1999969482422,130.10000610351562,130.10000610351562,130.10000610351562,12550
2026-08-10 15:46:00,130.10000610351562,130.1999969482422,130.10000610351562,130.10000610351562,130.10000610351562,14950
2026-08-10 15:47:00,130.10000610351562,130.1999969482422,130.10000610351562,130.10000610351562,130.10000610351562,76469
2026-08-10 15:48:00,130.10000610351562,130.10000610351562,130.10000610351562,130.10000610351562,130.10000610351562,10900
2026-08-10 15:49:00,130.10000610351562,130.1999969482422,130.10000610351562,130.10000610351562,130.10000610351562,18650
2026-08-10 15:50:00,130.10000610351562,130.1999969482422,130.10000610351562,130.1999969482422,130.1999969482422,19095
2026-08-10 15:51:00,130.10000610351562,130.1999969482422,130.10000610351562,130.10000610351562,130.10000610351562,17945
2026-08-10 15:52:00,130.10000610351562,130.1999969482422,130.10000610351562,130.10000610351562,130.10000610351562,25550
2026-08-10 15:53:00,130.10000610351562,130.10000610351562,130.0,130.0,130.0,65400
2026-08-10 15:54:00,130.10000610351562,130.3000030517578,130.0,130.3000030517578,130.3000030517578,170700
2026-08-10 15:55:00,130.3000030517578,130.3000030517578,130.1999969482422,130.1999969482422,130.1999969482422,8673
2026-08-10 15:56:00,130.3000030517578,130.5,130.1999969482422,130.5,130.5,128156
2026-08-10 15:57:00,130.5,130.5,130.39999389648438,130.5,130.5,10612
2026-08-10 15:58:00,130.39999389648438,130.5,130.39999389648438,130.5,130.5,37713
2026-08-10 15:59:00,130.5,130.60000610351562,130.39999389648438,130.5,130.5,90409
2026-08-10 16:08:00,130.39999389648438,130.39999389648438,130.39999389648438,130.39999389648438,130.39999389648438,583400
2026-08-11 09:30:00,130.3000030517578,130.39999389648438,128.60000610351562,128.8000030517578,128.8000030517578,195148
2026-08-11 09:31:00,128.6999969482422,129.1999969482422,128.6999969482422,128.89999389648438,128.89999389648438,50281
2026-08-11 09:32:00,128.89999389648438,129.10000610351562,128.89999389648438,129.0,129.0,55955
2026-08-11 09:33:00,128.89999389648438,129.39999389648438,128.89999389648438,129.39999389648438,129.39999389648438,38473
2026-08-11 09:34:00,129.39999389648438,129.39999389648438,129.3000030517578,129.3000030517578,129.3000030517578,35950
2026-08-11 09:35:00,129.1999969482422,129.1999969482422,129.0,129.0,129.0,11800
2026-08-11 09:36:00,129.10000610351562,129.10000610351562,128.89999389648438,128.89999389648438,128.89999389648438,7200
2026-08-11 09:37:00,128.89999389648438,129.0,128.6999969482422,128.89999389648438,128.89999389648438,34000
2026-08-11 09:38:00,129.0,129.6999969482422,129.0,129.5,129.5,129207
2026-08-11 09:39:00,129.5,129.60000610351562,129.5,129.5,129.5,1124
2026-08-11 09:40:00,129.5,129.6999969482422,129.5,129.60000610351562,129.60000610351562,19404
2026-08-11 09:41:00,129.5,129.5,129.39999389648438,129.39999389648438,129.39999389648438,1700
2026-08-11 09:42:00,129.39999389648438,129.39999389648438,129.3000030517578,129.3000030517578,129.3000030517578,3050
2026-08-11 09:43:00,129.1999969482422,129.3000030517578,128.89999389648438,128.89999389648438,128.89999389648438,6132
2026-08-11 09:44:00,128.89999389648438,129.10000610351562,128.89999389648438,129.0,129.0,22370
2026-08-11 09:45:00,129.0,129.1999969482422,128.89999389648438,129.0,129.0,31600
2026-08-11 09:46:00,129.0,129.0,128.89999389648438,128.89999389648438,128.89999389648438,9809
2026-08-11 09:47:00,128.89999389648438,129.0,128.89999389648438,128.89999389648438,128.89999389648438,11700
2026-08-11 09:48:00,128.8000030517578,128.8000030517578,128.6999969482422,128.6999969482422,128.6999969482422,13500
2026-08-11 09:49:00,128.6999969482422,128.89999389648438,128.6999969482422,128.89999389648438,128.89999389648438,9800
2026-08-11 09:50:00,128.8000030517578,128.8000030517578,128.60000610351562,128.60000610351562,128.60000610351562,4150
2026-08-11 09:51:00,128.6999969482422,128.89999389648438,128.6999969482422,128.8000030517578,128.8000030517578,62850
2026-08-11 09:52:00,128.8000030517578,128.8000030517578,128.6999969482422,128.6999969482422,128.6999969482422,43051
2026-08-11 09:53:00,128.6999969482422,128.89999389648438,128.6999969482422,128.6999969482422,128.6999969482422,30855
2026-08-11 09:54:00,128.60000610351562,128.60000610351562,128.39999389648438,128.39999389648438,128.39999389648438,10122
2026-08-11 09:55:00,128.5,128.6999969482422,128.5,128.6999969482422,128.6999969482422,20300
2026-08-11 09:56:00,128.8000030517578,128.8000030517578,128.5,128.5,128.5,2900
2026-08-11 09:57:00,128.60000610351562,128.60000610351562,128.39999389648438,128.39999389648438,128.39999389648438,733
2026-08-11 09:58:00,128.5,128.5,128.3000030517578,128.3000030517578,128.3000030517578,25450
2026-08-11 09:59:00,128.3000030517578,128.39999389648438,128.3000030517578,128.3000030517578,128.3000030517578,2550
2026-08-11 10:00:00,128.3000030517578,128.3000030517578,128.0,128.0,128.0,17651
2026-08-11 10:01:00,128.0,128.0,127.8000030517578,127.8000030517578,127.8000030517578,27750
2026-08-11 10:02:00,127.9000015258789,128.0,127.6999969482422,127.8000030517578,127.8000030517578,51519
2026-08-11 10:03:00,127.8000030517578,127.8000030517578,127.6999969482422,127.6999969482422,127.6999969482422,20500
2026-08-11 10:04:00,127.6999969482422,127.8000030517578,127.6999969482422,127.8000030517578,127.8000030517578,9850
2026-08-11 10:05:00,127.8000030517578,128.10000610351562,127.6999969482422,128.0,128.0,58738
2026-08-11 10:06:00,128.10000610351562,128.39999389648438,128.10000610351562,128.3000030517578,128.3000030517578,44000
2026-08-11 10:07:00,128.1999969482422,128.3000030517578,128.10000610351562,128.10000610351562,128.10000610351562,9265
2026-08-11 10:08:00,128.10000610351562,128.10000610351562,128.0,128.0,128.0,13900
2026-08-11 10:09:00,128.10000610351562,128.3000030517578,128.0,128.1999969482422,128.1999969482422,28800
2026-08-11 10:10:00,128.1999969482422,128.3000030517578,128.10000610351562,128.1999969482422,128.1999969482422,16450
2026-08-11 10:11:00,128.10000610351562,128.3000030517578,128.10000610351562,128.3000030517578,128.3000030517578,6400
2026-08-11 10:12:00,128.3000030517578,128.3000030517578,128.1999969482422,128.3000030517578,128.3000030517578,900
2026-08-11 10:13:00,128.3000030517578,128.3000030517578,128.10000610351562,128.10000610351562,128.10000610351562,3600
2026-08-11 10:14:00,128.1999969482422,128.1999969482422,128.10000610351562,128.10000610351562,128.10000610351562,2150
2026-08-11 10:15:00,128.10000610351562,128.1999969482422,128.0,128.10000610351562,128.10000610351562,24900
2026-08-11 10:16:00,128.10000610351562,128.10000610351562,128.0,128.10000610351562,128.10000610351562,6950
2026-08-11 10:17:00,128.10000610351562,128.10000610351562,128.0,128.10000610351562,128.10000610351562,2519
2026-08-11 10:18:00,128.1999969482422,128.1999969482422,128.10000610351562,128.10000610351562,128.10000610351562,450
2026-08-11 10:19:00,128.10000610351562,128.1999969482422,128.0,128.10000610351562,128.10000610351562,16900
2026-08-11 10:20:00,128.1999969482422,128.1999969482422,128.0,128.0,128.0,600
2026-08-11 10:21:00,128.10000610351562,128.10000610351562,128.0,128.0,128.0,8200
2026-08-11 10:22:00,128.10000610351562,128.10000610351562,128.0,128.10000610351562,128.10000610351562,1150
2026-08-11 10:23:00,128.10000610351562,128.10000610351562,128.10000610351562,128.10000610351562,128.10000610351562,450
2026-08-11 10:24:00,128.10000610351562,128.10000610351562,127.9000015258789,127.9000015258789,127.9000015258789,5750
2026-08-11 10:25:00,128.0,128.0,127.8000030517578,127.8000030517578,127.8000030517578,17950
2026-08-11 10:26:00,127.9000015258789,127.9000015258789,127.6999969482422,127.6999969482422,127.6999969482422,5200
2026-08-11 10:27:00,127.8000030517578,127.8000030517578,127.5999984741211,127.5999984741211,127.5999984741211,6500
2026-08-11 10:28:00,127.5999984741211,127.6999969482422,127.5,127.5,127.5,11950
2026-08-11 10:29:00,127.5999984741211,127.5999984741211,127.3000030517578,127.3000030517578,127.3000030517578,15850
2026-08-11 10:30:00,127.3000030517578,127.4000015258789,127.1999969482422,127.1999969482422,127.1999969482422,61050
2026-08-11 10:31:00,127.1999969482422,127.3000030517578,127.0999984741211,127.1999969482422,127.1999969482422,12585
2026-08-11 10:32:00,127.1999969482422,127.1999969482422,127.1999969482422,127.1999969482422,127.1999969482422,15700
2026-08-11 10:33:00,127.3000030517578,127.3000030517578,127.0,127.0,127.0,94750
2026-08-11 10:34:00,127.0999984741211,127.1999969482422,127.0,127.0999984741211,127.0999984741211,47454
2026-08-11 10:35:00,127.0999984741211,127.3000030517578,127.0999984741211,127.1999969482422,127.1999969482422,48150
2026-08-11 10:36:00,127.3000030517578,127.3000030517578,127.3000030517578,127.3000030517578,127.3000030517578,750
2026-08-11 10:37:00,127.3000030517578,127.4000015258789,127.0999984741211,127.0999984741211,127.0999984741211,50619
2026-08-11 10:38:00,127.0999984741211,127.1999969482422,127.0999984741211,127.0999984741211,127.0999984741211,18350
2026-08-11 10:39:00,127.0999984741211,127.1999969482422,127.0999984741211,127.1999969482422,127.1999969482422,1830
2026-08-11 10:40:00,127.0999984741211,127.1999969482422,127.0,127.0,127.0,5959
2026-08-11 10:41:00,127.0,127.0999984741211,127.0,127.0,127.0,1850
2026-08-11 10:42:00,127.0999984741211,127.0999984741211,127.0,127.0999984741211,127.0999984741211,998
2026-08-11 10:43:00,127.0999984741211,127.0999984741211,126.9000015258789,126.9000015258789,126.9000015258789,21100
2026-08-11 10:44:00,127.0,127.0,126.8000030517578,126.8000030517578,126.8000030517578,8554
2026-08-11 10:45:00,126.9000015258789,127.0,126.9000015258789,126.9000015258789,126.9000015258789,19700
2026-08-11 10:46:00,126.9000015258789,127.0999984741211,126.9000015258789,127.0999984741211,127.0999984741211,22600
2026-08-11 10:47:00,127.0999984741211,127.0999984741211,127.0,127.0999984741211,127.0999984741211,450
2026-08-11 10:48:00,127.0999984741211,127.0999984741211,126.9000015258789,126.9000015258789,126.9000015258789,32685
2026-08-11 10:49:00,127.0,127.0999984741211,127.0,127.0,127.0,8250
2026-08-11 10:50:00,127.0999984741211,127.0999984741211,127.0,127.0,127.0,1150
2026-08-11 10:51:00,127.0,127.0,127.0,127.0,127.0,150
2026-08-11 10:52:00,127.0,127.0,127.0,127.0,127.0,400
2026-08-11 10:53:00,127.0,127.0999984741211,127.0,127.0,127.0,500
2026-08-11 10:54:00,127.0,127.0999984741211,126.8000030517578,127.0999984741211,127.0999984741211,65350
2026-08-11 10:55:00,127.1999969482422,127.1999969482422,127.0999984741211,127.0999984741211,127.0999984741211,1400
2026-08-11 10:56:00,127.0999984741211,127.1999969482422,127.0999984741211,127.0999984741211,127.0999984741211,3350
2026-08-11 10:57:00,127.0999984741211,127.0999984741211,127.0999984741211,127.0999984741211,127.0999984741211,350
2026-08-11 10:58:00,127.0,127.0999984741211,127.0,127.0999984741211,127.0999984741211,400
2026-08-11 10:59:00,127.0999984741211,127.0999984741211,127.0,127.0999984741211,127.0999984741211,2150
2026-08-11 11:00:00,127.0,127.0999984741211,126.8000030517578,126.8000030517578,126.8000030517578,31251
2026-08-11 11:01:00,127.0,127.0,126.8000030517578,126.9000015258789,126.9000015258789,450
2026-08-11 11:02:00,126.8000030517578,126.9000015258789,126.8000030517578,126.9000015258789,126.9000015258789,1300
2026-08-11 11:03:00,126.9000015258789,126.9000015258789,126.8000030517578,126.9000015258789,126.9000015258789,1700
2026-08-11 11:04:00,126.8000030517578,127.1999969482422,126.8000030517578,127.1999969482422,127.1999969482422,55204
2026-08-11 11:05:00,127.1999969482422,127.1999969482422,127.0999984741211,127.0999984741211,127.0999984741211,2300
2026-08-11 11:06:00,127.0999984741211,127.3000030517578,127.0999984741211,127.3000030517578,127.3000030517578,11050
2026-08-11 11:07:00,127.3000030517578,127.3000030517578,127.3000030517578,127.3000030517578,127.3000030517578,400
2026-08-11 11:08:00,127.3000030517578,127.4000015258789,127.3000030517578,127.4000015258789,127.4000015258789,5163
2026-08-11 11:09:00,127.4000015258789,127.4000015258789,127.3000030517578,127.3000030517578,127.3000030517578,950
2026-08-11 11:10:00,127.3000030517578,127.4000015258789,127.1999969482422,127.1999969482422,127.1999969482422,16950
2026-08-11 11:11:00,127.1999969482422,127.3000030517578,127.1999969482422,127.1999969482422,127.1999969482422,1500
2026-08-11 11:12:00,127.3000030517578,127.3000030517578,127.1999969482422,127.1999969482422,127.1999969482422,1100
2026-08-11 11:13:00,127.1999969482422,127.4000015258789,127.0999984741211,127.0999984741211,127.0999984741211,55850
2026-08-11 11:14:00,127.0,127.1999969482422,127.0,127.0999984741211,127.0999984741211,18650
2026-08-11 11:15:00,127.0999984741211,127.1999969482422,127.0999984741211,127.0999984741211,127.0999984741211,8850
2026-08-11 11:16:00,127.0999984741211,127.1999969482422,127.0,127.0999984741211,127.0999984741211,3200
2026-08-11 11:17:00,127.0999984741211,127.0999984741211,127.0,127.0999984741211,127.0999984741211,1350
2026-08-11 11:18:00,127.0999984741211,127.1999969482422,127.0,127.1999969482422,127.1999969482422,14800
2026-08-11 11:19:00,127.0999984741211,127.1999969482422,127.0999984741211,127.0999984741211,127.0999984741211,3200
2026-08-11 11:20:00,127.0999984741211,127.1999969482422,127.0999984741211,127.0999984741211,127.0999984741211,1181
2026-08-11 11:21:00,127.0999984741211,127.0999984741211,127.0999984741211,127.0999984741211,127.0999984741211,1100
2026-08-11 11:22:00,127.0999984741211,127.1999969482422,127.0,127.1999969482422,127.1999969482422,14900
2026-08-11 11:23:00,127.0999984741211,127.1999969482422,127.0999984741211,127.0999984741211,127.0999984741211,1600
2026-08-11 11:24:00,127.1999969482422,127.1999969482422,127.0,127.0,127.0,10801
2026-08-11 11:25:00,127.0999984741211,127.0999984741211,127.0999984741211,127.0999984741211,127.0999984741211,5450
2026-08-11 11:26:00,127.0999984741211,127.0999984741211,127.0,127.0,127.0,1750
2026-08-11 11:27:00,127.0,127.1999969482422,127.0,127.1999969482422,127.1999969482422,28300
2026-08-11 11:28:00,127.1999969482422,127.1999969482422,127.1999969482422,127.1999969482422,127.1999969482422,750
2026-08-11 11:29:00,127.1999969482422,127.1999969482422,127.0999984741211,127.0999984741211,127.0999984741211,1250
2026-08-11 11:30:00,127.0999984741211,127.0999984741211,127.0,127.0999984741211,127.0999984741211,13940
2026-08-11 11:31:00,127.0999984741211,127.0999984741211,127.0,127.0,127.0,550
2026-08-11 11:32:00,127.0999984741211,127.0999984741211,126.9000015258789,126.9000015258789,126.9000015258789,25700
2026-08-11 11:33:00,126.9000015258789,127.0,126.9000015258789,127.0,127.0,15400
2026-08-11 11:34:00,127.0,127.0,127.0,127.0,127.0,550
2026-08-11 11:35:00,126.9000015258789,127.0,126.9000015258789,126.9000015258789,126.9000015258789,2500
2026-08-11 11:36:00,126.9000015258789,127.0,126.9000015258789,126.9000015258789,126.9000015258789,4250
2026-08-11 11:37:00,127.0,127.0,126.9000015258789,126.9000015258789,126.9000015258789,1050
2026-08-11 11:38:00,126.9000015258789,127.0999984741211,126.9000015258789,127.0,127.0,35750
2026-08-11 11:39:00,127.0999984741211,127.0999984741211,127.0,127.0,127.0,5961
2026-08-11 11:40:00,127.0,127.0,126.9000015258789,127.0,127.0,2100
2026-08-11 11:41:00,126.9000015258789,127.0,126.8000030517578,126.8000030517578,126.8000030517578,13000
2026-08-11 11:42:00,126.9000015258789,126.9000015258789,126.9000015258789,126.9000015258789,126.9000015258789,3650
2026-08-11 11:43:00,126.9000015258789,126.9000015258789,126.8000030517578,126.8000030517578,126.8000030517578,404
2026-08-11 11:44:00,126.9000015258789,126.9000015258789,126.6999969482422,126.8000030517578,126.8000030517578,27750
2026-08-11 11:45:00,126.8000030517578,126.9000015258789,126.6999969482422,126.8000030517578,126.8000030517578,44150
2026-08-11 11:46:00,126.8000030517578,126.8000030517578,126.8000030517578,126.8000030517578,126.8000030517578,3150
2026-08-11 11:47:00,126.8000030517578,127.0,126.8000030517578,126.9000015258789,126.9000015258789,23100
2026-08-11 11:48:00,127.0,127.0,127.0,127.0,127.0,100
2026-08-11 11:49:00,127.0,127.0,127.0,127.0,127.0,1050
2026-08-11 11:50:00,127.0,127.0,126.9000015258789,126.9000015258789,126.9000015258789,6950
2026-08-11 11:51:00,126.9000015258789,126.9000015258789,126.8000030517578,126.8000030517578,126.8000030517578,2900
2026-08-11 11:52:00,126.8000030517578,127.0,126.8000030517578,127.0,127.0,10000
2026-08-11 11:53:00,126.9000015258789,127.0,126.9000015258789,127.0,127.0,1800
2026-08-11 11:54:00,127.0,127.0,126.9000015258789,126.9000015258789,126.9000015258789,300
2026-08-11 11:55:00,127.0,127.0,126.9000015258789,126.9000015258789,126.9000015258789,250
2026-08-11 11:56:00,127.0,127.0,126.8000030517578,126.9000015258789,126.9000015258789,9850
2026-08-11 11:57:00,126.9000015258789,126.9000015258789,126.8000030517578,126.8000030517578,126.8000030517578,1600
2026-08-11 11:58:00,126.9000015258789,126.9000015258789,126.8000030517578,126.9000015258789,126.9000015258789,3750
2026-08-11 11:59:00,126.8000030517578,126.9000015258789,126.8000030517578,126.8000030517578,126.8000030517578,2504
2026-08-11 13:00:00,126.9000015258789,127.1999969482422,126.8000030517578,126.8000030517578,126.8000030517578,199500
2026-08-11 13:01:00,126.8000030517578,127.0999984741211,126.6999969482422,127.0,127.0,81647
2026-08-11 13:02:00,127.0999984741211,127.0999984741211,127.0,127.0,127.0,3814
2026-08-11 13:03:00,127.0,127.0,126.9000015258789,126.9000015258789,126.9000015258789,850
2026-08-11 13:04:00,127.0,127.0,126.9000015258789,126.9000015258789,126.9000015258789,3650
2026-08-11 13:05:00,126.9000015258789,126.9000015258789,126.8000030517578,126.8000030517578,126.8000030517578,7600
2026-08-11 13:06:00,126.8000030517578,126.9000015258789,126.6999969482422,126.9000015258789,126.9000015258789,11900
2026-08-11 13:07:00,126.8000030517578,126.8000030517578,126.6999969482422,126.6999969482422,126.6999969482422,6400
2026-08-11 13:08:00,126.8000030517578,126.8000030517578,126.6999969482422,126.8000030517578,126.8000030517578,700
2026-08-11 13:09:00,126.8000030517578,126.8000030517578,126.6999969482422,126.8000030517578,126.8000030517578,700
2026-08-11 13:10:00,126.8000030517578,126.8000030517578,126.6999969482422,126.6999969482422,126.6999969482422,1500
2026-08-11 13:11:00,126.8000030517578,126.9000015258789,126.6999969482422,126.8000030517578,126.8000030517578,36600
2026-08-11 13:12:00,126.8000030517578,126.9000015258789,126.8000030517578,126.8000030517578,126.8000030517578,2000
2026-08-11 13:13:00,126.8000030517578,126.8000030517578,126.6999969482422,126.6999969482422,126.6999969482422,1200
2026-08-11 13:14:00,126.6999969482422,126.8000030517578,126.6999969482422,126.6999969482422,126.6999969482422,2400
2026-08-11 13:15:00,126.8000030517578,126.8000030517578,126.5999984741211,126.5999984741211,126.5999984741211,106850
2026-08-11 13:16:00,126.6999969482422,126.6999969482422,126.5999984741211,126.5999984741211,126.5999984741211,250
2026-08-11 13:17:00,126.6999969482422,126.6999969482422,126.6999969482422,126.6999969482422,126.6999969482422,100
2026-08-11 13:18:00,126.6999969482422,126.6999969482422,126.6999969482422,126.6999969482422,126.6999969482422,1000
2026-08-11 13:19:00,126.6999969482422,126.6999969482422,126.6999969482422,126.6999969482422,126.6999969482422,200
2026-08-11 13:20:00,126.6999969482422,126.6999969482422,126.5,126.5,126.5,29450
2026-08-11 13:21:00,126.5,126.5999984741211,126.5,126.5,126.5,2900
2026-08-11 13:22:00,126.5999984741211,126.5999984741211,126.5999984741211,126.5999984741211,126.5999984741211,350
2026-08-11 13:23:00,126.5,126.5999984741211,126.5,126.5,126.5,1000
2026-08-11 13:24:00,126.5,126.5999984741211,126.4000015258789,126.5,126.5,58150
2026-08-11 13:25:00,126.5,126.5999984741211,126.5,126.5,126.5,3600
2026-08-11 13:26:00,126.5999984741211,126.5999984741211,126.5,126.5,126.5,2900
2026-08-11 13:27:00,126.5,126.5999984741211,126.5,126.5999984741211,126.5999984741211,10109
2026-08-11 13:28:00,126.5999984741211,126.9000015258789,126.5999984741211,126.8000030517578,126.8000030517578,113800
2026-08-11 13:29:00,126.8000030517578,126.9000015258789,126.8000030517578,126.9000015258789,126.9000015258789,300
2026-08-11 13:30:00,126.8000030517578,126.8000030517578,126.5999984741211,126.5999984741211,126.5999984741211,13550
2026-08-11 13:31:00,126.5999984741211,126.6999969482422,126.5999984741211,126.5999984741211,126.5999984741211,1150
2026-08-11 13:32:00,126.6999969482422,126.6999969482422,126.5999984741211,126.6999969482422,126.6999969482422,1353
2026-08-11 13:33:00,126.6999969482422,126.6999969482422,126.5999984741211,126.5999984741211,126.5999984741211,1300
2026-08-11 13:34:00,126.6999969482422,126.6999969482422,126.5999984741211,126.5999984741211,126.5999984741211,1150
2026-08-11 13:35:00,126.6999969482422,126.6999969482422,126.5999984741211,126.5999984741211,126.5999984741211,2750
2026-08-11 13:36:00,126.5999984741211,126.6999969482422,126.5999984741211,126.5999984741211,126.5999984741211,3200
2026-08-11 13:37:00,126.5999984741211,126.6999969482422,126.5999984741211,126.6999969482422,126.6999969482422,150
2026-08-11 13:38:00,126.6999969482422,126.6999969482422,126.5999984741211,126.5999984741211,126.5999984741211,2300
2026-08-11 13:39:00,126.5999984741211,126.8000030517578,126.5999984741211,126.6999969482422,126.6999969482422,55650
2026-08-11 13:40:00,126.8000030517578,126.8000030517578,126.8000030517578,126.8000030517578,126.8000030517578,100
2026-08-11 13:41:00,126.8000030517578,126.8000030517578,126.6999969482422,126.6999969482422,126.6999969482422,8450
2026-08-11 13:42:00,126.6999969482422,126.6999969482422,126.6999969482422,126.6999969482422,126.6999969482422,550
2026-08-11 13:43:00,126.6999969482422,126.6999969482422,126.5999984741211,126.5999984741211,126.5999984741211,450
2026-08-11 13:44:00,126.6999969482422,126.6999969482422,126.5999984741211,126.5999984741211,126.5999984741211,6400
2026-08-11 13:45:00,126.5999984741211,126.6999969482422,126.5999984741211,126.5999984741211,126.5999984741211,1800
2026-08-11 13:46:00,126.6999969482422,126.6999969482422,126.5,126.5,126.5,3300
2026-08-11 13:47:00,126.5999984741211,126.5999984741211,126.5,126.5999984741211,126.5999984741211,14800
2026-08-11 13:48:00,126.5999984741211,126.5999984741211,126.5,126.5,126.5,350
2026-08-11 13:49:00,126.5999984741211,126.5999984741211,126.5,126.5999984741211,126.5999984741211,15050
2026-08-11 13:50:00,126.5,126.5999984741211,126.5,126.5,126.5,6850
2026-08-11 13:51:00,126.5999984741211,126.6999969482422,126.5999984741211,126.5999984741211,126.5999984741211,36650
2026-08-11 13:52:00,126.5999984741211,126.6999969482422,126.5999984741211,126.5999984741211,126.5999984741211,12150
2026-08-11 13:53:00,126.5999984741211,126.5999984741211,126.5,126.5999984741211,126.5999984741211,7100
2026-08-11 13:54:00,126.6999969482422,126.6999969482422,126.5999984741211,126.5999984741211,126.5999984741211,200
2026-08-11 13:55:00,126.6999969482422,126.6999969482422,126.5999984741211,126.5999984741211,126.5999984741211,800
2026-08-11 13:56:00,126.6999969482422,126.6999969482422,126.5999984741211,126.5999984741211,126.5999984741211,1728
2026-08-11 13:57:00,126.5999984741211,126.6999969482422,126.5999984741211,126.6999969482422,126.6999969482422,2850
2026-08-11 13:58:00,126.5999984741211,126.5999984741211,126.5999984741211,126.5999984741211,126.5999984741211,1950
2026-08-11 13:59:00,126.5999984741211,126.6999969482422,126.5,126.6999969482422,126.6999969482422,76033
2026-08-11 14:00:00,126.6999969482422,126.6999969482422,126.5999984741211,126.6999969482422,126.6999969482422,10355
2026-08-11 14:01:00,126.6999969482422,126.8000030517578,126.6999969482422,126.8000030517578,126.8000030517578,55600
2026-08-11 14:02:00,126.8000030517578,126.8000030517578,126.8000030517578,126.8000030517578,126.8000030517578,14750
2026-08-11 14:03:00,126.8000030517578,126.8000030517578,126.8000030517578,126.8000030517578,126.8000030517578,3550
2026-08-11 14:04:00,126.8000030517578,126.8000030517578,126.6999969482422,126.6999969482422,126.6999969482422,150
2026-08-11 14:05:00,126.6999969482422,126.8000030517578,126.6999969482422,126.6999969482422,126.6999969482422,2550
2026-08-11 14:06:00,126.6999969482422,126.8000030517578,126.5999984741211,126.5999984741211,126.5999984741211,27300
2026-08-11 14:07:00,126.6999969482422,126.6999969482422,126.5999984741211,126.6999969482422,126.6999969482422,25500
2026-08-11 14:08:00,126.5999984741211,126.6999969482422,126.5999984741211,126.5999984741211,126.5999984741211,1272
2026-08-11 14:09:00,126.6999969482422,126.6999969482422,126.5999984741211,126.5999984741211,126.5999984741211,810
2026-08-11 14:10:00,126.6999969482422,126.6999969482422,126.5999984741211,126.6999969482422,126.6999969482422,3250
2026-08-11 14:11:00,126.6999969482422,126.6999969482422,126.5999984741211,126.6999969482422,126.6999969482422,1250
2026-08-11 14:12:00,126.5999984741211,126.8000030517578,126.5999984741211,126.8000030517578,126.8000030517578,58818
2026-08-11 14:13:00,126.8000030517578,126.8000030517578,126.8000030517578,126.8000030517578,126.8000030517578,817
2026-08-11 14:14:00,126.6999969482422,126.6999969482422,126.5,126.5999984741211,126.5999984741211,16000
2026-08-11 14:15:00,126.5999984741211,126.5999984741211,126.5,126.5,126.5,1150
2026-08-11 14:16:00,126.5999984741211,126.5999984741211,126.5,126.5,126.5,9850
2026-08-11 14:17:00,126.5999984741211,126.6999969482422,126.5999984741211,126.6999969482422,126.6999969482422,28600
2026-08-11 14:18:00,126.6999969482422,126.6999969482422,126.5999984741211,126.5999984741211,126.5999984741211,1750
2026-08-11 14:19:00,126.6999969482422,126.6999969482422,126.5999984741211,126.5999984741211,126.5999984741211,18850
2026-08-11 14:20:00,126.5999984741211,126.5999984741211,126.5,126.5,126.5,45051
2026-08-11 14:21:00,126.5999984741211,126.5999984741211,126.5999984741211,126.5999984741211,126.5999984741211,1300
2026-08-11 14:22:00,126.5999984741211,126.5999984741211,126.5,126.5,126.5,11900
2026-08-11 14:23:00,126.4000015258789,126.5,126.4000015258789,126.5,126.5,1300
2026-08-11 14:24:00,126.5,126.5,126.4000015258789,126.4000015258789,126.4000015258789,10000
2026-08-11 14:25:00,126.5,126.5,126.4000015258789,126.4000015258789,126.4000015258789,400
2026-08-11 14:26:00,126.5,126.5,126.4000015258789,126.4000015258789,126.4000015258789,14950
2026-08-11 14:27:00,126.4000015258789,126.5,126.4000015258789,126.4000015258789,126.4000015258789,1751
2026-08-11 14:28:00,126.4000015258789,126.5,126.4000015258789,126.4000015258789,126.4000015258789,1700
2026-08-11 14:29:00,126.4000015258789,126.5,126.4000015258789,126.4000015258789,126.4000015258789,7450
2026-08-11 14:30:00,126.4000015258789,126.5,126.4000015258789,126.4000015258789,126.4000015258789,1407
2026-08-11 14:31:00,126.4000015258789,126.5,126.4000015258789,126.4000015258789,126.4000015258789,26500
2026-08-11 14:32:00,126.3000030517578,126.4000015258789,126.3000030517578,126.3000030517578,126.3000030517578,1650
2026-08-11 14:33:00,126.3000030517578,126.4000015258789,126.3000030517578,126.4000015258789,126.4000015258789,3700
2026-08-11 14:34:00,126.3000030517578,126.5,126.3000030517578,126.5,126.5,64050
2026-08-11 14:35:00,126.4000015258789,126.4000015258789,126.3000030517578,126.4000015258789,126.4000015258789,1233
2026-08-11 14:36:00,126.4000015258789,126.4000015258789,126.3000030517578,126.3000030517578,126.3000030517578,600
2026-08-11 14:37:00,126.3000030517578,126.3000030517578,126.3000030517578,126.3000030517578,126.3000030517578,800
2026-08-11 14:38:00,126.3000030517578,126.4000015258789,126.3000030517578,126.4000015258789,126.4000015258789,1669
2026-08-11 14:39:00,126.4000015258789,126.4000015258789,126.3000030517578,126.3000030517578,126.3000030517578,23432
2026-08-11 14:40:00,126.3000030517578,126.4000015258789,126.1999969482422,126.1999969482422,126.1999969482422,30704
2026-08-11 14:41:00,126.1999969482422,126.4000015258789,126.1999969482422,126.4000015258789,126.4000015258789,25950
2026-08-11 14:42:00,126.4000015258789,126.4000015258789,126.3000030517578,126.4000015258789,126.4000015258789,900
2026-08-11 14:43:00,126.3000030517578,126.4000015258789,126.3000030517578,126.4000015258789,126.4000015258789,4500
2026-08-11 14:44:00,126.3000030517578,126.4000015258789,126.3000030517578,126.3000030517578,126.3000030517578,302900
2026-08-11 14:45:00,126.4000015258789,126.4000015258789,126.3000030517578,126.4000015258789,126.4000015258789,8000
2026-08-11 14:46:00,126.3000030517578,126.4000015258789,126.3000030517578,126.4000015258789,126.4000015258789,21150
2026-08-11 14:47:00,126.3000030517578,126.3000030517578,126.0999984741211,126.0999984741211,126.0999984741211,19969
2026-08-11 14:48:00,126.0999984741211,126.1999969482422,126.0999984741211,126.0999984741211,126.0999984741211,1300
2026-08-11 14:49:00,126.1999969482422,126.3000030517578,126.1999969482422,126.1999969482422,126.1999969482422,150695
2026-08-11 14:50:00,126.0999984741211,126.1999969482422,126.0999984741211,126.1999969482422,126.1999969482422,9000
2026-08-11 14:51:00,126.1999969482422,126.1999969482422,126.0999984741211,126.0999984741211,126.0999984741211,850
2026-08-11 14:52:00,126.1999969482422,126.1999969482422,126.0999984741211,126.0999984741211,126.0999984741211,4650
2026-08-11 14:53:00,126.1999969482422,126.1999969482422,126.0999984741211,126.0999984741211,126.0999984741211,4600
2026-08-11 14:54:00,126.1999969482422,126.1999969482422,126.0999984741211,126.1999969482422,126.1999969482422,2800
2026-08-11 14:55:00,126.0999984741211,126.1999969482422,126.0999984741211,126.0999984741211,126.0999984741211,9300
2026-08-11 14:56:00,126.0999984741211,126.1999969482422,126.0999984741211,126.0999984741211,126.0999984741211,4150
2026-08-11 14:57:00,126.0999984741211,126.1999969482422,126.0999984741211,126.0999984741211,126.0999984741211,24757
2026-08-11 14:58:00,126.0,126.0999984741211,126.0,126.0999984741211,126.0999984741211,8450
2026-08-11 14:59:00,126.0999984741211,126.1999969482422,125.9000015258789,126.0,126.0,169300
2026-08-11 15:00:00,125.9000015258789,126.0,125.9000015258789,126.0,126.0,51850
2026-08-11 15:01:00,126.0,126.1999969482422,126.0,126.1999969482422,126.1999969482422,20000
2026-08-11 15:02:00,126.1999969482422,126.1999969482422,126.0,126.0,126.0,42900
2026-08-11 15:03:00,126.0,126.0999984741211,125.9000015258789,125.9000015258789,125.9000015258789,46150
2026-08-11 15:04:00,126.0,126.0,125.9000015258789,125.9000015258789,125.9000015258789,6350
2026-08-11 15:05:00,126.0,126.0999984741211,126.0,126.0999984741211,126.0999984741211,52000
2026-08-11 15:06:00,126.0999984741211,126.0999984741211,126.0999984741211,126.0999984741211,126.0999984741211,6350
2026-08-11 15:07:00,126.0,126.0,125.9000015258789,126.0,126.0,36941
2026-08-11 15:08:00,126.0,126.0,125.9000015258789,125.9000015258789,125.9000015258789,39404
2026-08-11 15:10:00,126.0,126.0,125.9000015258789,126.0,126.0,2500
2026-08-11 15:11:00,126.0,126.0,125.9000015258789,126.0,126.0,2905
2026-08-11 15:12:00,126.0,126.1999969482422,126.0,126.0999984741211,126.0999984741211,70250
2026-08-11 15:13:00,126.0999984741211,126.1999969482422,125.9000015258789,126.0999984741211,126.0999984741211,62700
2026-08-11 15:14:00,126.0,126.0999984741211,126.0,126.0999984741211,126.0999984741211,68600
2026-08-11 15:15:00,126.0,126.0999984741211,126.0,126.0999984741211,126.0999984741211,1000
2026-08-11 15:16:00,126.0999984741211,126.0999984741211,126.0,126.0,126.0,26078
2026-08-11 15:17:00,126.0,126.0999984741211,126.0,126.0999984741211,126.0999984741211,157750
2026-08-11 15:18:00,126.0,126.0999984741211,126.0,126.0999984741211,126.0999984741211,3200
2026-08-11 15:19:00,126.0999984741211,126.0999984741211,125.9000015258789,126.0,126.0,48750
2026-08-11 15:20:00,126.0,126.0999984741211,125.9000015258789,126.0999984741211,126.0999984741211,38055
2026-08-11 15:21:00,126.0,126.0999984741211,126.0,126.0,126.0,1650
2026-08-11 15:22:00,126.0,126.0999984741211,126.0,126.0,126.0,3400
2026-08-11 15:23:00,126.0999984741211,126.0999984741211,125.9000015258789,126.0,126.0,112150
2026-08-11 15:24:00,126.0999984741211,126.1999969482422,126.0,126.0999984741211,126.0999984741211,86052
2026-08-11 15:25:00,126.0999984741211,126.1999969482422,126.0,126.1999969482422,126.1999969482422,58300
2026-08-11 15:26:00,126.0999984741211,126.1999969482422,126.0,126.0,126.0,78800
2026-08-11 15:27:00,126.0,126.0999984741211,126.0,126.0,126.0,15150
2026-08-11 15:28:00,126.0999984741211,126.0999984741211,126.0,126.0999984741211,126.0999984741211,9500
2026-08-11 15:29:00,126.0999984741211,126.0999984741211,126.0,126.0999984741211,126.0999984741211,20668
2026-08-11 15:30:00,126.0999984741211,126.0999984741211,125.8000030517578,125.9000015258789,125.9000015258789,142900
2026-08-11 15:31:00,125.9000015258789,126.0,125.9000015258789,125.9000015258789,125.9000015258789,2100
2026-08-11 15:32:00,126.0,126.0,125.9000015258789,126.0,126.0,3450
2026-08-11 15:33:00,125.9000015258789,126.0,125.8000030517578,125.9000015258789,125.9000015258789,35650
2026-08-11 15:34:00,126.0,126.0,125.9000015258789,125.9000015258789,125.9000015258789,3600
2026-08-11 15:35:00,125.9000015258789,126.0,125.9000015258789,126.0,126.0,8576
2026-08-11 15:36:00,126.0,126.0,125.9000015258789,125.9000015258789,125.9000015258789,27600
2026-08-11 15:37:00,125.9000015258789,126.0,125.9000015258789,125.9000015258789,125.9000015258789,9250
2026-08-11 15:38:00,126.0,126.0999984741211,125.9000015258789,126.0999984741211,126.0999984741211,107950
2026-08-11 15:39:00,126.0,126.0999984741211,126.0,126.0,126.0,5850
2026-08-11 15:40:00,126.0,126.0,125.9000015258789,125.9000015258789,125.9000015258789,40050
2026-08-11 15:41:00,125.9000015258789,126.0,125.9000015258789,125.9000015258789,125.9000015258789,3350
2026-08-11 15:42:00,125.9000015258789,126.0,125.9000015258789,125.9000015258789,125.9000015258789,5950
2026-08-11 15:43:00,125.9000015258789,126.0999984741211,125.8000030517578,125.9000015258789,125.9000015258789,218604
2026-08-11 15:44:00,126.0,126.0999984741211,126.0,126.0999984741211,126.0999984741211,43563
2026-08-11 15:45:00,126.0999984741211,126.0999984741211,126.0,126.0999984741211,126.0999984741211,49200
2026-08-11 15:46:00,126.0999984741211,126.1999969482422,126.0,126.1999969482422,126.1999969482422,38500
2026-08-11 15:47:00,126.0999984741211,126.1999969482422,126.0999984741211,126.1999969482422,126.1999969482422,7600
2026-08-11 15:48:00,126.0999984741211,126.1999969482422,126.0999984741211,126.1999969482422,126.1999969482422,12900
2026-08-11 15:49:00,126.0999984741211,126.1999969482422,126.0999984741211,126.0999984741211,126.0999984741211,70260
2026-08-11 15:50:00,126.0999984741211,126.1999969482422,126.0999984741211,126.1999969482422,126.1999969482422,7800
2026-08-11 15:51:00,126.0999984741211,126.4000015258789,126.0999984741211,126.4000015258789,126.4000015258789,165050
2026-08-11 15:52:00,126.4000015258789,126.4000015258789,126.3000030517578,126.3000030517578,126.3000030517578,15214
2026-08-11 15:53:00,126.3000030517578,126.6999969482422,126.3000030517578,126.5999984741211,126.5999984741211,280850
2026-08-11 15:54:00,126.5,126.8000030517578,126.5,126.5999984741211,126.5999984741211,175900
2026-08-11 15:55:00,126.6999969482422,126.8000030517578,126.5999984741211,126.8000030517578,126.8000030517578,37250
2026-08-11 15:56:00,126.8000030517578,126.8000030517578,126.6999969482422,126.8000030517578,126.8000030517578,10300
2026-08-11 15:57:00,126.6999969482422,126.8000030517578,126.6999969482422,126.8000030517578,126.8000030517578,20200
2026-08-11 15:58:00,126.6999969482422,127.0,126.6999969482422,127.0,127.0,74371
2026-08-11 15:59:00,126.9000015258789,127.0999984741211,126.6999969482422,126.6999969482422,126.6999969482422,46029
2026-08-11 16:08:00,126.5,126.5,126.5,126.5,126.5,949150
2026-08-12 09:30:00,124.6999969482422,124.6999969482422,123.3000030517578,123.5999984741211,123.5999984741211,135304
2026-08-12 09:31:00,123.6999969482422,123.9000015258789,123.6999969482422,123.8000030517578,123.8000030517578,27750
2026-08-12 09:32:00,123.5999984741211,123.6999969482422,123.4000015258789,123.5999984741211,123.5999984741211,49100
2026-08-12 09:33:00,123.5,123.5999984741211,123.0999984741211,123.0999984741211,123.0999984741211,33400
2026-08-12 09:34:00,123.0999984741211,123.4000015258789,123.0999984741211,123.1999969482422,123.1999969482422,43350
2026-08-12 09:35:00,123.0999984741211,123.0999984741211,123.0,123.0,123.0,12350
2026-08-12 09:36:00,123.0999984741211,123.1999969482422,123.0,123.0999984741211,123.0999984741211,26460
2026-08-12 09:37:00,123.0999984741211,123.6999969482422,123.0999984741211,123.6999969482422,123.6999969482422,169859
2026-08-12 09:38:00,123.6999969482422,123.6999969482422,123.5,123.5999984741211,123.5999984741211,4700
2026-08-12 09:39:00,123.5,123.8000030517578,123.5,123.6999969482422,123.6999969482422,17600
2026-08-12 09:40:00,123.8000030517578,123.8000030517578,123.5999984741211,123.6999969482422,123.6999969482422,8031
2026-08-12 09:41:00,123.5999984741211,123.5999984741211,123.5,123.5999984741211,123.5999984741211,20500
2026-08-12 09:42:00,123.5,123.5,123.4000015258789,123.4000015258789,123.4000015258789,3250
2026-08-12 09:43:00,123.4000015258789,123.4000015258789,123.1999969482422,123.1999969482422,123.1999969482422,13450
2026-08-12 09:44:00,123.1999969482422,123.1999969482422,123.0999984741211,123.1999969482422,123.1999969482422,9500
2026-08-12 09:45:00,123.1999969482422,123.1999969482422,123.0999984741211,123.0999984741211,123.0999984741211,2305
2026-08-12 09:46:00,123.1999969482422,123.3000030517578,123.0999984741211,123.1999969482422,123.1999969482422,34800
2026-08-12 09:47:00,123.3000030517578,123.3000030517578,123.0,123.1999969482422,123.1999969482422,25250
2026-08-12 09:48:00,123.1999969482422,123.3000030517578,123.1999969482422,123.3000030517578,123.3000030517578,87800
2026-08-12 09:49:00,123.4000015258789,123.5999984741211,123.4000015258789,123.5999984741211,123.5999984741211,32821
2026-08-12 09:50:00,123.6999969482422,123.6999969482422,123.5,123.5999984741211,123.5999984741211,9604
2026-08-12 09:51:00,123.5999984741211,123.8000030517578,123.4000015258789,123.8000030517578,123.8000030517578,21898
2026-08-12 09:52:00,123.5999984741211,123.8000030517578,123.5999984741211,123.6999969482422,123.6999969482422,4400
2026-08-12 09:53:00,123.6999969482422,123.8000030517578,123.6999969482422,123.6999969482422,123.6999969482422,13350
2026-08-12 09:54:00,123.6999969482422,123.6999969482422,123.6999969482422,123.6999969482422,123.6999969482422,1450
2026-08-12 09:55:00,123.8000030517578,123.9000015258789,123.6999969482422,123.6999969482422,123.6999969482422,18550
2026-08-12 09:56:00,123.8000030517578,123.8000030517578,123.6999969482422,123.6999969482422,123.6999969482422,1800
2026-08-12 09:57:00,123.5999984741211,123.8000030517578,123.5999984741211,123.8000030517578,123.8000030517578,12750
2026-08-12 09:58:00,123.8000030517578,123.8000030517578,123.6999969482422,123.6999969482422,123.6999969482422,1252
2026-08-12 09:59:00,123.8000030517578,123.8000030517578,123.8000030517578,123.8000030517578,123.8000030517578,800
2026-08-12 10:00:00,123.8000030517578,124.0999984741211,123.8000030517578,124.0999984741211,124.0999984741211,55450
2026-08-12 10:01:00,124.0,124.0,123.8000030517578,124.0,124.0,10750
2026-08-12 10:02:00,123.9000015258789,123.9000015258789,123.8000030517578,123.8000030517578,123.8000030517578,15700
2026-08-12 10:03:00,123.6999969482422,123.6999969482422,123.6999969482422,123.6999969482422,123.6999969482422,2700
2026-08-12 10:04:00,123.6999969482422,123.8000030517578,123.6999969482422,123.8000030517578,123.8000030517578,2276
2026-08-12 10:05:00,123.8000030517578,123.8000030517578,123.6999969482422,123.8000030517578,123.8000030517578,1850
2026-08-12 10:06:00,123.8000030517578,124.0,123.8000030517578,123.9000015258789,123.9000015258789,26750
2026-08-12 10:07:00,123.9000015258789,124.0,123.5999984741211,123.5999984741211,123.5999984741211,18128
2026-08-12 10:08:00,123.5,123.5999984741211,123.5,123.5,123.5,2850
2026-08-12 10:09:00,123.5,123.5,123.4000015258789,123.4000015258789,123.4000015258789,3600
2026-08-12 10:10:00,123.4000015258789,123.5,123.4000015258789,123.5,123.5,2666
2026-08-12 10:11:00,123.5,123.5,123.4000015258789,123.4000015258789,123.4000015258789,1400
2026-08-12 10:12:00,123.4000015258789,123.5,123.4000015258789,123.4000015258789,123.4000015258789,2505
2026-08-12 10:13:00,123.4000015258789,123.4000015258789,123.3000030517578,123.3000030517578,123.3000030517578,4673
2026-08-12 10:14:00,123.3000030517578,123.3000030517578,123.1999969482422,123.3000030517578,123.3000030517578,32350
2026-08-12 10:15:00,123.3000030517578,123.3000030517578,123.3000030517578,123.3000030517578,123.3000030517578,200
2026-08-12 10:16:00,123.1999969482422,123.5,123.1999969482422,123.3000030517578,123.3000030517578,75150
2026-08-12 10:17:00,123.3000030517578,123.4000015258789,123.1999969482422,123.1999969482422,123.1999969482422,12600
2026-08-12 10:18:00,123.3000030517578,123.3000030517578,123.3000030517578,123.3000030517578,123.3000030517578,2119
2026-08-12 10:19:00,123.1999969482422,123.3000030517578,123.1999969482422,123.1999969482422,123.1999969482422,1700
2026-08-12 10:20:00,123.3000030517578,123.5,123.3000030517578,123.4000015258789,123.4000015258789,39000
2026-08-12 10:21:00,123.5,123.5,123.5,123.5,123.5,300
2026-08-12 10:22:00,123.4000015258789,123.4000015258789,123.3000030517578,123.3000030517578,123.3000030517578,15620
2026-08-12 10:23:00,123.3000030517578,123.4000015258789,123.3000030517578,123.3000030517578,123.3000030517578,800
2026-08-12 10:24:00,123.3000030517578,123.5,123.1999969482422,123.4000015258789,123.4000015258789,15650
2026-08-12 10:25:00,123.4000015258789,123.4000015258789,123.4000015258789,123.4000015258789,123.4000015258789,200
2026-08-12 10:26:00,123.4000015258789,123.4000015258789,123.4000015258789,123.4000015258789,123.4000015258789,255
2026-08-12 10:27:00,123.4000015258789,123.4000015258789,123.3000030517578,123.3000030517578,123.3000030517578,1650
2026-08-12 10:28:00,123.4000015258789,123.5,123.4000015258789,123.4000015258789,123.4000015258789,13259
2026-08-12 10:29:00,123.5,123.5,123.4000015258789,123.4000015258789,123.4000015258789,700
2026-08-12 10:30:00,123.5,123.5999984741211,123.4000015258789,123.5,123.5,15514
2026-08-12 10:31:00,123.5,123.5999984741211,123.4000015258789,123.5999984741211,123.5999984741211,26700
2026-08-12 10:32:00,123.5999984741211,123.6999969482422,123.5,123.5,123.5,2750
2026-08-12 10:33:00,123.5999984741211,123.5999984741211,123.4000015258789,123.4000015258789,123.4000015258789,11900
2026-08-12 10:34:00,123.4000015258789,123.5999984741211,123.4000015258789,123.5,123.5,13247
2026-08-12 10:35:00,123.5,123.5,123.4000015258789,123.4000015258789,123.4000015258789,3184
2026-08-12 10:36:00,123.4000015258789,123.4000015258789,123.1999969482422,123.1999969482422,123.1999969482422,12550
2026-08-12 10:37:00,123.1999969482422,123.3000030517578,123.1999969482422,123.3000030517578,123.3000030517578,3100
2026-08-12 10:38:00,123.3000030517578,123.4000015258789,123.1999969482422,123.3000030517578,123.3000030517578,12100
2026-08-12 10:39:00,123.3000030517578,123.3000030517578,123.3000030517578,123.3000030517578,123.3000030517578,450
2026-08-12 10:40:00,123.4000015258789,123.4000015258789,123.3000030517578,123.3000030517578,123.3000030517578,12500
2026-08-12 10:41:00,123.3000030517578,123.3000030517578,123.3000030517578,123.3000030517578,123.3000030517578,400
2026-08-12 10:42:00,123.3000030517578,123.4000015258789,123.1999969482422,123.3000030517578,123.3000030517578,20200
2026-08-12 10:43:00,123.3000030517578,123.4000015258789,123.3000030517578,123.4000015258789,123.4000015258789,550
2026-08-12 10:44:00,123.4000015258789,123.5,123.4000015258789,123.5,123.5,16000
2026-08-12 10:45:00,123.4000015258789,123.5,123.4000015258789,123.5,123.5,500
2026-08-12 10:46:00,123.4000015258789,123.5,123.4000015258789,123.4000015258789,123.4000015258789,450
2026-08-12 10:47:00,123.5,123.5,123.4000015258789,123.4000015258789,123.4000015258789,1200
2026-08-12 10:48:00,123.5,123.5,123.4000015258789,123.5,123.5,1161
2026-08-12 10:49:00,123.5,123.5,123.4000015258789,123.4000015258789,123.4000015258789,3400
2026-08-12 10:50:00,123.4000015258789,123.5,123.4000015258789,123.4000015258789,123.4000015258789,26900
2026-08-12 10:51:00,123.3000030517578,123.3000030517578,123.0999984741211,123.0999984741211,123.0999984741211,37450
2026-08-12 10:52:00,123.1999969482422,123.1999969482422,123.1999969482422,123.1999969482422,123.1999969482422,718
2026-08-12 10:53:00,123.0999984741211,123.1999969482422,123.0999984741211,123.1999969482422,123.1999969482422,1390
2026-08-12 10:54:00,123.1999969482422,123.4000015258789,123.1999969482422,123.3000030517578,123.3000030517578,26300
2026-08-12 10:55:00,123.3000030517578,123.4000015258789,123.3000030517578,123.4000015258789,123.4000015258789,1350
2026-08-12 10:56:00,123.4000015258789,123.5999984741211,123.4000015258789,123.4000015258789,123.4000015258789,55450
2026-08-12 10:57:00,123.4000015258789,123.4000015258789,123.3000030517578,123.3000030517578,123.3000030517578,10000
2026-08-12 10:59:00,123.4000015258789,123.5,123.3000030517578,123.3000030517578,123.3000030517578,22800
2026-08-12 11:00:00,123.3000030517578,123.3000030517578,123.1999969482422,123.1999969482422,123.1999969482422,13900
2026-08-12 11:01:00,123.1999969482422,123.1999969482422,123.1999969482422,123.1999969482422,123.1999969482422,1200
2026-08-12 11:02:00,123.1999969482422,123.3000030517578,123.0999984741211,123.1999969482422,123.1999969482422,19500
2026-08-12 11:04:00,123.0999984741211,123.1999969482422,122.9000015258789,123.0,123.0,45750
2026-08-12 11:05:00,123.0,123.0,122.9000015258789,122.9000015258789,122.9000015258789,18250
2026-08-12 11:06:00,122.9000015258789,122.9000015258789,122.9000015258789,122.9000015258789,122.9000015258789,2000
2026-08-12 11:08:00,122.9000015258789,123.0,122.9000015258789,123.0,123.0,1248
2026-08-12 11:09:00,122.9000015258789,123.0999984741211,122.9000015258789,123.0999984741211,123.0999984741211,40263
2026-08-12 11:10:00,123.0,123.0999984741211,123.0,123.0,123.0,16500
2026-08-12 11:11:00,123.0,123.0999984741211,123.0,123.0,123.0,19600
2026-08-12 11:12:00,123.0,123.0999984741211,123.0,123.0999984741211,123.0999984741211,39300
2026-08-12 11:13:00,123.0999984741211,123.0999984741211,123.0,123.0999984741211,123.0999984741211,37454
2026-08-12 11:14:00,123.0999984741211,123.1999969482422,123.0,123.0,123.0,23647
2026-08-12 11:15:00,123.0,123.0999984741211,122.8000030517578,123.0999984741211,123.0999984741211,130130
2026-08-12 11:16:00,123.0,123.0,122.9000015258789,122.9000015258789,122.9000015258789,45100
2026-08-12 11:17:00,122.9000015258789,122.9000015258789,122.8000030517578,122.9000015258789,122.9000015258789,41183
2026-08-12 11:18:00,122.9000015258789,122.9000015258789,122.9000015258789,122.9000015258789,122.9000015258789,150
2026-08-12 11:19:00,122.8000030517578,122.8000030517578,122.8000030517578,122.8000030517578,122.8000030517578,600
2026-08-12 11:20:00,122.8000030517578,122.9000015258789,122.8000030517578,122.9000015258789,122.9000015258789,4550
2026-08-12 11:21:00,122.8000030517578,122.8000030517578,122.8000030517578,122.8000030517578,122.8000030517578,800
2026-08-12 11:22:00,122.8000030517578,122.8000030517578,122.8000030517578,122.8000030517578,122.8000030517578,10100
2026-08-12 11:23:00,122.9000015258789,122.9000015258789,122.9000015258789,122.9000015258789,122.9000015258789,3400
2026-08-12 11:24:00,122.9000015258789,122.9000015258789,122.9000015258789,122.9000015258789,122.9000015258789,800
2026-08-12 11:25:00,122.8000030517578,122.9000015258789,122.6999969482422,122.6999969482422,122.6999969482422,37450
2026-08-12 11:26:00,122.9000015258789,122.9000015258789,122.6999969482422,122.8000030517578,122.8000030517578,6600
2026-08-12 11:27:00,122.6999969482422,122.6999969482422,122.5999984741211,122.6999969482422,122.6999969482422,20650
2026-08-12 11:28:00,122.5999984741211,122.6999969482422,122.5999984741211,122.6999969482422,122.6999969482422,2400
2026-08-12 11:29:00,122.5999984741211,122.5999984741211,122.5999984741211,122.5999984741211,122.5999984741211,100
2026-08-12 11:30:00,122.5999984741211,122.6999969482422,122.5,122.5,122.5,54848
2026-08-12 11:31:00,122.5,122.6999969482422,122.5,122.6999969482422,122.6999969482422,85175
2026-08-12 11:32:00,122.5999984741211,122.5999984741211,122.5,122.5,122.5,9250
2026-08-12 11:33:00,122.5,122.5,122.4000015258789,122.4000015258789,122.4000015258789,5650
2026-08-12 11:34:00,122.4000015258789,122.5,122.4000015258789,122.4000015258789,122.4000015258789,5700
2026-08-12 11:35:00,122.4000015258789,122.8000030517578,122.4000015258789,122.4000015258789,122.4000015258789,66230
2026-08-12 11:36:00,122.4000015258789,122.4000015258789,122.4000015258789,122.4000015258789,122.4000015258789,450
2026-08-12 11:37:00,122.4000015258789,122.5,122.4000015258789,122.4000015258789,122.4000015258789,32300
2026-08-12 11:38:00,122.4000015258789,122.6999969482422,122.4000015258789,122.5,122.5,88059
2026-08-12 11:39:00,122.4000015258789,122.6999969482422,122.4000015258789,122.6999969482422,122.6999969482422,72151
2026-08-12 11:40:00,122.6999969482422,122.9000015258789,122.6999969482422,122.8000030517578,122.8000030517578,36607
2026-08-12 11:41:00,122.8000030517578,122.8000030517578,122.8000030517578,122.8000030517578,122.8000030517578,10850
2026-08-12 11:42:00,122.6999969482422,122.9000015258789,122.6999969482422,122.6999969482422,122.6999969482422,25600
2026-08-12 11:43:00,122.6999969482422,122.8000030517578,122.6999969482422,122.8000030517578,122.8000030517578,11550
2026-08-12 11:44:00,122.6999969482422,122.8000030517578,122.5999984741211,122.6999969482422,122.6999969482422,26874
2026-08-12 11:45:00,122.6999969482422,122.9000015258789,122.6999969482422,122.8000030517578,122.8000030517578,13300
2026-08-12 11:47:00,122.8000030517578,122.8000030517578,122.6999969482422,122.6999969482422,122.6999969482422,1950
2026-08-12 11:48:00,122.6999969482422,122.8000030517578,122.6999969482422,122.6999969482422,122.6999969482422,1450
2026-08-12 11:49:00,122.6999969482422,122.9000015258789,122.6999969482422,122.8000030517578,122.8000030517578,13400
2026-08-12 11:50:00,122.6999969482422,122.6999969482422,122.6999969482422,122.6999969482422,122.6999969482422,500
2026-08-12 11:51:00,122.6999969482422,122.8000030517578,122.6999969482422,122.8000030517578,122.8000030517578,6800
2026-08-12 11:52:00,122.8000030517578,122.9000015258789,122.6999969482422,122.6999969482422,122.6999969482422,8450
2026-08-12 11:53:00,122.6999969482422,122.8000030517578,122.6999969482422,122.8000030517578,122.8000030517578,1450
2026-08-12 11:54:00,122.6999969482422,122.8000030517578,122.6999969482422,122.6999969482422,122.6999969482422,1750
2026-08-12 11:55:00,122.6999969482422,122.8000030517578,122.5999984741211,122.6999969482422,122.6999969482422,30750
2026-08-12 11:56:00,122.6999969482422,122.6999969482422,122.5999984741211,122.5999984741211,122.5999984741211,1850
2026-08-12 11:57:00,122.5999984741211,122.5999984741211,122.5999984741211,122.5999984741211,122.5999984741211,1250
2026-08-12 11:58:00,122.5999984741211,122.6999969482422,122.5999984741211,122.5999984741211,122.5999984741211,6154
2026-08-12 11:59:00,122.6999969482422,122.6999969482422,122.6999969482422,122.6999969482422,122.6999969482422,1650
2026-08-12 13:00:00,122.5999984741211,122.6999969482422,122.3000030517578,122.5,122.5,104150
2026-08-12 13:01:00,122.5,122.5,122.3000030517578,122.3000030517578,122.3000030517578,22550
2026-08-12 13:02:00,122.4000015258789,122.4000015258789,122.3000030517578,122.4000015258789,122.4000015258789,2800
2026-08-12 13:03:00,122.4000015258789,122.5,122.4000015258789,122.4000015258789,122.4000015258789,36301
2026-08-12 13:05:00,122.4000015258789,122.4000015258789,122.4000015258789,122.4000015258789,122.4000015258789,550
2026-08-12 13:06:00,122.3000030517578,122.5,122.3000030517578,122.5,122.5,24550
2026-08-12 13:07:00,122.5,122.5,122.5,122.5,122.5,11100
2026-08-12 13:08:00,122.5,122.5,122.5,122.5,122.5,2350
2026-08-12 13:09:00,122.5,122.5999984741211,122.5,122.5,122.5,38950
2026-08-12 13:10:00,122.5,122.6999969482422,122.5,122.6999969482422,122.6999969482422,50250
2026-08-12 13:11:00,122.5999984741211,122.5999984741211,122.5,122.5,122.5,1704
2026-08-12 13:12:00,122.5999984741211,122.5999984741211,122.5999984741211,122.5999984741211,122.5999984741211,300
2026-08-12 13:13:00,122.5999984741211,122.6999969482422,122.5999984741211,122.5999984741211,122.5999984741211,41250
2026-08-12 13:14:00,122.5999984741211,122.5999984741211,122.5999984741211,122.5999984741211,122.5999984741211,1450
2026-08-12 13:15:00,122.5999984741211,122.5999984741211,122.5999984741211,122.5999984741211,122.5999984741211,300
2026-08-12 13:16:00,122.5,122.5999984741211,122.4000015258789,122.4000015258789,122.4000015258789,30400
2026-08-12 13:17:00,122.4000015258789,122.4000015258789,122.3000030517578,122.3000030517578,122.3000030517578,13250
2026-08-12 13:18:00,122.4000015258789,122.5,122.4000015258789,122.5,122.5,31150
2026-08-12 13:19:00,122.4000015258789,122.4000015258789,122.4000015258789,122.4000015258789,122.4000015258789,400
2026-08-12 13:20:00,122.5,122.5,122.5,122.5,122.5,12256
2026-08-12 13:22:00,122.4000015258789,122.5999984741211,122.1999969482422,122.4000015258789,122.4000015258789,107150
2026-08-12 13:23:00,122.4000015258789,122.4000015258789,122.3000030517578,122.4000015258789,122.4000015258789,8000
2026-08-12 13:24:00,122.4000015258789,122.4000015258789,122.4000015258789,122.4000015258789,122.4000015258789,850
2026-08-12 13:25:00,122.3000030517578,122.4000015258789,122.3000030517578,122.4000015258789,122.4000015258789,12450
2026-08-12 13:26:00,122.4000015258789,122.5999984741211,122.4000015258789,122.5999984741211,122.5999984741211,40200
2026-08-12 13:27:00,122.5999984741211,122.5999984741211,122.5999984741211,122.5999984741211,122.5999984741211,200
2026-08-12 13:28:00,122.5999984741211,122.5999984741211,122.5,122.5999984741211,122.5999984741211,2350
2026-08-12 13:29:00,122.5,122.5999984741211,122.4000015258789,122.5,122.5,41900
2026-08-12 13:30:00,122.5,122.5999984741211,122.5,122.5,122.5,15690
2026-08-12 13:31:00,122.4000015258789,122.5999984741211,122.4000015258789,122.5,122.5,30600
2026-08-12 13:32:00,122.4000015258789,122.5,122.4000015258789,122.5,122.5,12850
2026-08-12 13:33:00,122.4000015258789,122.5,122.4000015258789,122.4000015258789,122.4000015258789,11750
2026-08-12 13:34:00,122.3000030517578,122.3000030517578,122.3000030517578,122.3000030517578,122.3000030517578,1500
2026-08-12 13:35:00,122.3000030517578,122.3000030517578,122.3000030517578,122.3000030517578,122.3000030517578,550
2026-08-12 13:36:00,122.4000015258789,122.4000015258789,122.4000015258789,122.4000015258789,122.4000015258789,700
2026-08-12 13:37:00,122.4000015258789,122.4000015258789,122.4000015258789,122.4000015258789,122.4000015258789,950
2026-08-12 13:38:00,122.4000015258789,122.4000015258789,122.3000030517578,122.4000015258789,122.4000015258789,2150
2026-08-12 13:39:00,122.4000015258789,122.5,122.3000030517578,122.5,122.5,67150
2026-08-12 13:40:00,122.5,122.5,122.4000015258789,122.4000015258789,122.4000015258789,19400
2026-08-12 13:42:00,122.5,122.5999984741211,122.5,122.5999984741211,122.5999984741211,84300
2026-08-12 13:43:00,122.5999984741211,122.5999984741211,122.5,122.5,122.5,2504
2026-08-12 13:44:00,122.5999984741211,122.5999984741211,122.5999984741211,122.5999984741211,122.5999984741211,300
2026-08-12 13:45:00,122.5999984741211,122.6999969482422,122.5,122.5999984741211,122.5999984741211,50450
2026-08-12 13:46:00,122.5,122.5999984741211,122.5,122.5999984741211,122.5999984741211,8200
2026-08-12 13:47:00,122.5999984741211,122.6999969482422,122.5999984741211,122.5999984741211,122.5999984741211,10450
2026-08-12 13:48:00,122.5,122.5999984741211,122.5,122.5,122.5,32150
2026-08-12 13:49:00,122.5,122.6999969482422,122.5,122.5999984741211,122.5999984741211,91650
2026-08-12 13:50:00,122.6999969482422,122.6999969482422,122.6999969482422,122.6999969482422,122.6999969482422,3000
2026-08-12 13:51:00,122.5999984741211,122.8000030517578,122.5999984741211,122.8000030517578,122.8000030517578,168000
2026-08-12 13:52:00,122.6999969482422,122.8000030517578,122.6999969482422,122.6999969482422,122.6999969482422,27800
2026-08-12 13:53:00,122.6999969482422,122.8000030517578,122.6999969482422,122.6999969482422,122.6999969482422,59200
2026-08-12 13:54:00,122.8000030517578,122.8000030517578,122.6999969482422,122.8000030517578,122.8000030517578,22211
2026-08-12 13:55:00,122.8000030517578,122.9000015258789,122.8000030517578,122.8000030517578,122.8000030517578,14450
2026-08-12 13:56:00,122.8000030517578,122.9000015258789,122.6999969482422,122.6999969482422,122.6999969482422,16100
2026-08-12 13:57:00,122.8000030517578,122.8000030517578,122.8000030517578,122.8000030517578,122.8000030517578,2304
2026-08-12 13:58:00,122.8000030517578,123.0,122.8000030517578,123.0,123.0,34792
2026-08-12 14:00:00,122.9000015258789,123.0,122.8000030517578,122.9000015258789,122.9000015258789,37462
2026-08-12 14:01:00,122.8000030517578,122.9000015258789,122.8000030517578,122.9000015258789,122.9000015258789,11250
2026-08-12 14:02:00,122.9000015258789,123.0,122.9000015258789,122.9000015258789,122.9000015258789,40550
2026-08-12 14:03:00,122.9000015258789,122.9000015258789,122.8000030517578,122.9000015258789,122.9000015258789,10900
2026-08-12 14:04:00,122.9000015258789,122.9000015258789,122.8000030517578,122.8000030517578,122.8000030517578,3700
2026-08-12 14:05:00,122.8000030517578,122.9000015258789,122.8000030517578,122.9000015258789,122.9000015258789,32850
2026-08-12 14:06:00,122.8000030517578,122.9000015258789,122.8000030517578,122.9000015258789,122.9000015258789,5700
2026-08-12 14:07:00,122.8000030517578,122.9000015258789,122.8000030517578,122.8000030517578,122.8000030517578,9000
2026-08-12 14:08:00,122.8000030517578,122.8000030517578,122.6999969482422,122.6999969482422,122.6999969482422,850
2026-08-12 14:09:00,122.6999969482422,123.0,122.6999969482422,123.0,123.0,86350
2026-08-12 14:10:00,122.9000015258789,123.0999984741211,122.8000030517578,123.0999984741211,123.0999984741211,18850
2026-08-12 14:11:00,123.0,123.0,122.9000015258789,123.0,123.0,15450
2026-08-12 14:12:00,122.9000015258789,122.9000015258789,122.9000015258789,122.9000015258789,122.9000015258789,1550
2026-08-12 14:13:00,123.0,123.0,122.9000015258789,123.0,123.0,1900
2026-08-12 14:14:00,123.0,123.0,123.0,123.0,123.0,200
2026-08-12 14:15:00,123.0,123.0,122.8000030517578,122.8000030517578,122.8000030517578,15750
2026-08-12 14:16:00,123.0,123.0,122.9000015258789,122.9000015258789,122.9000015258789,5400
2026-08-12 14:17:00,123.0,123.0,122.9000015258789,122.9000015258789,122.9000015258789,11450
2026-08-12 14:18:00,122.9000015258789,122.9000015258789,122.8000030517578,122.9000015258789,122.9000015258789,14600
2026-08-12 14:19:00,122.9000015258789,122.9000015258789,122.8000030517578,122.8000030517578,122.8000030517578,13304
2026-08-12 14:20:00,122.8000030517578,122.9000015258789,122.8000030517578,122.8000030517578,122.8000030517578,30400
2026-08-12 14:21:00,122.8000030517578,122.9000015258789,122.8000030517578,122.9000015258789,122.9000015258789,7300
2026-08-12 14:22:00,122.9000015258789,123.0999984741211,122.9000015258789,123.0,123.0,116550
2026-08-12 14:23:00,123.0,123.0999984741211,123.0,123.0,123.0,10350
2026-08-12 14:24:00,122.9000015258789,123.0,122.9000015258789,122.9000015258789,122.9000015258789,650
2026-08-12 14:25:00,122.9000015258789,123.0,122.9000015258789,123.0,123.0,1900
2026-08-12 14:26:00,122.9000015258789,123.0,122.9000015258789,123.0,123.0,44300
2026-08-12 14:27:00,122.9000015258789,123.0,122.9000015258789,122.9000015258789,122.9000015258789,22900
2026-08-12 14:28:00,122.8000030517578,122.8000030517578,122.8000030517578,122.8000030517578,122.8000030517578,50
2026-08-12 14:29:00,122.8000030517578,122.9000015258789,122.8000030517578,122.9000015258789,122.9000015258789,1350
2026-08-12 14:30:00,122.9000015258789,122.9000015258789,122.8000030517578,122.8000030517578,122.8000030517578,1150
2026-08-12 14:31:00,122.8000030517578,122.9000015258789,122.8000030517578,122.8000030517578,122.8000030517578,18247
2026-08-12 14:32:00,122.8000030517578,122.9000015258789,122.6999969482422,122.6999969482422,122.6999969482422,24300
2026-08-12 14:33:00,122.8000030517578,122.9000015258789,122.8000030517578,122.8000030517578,122.8000030517578,71900
2026-08-12 14:34:00,122.9000015258789,122.9000015258789,122.8000030517578,122.8000030517578,122.8000030517578,2300
2026-08-12 14:35:00,122.9000015258789,122.9000015258789,122.8000030517578,122.8000030517578,122.8000030517578,29000
2026-08-12 14:37:00,122.8000030517578,122.9000015258789,122.8000030517578,122.9000015258789,122.9000015258789,2550
2026-08-12 14:38:00,122.8000030517578,123.0999984741211,122.8000030517578,123.0,123.0,81764
2026-08-12 14:39:00,123.0,123.0,123.0,123.0,123.0,1350
2026-08-12 14:40:00,122.9000015258789,122.9000015258789,122.8000030517578,122.8000030517578,122.8000030517578,20500
2026-08-12 14:41:00,122.9000015258789,122.9000015258789,122.9000015258789,122.9000015258789,122.9000015258789,1788
2026-08-12 14:42:00,123.0,123.0,123.0,123.0,123.0,1300
2026-08-12 14:43:00,123.0,123.0,122.9000015258789,123.0,123.0,750
2026-08-12 14:44:00,123.0,123.0,122.9000015258789,122.9000015258789,122.9000015258789,1600
2026-08-12 14:45:00,122.9000015258789,123.0,122.9000015258789,122.9000015258789,122.9000015258789,2300
2026-08-12 14:46:00,123.0,123.0,122.9000015258789,123.0,123.0,1600
2026-08-12 14:47:00,123.0,123.0,122.9000015258789,122.9000015258789,122.9000015258789,2850
2026-08-12 14:48:00,122.9000015258789,123.0,122.9000015258789,122.9000015258789,122.9000015258789,7107
2026-08-12 14:49:00,122.9000015258789,123.0,122.9000015258789,123.0,123.0,13004
2026-08-12 14:50:00,123.0,123.0,122.9000015258789,122.9000015258789,122.9000015258789,8000
2026-08-12 14:51:00,122.9000015258789,122.9000015258789,122.9000015258789,122.9000015258789,122.9000015258789,1100
2026-08-12 14:52:00,123.0,123.0,122.8000030517578,122.8000030517578,122.8000030517578,21804
2026-08-12 14:53:00,122.8000030517578,122.8000030517578,122.8000030517578,122.8000030517578,122.8000030517578,1750
2026-08-12 14:54:00,122.8000030517578,123.0,122.8000030517578,123.0,123.0,71700
2026-08-12 14:55:00,123.0,123.0999984741211,122.9000015258789,122.9000015258789,122.9000015258789,49400
2026-08-12 14:56:00,123.0,123.0,122.9000015258789,122.9000015258789,122.9000015258789,450
2026-08-12 14:57:00,122.9000015258789,123.0,122.9000015258789,123.0,123.0,29300
2026-08-12 14:58:00,122.9000015258789,122.9000015258789,122.9000015258789,122.9000015258789,122.9000015258789,1094
2026-08-12 14:59:00,122.9000015258789,123.0,122.9000015258789,122.9000015258789,122.9000015258789,9250
2026-08-12 15:00:00,123.0,123.0999984741211,122.9000015258789,122.9000015258789,122.9000015258789,74298
2026-08-12 15:01:00,122.9000015258789,122.9000015258789,122.8000030517578,122.9000015258789,122.9000015258789,16700
2026-08-12 15:02:00,122.8000030517578,122.9000015258789,122.8000030517578,122.8000030517578,122.8000030517578,2450
2026-08-12 15:03:00,122.8000030517578,122.9000015258789,122.8000030517578,122.8000030517578,122.8000030517578,2150
2026-08-12 15:04:00,122.8000030517578,122.9000015258789,122.8000030517578,122.9000015258789,122.9000015258789,20600
2026-08-12 15:05:00,122.9000015258789,122.9000015258789,122.8000030517578,122.9000015258789,122.9000015258789,11417
2026-08-12 15:06:00,122.9000015258789,122.9000015258789,122.8000030517578,122.9000015258789,122.9000015258789,101100
2026-08-12 15:07:00,122.8000030517578,122.9000015258789,122.8000030517578,122.9000015258789,122.9000015258789,12050
2026-08-12 15:08:00,122.8000030517578,122.9000015258789,122.8000030517578,122.8000030517578,122.8000030517578,12850
2026-08-12 15:09:00,122.8000030517578,122.9000015258789,122.6999969482422,122.8000030517578,122.8000030517578,51700
2026-08-12 15:10:00,122.6999969482422,122.8000030517578,122.6999969482422,122.6999969482422,122.6999969482422,21050
2026-08-12 15:11:00,122.6999969482422,122.8000030517578,122.6999969482422,122.6999969482422,122.6999969482422,37050
2026-08-12 15:12:00,122.6999969482422,122.8000030517578,122.6999969482422,122.6999969482422,122.6999969482422,7350
2026-08-12 15:13:00,122.6999969482422,122.6999969482422,122.6999969482422,122.6999969482422,122.6999969482422,4650
2026-08-12 15:14:00,122.6999969482422,122.8000030517578,122.6999969482422,122.8000030517578,122.8000030517578,27350
2026-08-12 15:15:00,122.8000030517578,122.8000030517578,122.6999969482422,122.8000030517578,122.8000030517578,8200
2026-08-12 15:16:00,122.6999969482422,123.0,122.6999969482422,123.0,123.0,263650
2026-08-12 15:17:00,122.9000015258789,123.0,122.8000030517578,123.0,123.0,38650
2026-08-12 15:18:00,123.0,123.0,122.8000030517578,122.8000030517578,122.8000030517578,36807
2026-08-12 15:19:00,122.8000030517578,123.0,122.8000030517578,123.0,123.0,49350
2026-08-12 15:20:00,122.8000030517578,123.0,122.8000030517578,123.0,123.0,3350
2026-08-12 15:21:00,123.0,123.0,122.8000030517578,123.0,123.0,36000
2026-08-12 15:22:00,123.0,123.0,122.8000030517578,122.8000030517578,122.8000030517578,36100
2026-08-12 15:23:00,122.9000015258789,122.9000015258789,122.9000015258789,122.9000015258789,122.9000015258789,2650
2026-08-12 15:24:00,122.9000015258789,122.9000015258789,122.8000030517578,122.9000015258789,122.9000015258789,6100
2026-08-12 15:25:00,122.9000015258789,123.0,122.8000030517578,123.0,123.0,105850
2026-08-12 15:26:00,123.0,123.0,122.9000015258789,123.0,123.0,54450
2026-08-12 15:27:00,123.0,123.0,122.9000015258789,123.0,123.0,36179
2026-08-12 15:28:00,123.0,123.0,122.9000015258789,123.0,123.0,16450
2026-08-12 15:29:00,122.9000015258789,123.0,122.9000015258789,123.0,123.0,5301
2026-08-12 15:30:00,122.9000015258789,123.0,122.9000015258789,122.9000015258789,122.9000015258789,10450
2026-08-12 15:31:00,122.9000015258789,123.0,122.9000015258789,123.0,123.0,3600
2026-08-12 15:32:00,122.9000015258789,123.0,122.9000015258789,123.0,123.0,12910
2026-08-12 15:33:00,123.0,123.0,122.9000015258789,123.0,123.0,6250
2026-08-12 15:34:00,123.0,123.0,122.9000015258789,123.0,123.0,4950
2026-08-12 15:35:00,123.0,123.0,122.8000030517578,122.8000030517578,122.8000030517578,35550
2026-08-12 15:36:00,122.8000030517578,123.0999984741211,122.8000030517578,123.0,123.0,271800
2026-08-12 15:37:00,123.0,123.0,122.8000030517578,122.9000015258789,122.9000015258789,111950
2026-08-12 15:38:00,122.8000030517578,123.0,122.8000030517578,122.9000015258789,122.9000015258789,189150
2026-08-12 15:39:00,123.0,123.0,122.9000015258789,123.0,123.0,24750
2026-08-12 15:40:00,122.9000015258789,123.0,122.9000015258789,123.0,123.0,16500
2026-08-12 15:41:00,122.9000015258789,123.0999984741211,122.9000015258789,123.0,123.0,120216
2026-08-12 15:42:00,123.0,123.0,122.8000030517578,123.0,123.0,140200
2026-08-12 15:43:00,122.9000015258789,123.0,122.9000015258789,123.0,123.0,15804
2026-08-12 15:44:00,122.9000015258789,123.0999984741211,122.9000015258789,123.0,123.0,102500
2026-08-12 15:45:00,123.0,123.0,122.9000015258789,122.9000015258789,122.9000015258789,130450
2026-08-12 15:46:00,122.8000030517578,123.0,122.8000030517578,122.9000015258789,122.9000015258789,90850
2026-08-12 15:47:00,122.9000015258789,123.0,122.9000015258789,122.9000015258789,122.9000015258789,47750
2026-08-12 15:48:00,123.0,123.0,122.8000030517578,123.0,123.0,52250
2026-08-12 15:49:00,122.9000015258789,123.0,122.9000015258789,122.9000015258789,122.9000015258789,25064
2026-08-12 15:50:00,122.9000015258789,122.9000015258789,122.8000030517578,122.9000015258789,122.9000015258789,13600
2026-08-12 15:51:00,122.9000015258789,122.9000015258789,122.8000030517578,122.9000015258789,122.9000015258789,14650
2026-08-12 15:52:00,122.9000015258789,122.9000015258789,122.6999969482422,122.9000015258789,122.9000015258789,260150
2026-08-12 15:53:00,122.9000015258789,123.0,122.8000030517578,122.9000015258789,122.9000015258789,40500
2026-08-12 15:54:00,122.9000015258789,122.9000015258789,122.8000030517578,122.8000030517578,122.8000030517578,24350
2026-08-12 15:55:00,122.8000030517578,122.9000015258789,122.5999984741211,122.9000015258789,122.9000015258789,106500
2026-08-12 15:56:00,122.8000030517578,122.9000015258789,122.6999969482422,122.6999969482422,122.6999969482422,42750
2026-08-12 15:57:00,122.8000030517578,122.9000015258789,122.6999969482422,122.8000030517578,122.8000030517578,13900
2026-08-12 15:58:00,122.6999969482422,122.8000030517578,122.6999969482422,122.8000030517578,122.8000030517578,40650
2026-08-12 15:59:00,122.8000030517578,122.9000015258789,122.6999969482422,122.9000015258789,122.9000015258789,34150
2026-08-12 16:08:00,123.0,123.0,123.0,123.0,123.0,0
2026-08-13 09:15:00,118.8,118.8,118.8,118.8,118.8,0
2026-08-13 09:16:00,118.0,118.0,118.0,118.0,118.0,0
2026-08-13 09:17:00,118.0,118.0,118.0,118.0,118.0,0
2026-08-13 09:18:00,126.0,126.0,126.0,126.0,126.0,0
2026-08-13 09:19:00,118.8,118.8,118.8,118.8,118.8,0
2026-08-13 09:20:00,121.0,121.0,121.0,121.0,121.0,113450
2026-08-13 09:22:00,118.0,118.0,118.0,118.0,118.0,0
2026-08-13 09:23:00,118.0,118.0,118.0,118.0,118.0,0
2026-08-13 09:24:00,118.0,118.0,118.0,118.0,118.0,0
2026-08-13 09:25:00,118.0,118.0,118.0,118.0,118.0,0
2026-08-13 09:26:00,118.0,118.0,118.0,118.0,118.0,0
2026-08-13 09:27:00,118.8,118.8,118.8,118.8,118.8,0
2026-08-13 09:28:00,118.6,118.6,118.6,118.6,118.6,0
2026-08-13 09:29:00,118.8,120.2,118.8,120.2,120.2,0
2026-08-13 09:30:00,122.0,122.0,120.9000015258789,121.4000015258789,121.4000015258789,714633
2026-08-13 09:31:00,121.5,121.6999969482422,121.3000030517578,121.4000015258789,121.4000015258789,40472
2026-08-13 09:32:00,121.3000030517578,121.5,121.3000030517578,121.5,121.5,33350
2026-08-13 09:33:00,121.5,122.0,121.4000015258789,121.9000015258789,121.9000015258789,100250
2026-08-13 09:34:00,121.9000015258789,122.0999984741211,121.6999969482422,122.0999984741211,122.0999984741211,87555
2026-08-13 09:35:00,122.0999984741211,122.3000030517578,122.0,122.1999969482422,122.1999969482422,160278
2026-08-13 09:36:00,122.1999969482422,122.1999969482422,122.0999984741211,122.0999984741211,122.0999984741211,14700
2026-08-13 09:37:00,122.1999969482422,122.5,122.0999984741211,122.5,122.5,93861
2026-08-13 09:38:00,122.5999984741211,122.6999969482422,122.5999984741211,122.5999984741211,122.5999984741211,44700
2026-08-13 09:39:00,122.6999969482422,122.8000030517578,122.5999984741211,122.8000030517578,122.8000030517578,39000
2026-08-13 09:40:00,122.8000030517578,122.8000030517578,122.6999969482422,122.6999969482422,122.6999969482422,17000
2026-08-13 09:41:00,122.6999969482422,122.8000030517578,122.6999969482422,122.6999969482422,122.6999969482422,56350
2026-08-13 09:42:00,122.8000030517578,122.8000030517578,122.6999969482422,122.6999969482422,122.6999969482422,900
2026-08-13 09:43:00,122.6999969482422,122.6999969482422,122.4000015258789,122.4000015258789,122.4000015258789,50719
2026-08-13 09:44:00,122.5,122.6999969482422,122.5,122.5999984741211,122.5999984741211,46445
2026-08-13 09:45:00,122.5999984741211,122.5999984741211,122.5,122.5999984741211,122.5999984741211,19700
2026-08-13 09:46:00,122.5999984741211,122.8000030517578,122.5999984741211,122.8000030517578,122.8000030517578,43150
2026-08-13 09:47:00,122.8000030517578,122.9000015258789,122.6999969482422,122.8000030517578,122.8000030517578,104900
2026-08-13 09:48:00,122.9000015258789,123.0,122.8000030517578,122.9000015258789,122.9000015258789,173000
2026-08-13 09:49:00,122.9000015258789,123.0,122.9000015258789,123.0,123.0,55055
2026-08-13 09:50:00,123.0,123.0999984741211,122.8000030517578,122.8000030517578,122.8000030517578,51300
2026-08-13 09:51:00,122.9000015258789,123.0,122.9000015258789,123.0,123.0,6867
2026-08-13 09:52:00,123.0,123.0999984741211,123.0,123.0999984741211,123.0999984741211,50600
2026-08-13 09:53:00,123.0999984741211,123.1999969482422,123.0,123.0999984741211,123.0999984741211,29900
2026-08-13 09:54:00,123.0999984741211,123.3000030517578,123.0,123.3000030517578,123.3000030517578,25855
2026-08-13 09:55:00,123.3000030517578,123.5,123.3000030517578,123.5,123.5,84893
2026-08-13 09:56:00,123.5,123.5,123.4000015258789,123.5,123.5,11359
2026-08-13 09:57:00,123.5,123.5999984741211,123.4000015258789,123.4000015258789,123.4000015258789,78000
2026-08-13 09:58:00,123.4000015258789,123.6999969482422,123.4000015258789,123.6999969482422,123.6999969482422,10106
2026-08-13 09:59:00,123.6999969482422,123.8000030517578,123.5999984741211,123.5999984741211,123.5999984741211,43804
2026-08-13 10:00:00,123.5999984741211,123.6999969482422,123.5,123.5,123.5,14950
2026-08-13 10:01:00,123.5,123.8000030517578,123.5,123.8000030517578,123.8000030517578,37250
2026-08-13 10:02:00,123.8000030517578,123.8000030517578,123.8000030517578,123.8000030517578,123.8000030517578,5150
2026-08-13 10:03:00,123.8000030517578,123.8000030517578,123.6999969482422,123.8000030517578,123.8000030517578,22100
2026-08-13 10:04:00,123.6999969482422,123.6999969482422,123.5,123.6999969482422,123.6999969482422,57559
2026-08-13 10:05:00,123.6999969482422,123.6999969482422,123.5999984741211,123.6999969482422,123.6999969482422,2550
2026-08-13 10:06:00,123.6999969482422,123.6999969482422,123.5999984741211,123.6999969482422,123.6999969482422,3100
2026-08-13 10:07:00,123.6999969482422,123.8000030517578,123.6999969482422,123.8000030517578,123.8000030517578,47504
2026-08-13 10:08:00,123.8000030517578,123.9000015258789,123.6999969482422,123.9000015258789,123.9000015258789,6450
2026-08-13 10:09:00,123.8000030517578,123.9000015258789,123.8000030517578,123.9000015258789,123.9000015258789,3300
2026-08-13 10:10:00,123.9000015258789,123.9000015258789,123.5,123.5,123.5,27300
2026-08-13 10:11:00,123.5,123.6999969482422,123.4000015258789,123.6999969482422,123.6999969482422,52150
2026-08-13 10:12:00,123.6999969482422,123.8000030517578,123.6999969482422,123.8000030517578,123.8000030517578,14700
2026-08-13 10:13:00,123.9000015258789,123.9000015258789,123.9000015258789,123.9000015258789,123.9000015258789,17300
2026-08-13 10:14:00,123.9000015258789,123.9000015258789,123.6999969482422,123.6999969482422,123.6999969482422,25655
2026-08-13 10:15:00,123.6999969482422,123.6999969482422,123.6999969482422,123.6999969482422,123.6999969482422,1900
2026-08-13 10:16:00,123.6999969482422,123.9000015258789,123.6999969482422,123.9000015258789,123.9000015258789,6304
2026-08-13 10:17:00,123.8000030517578,123.8000030517578,123.6999969482422,123.6999969482422,123.6999969482422,12650
2026-08-13 10:18:00,123.8000030517578,123.8000030517578,123.8000030517578,123.8000030517578,123.8000030517578,200
2026-08-13 10:19:00,123.6999969482422,123.8000030517578,123.6999969482422,123.8000030517578,123.8000030517578,2800
2026-08-13 10:20:00,123.8000030517578,123.8000030517578,123.5999984741211,123.8000030517578,123.8000030517578,40950
2026-08-13 10:21:00,123.8000030517578,123.8000030517578,123.8000030517578,123.8000030517578,123.8000030517578,23450
2026-08-13 10:22:00,123.8000030517578,123.8000030517578,123.8000030517578,123.8000030517578,123.8000030517578,2700
2026-08-13 10:23:00,123.9000015258789,123.9000015258789,123.8000030517578,123.8000030517578,123.8000030517578,7600
2026-08-13 10:24:00,123.6999969482422,123.6999969482422,123.5,123.5,123.5,12950
2026-08-13 10:25:00,123.5999984741211,123.5999984741211,123.5,123.5,123.5,14700
2026-08-13 10:26:00,123.5999984741211,123.5999984741211,123.5999984741211,123.5999984741211,123.5999984741211,14900
2026-08-13 10:27:00,123.5999984741211,123.5999984741211,123.4000015258789,123.4000015258789,123.4000015258789,14450
2026-08-13 10:28:00,123.4000015258789,123.4000015258789,123.4000015258789,123.4000015258789,123.4000015258789,1954
2026-08-13 10:29:00,123.4000015258789,123.9000015258789,123.4000015258789,123.9000015258789,123.9000015258789,64600
2026-08-13 10:30:00,123.9000015258789,124.0999984741211,123.9000015258789,124.0999984741211,124.0999984741211,48326
2026-08-13 10:31:00,124.0,124.0999984741211,124.0,124.0,124.0,53959
2026-08-13 10:32:00,124.0,124.0,124.0,124.0,124.0,550
2026-08-13 10:33:00,123.9000015258789,124.0,123.8000030517578,123.9000015258789,123.9000015258789,31400
2026-08-13 10:34:00,124.0,124.0999984741211,124.0,124.0,124.0,21850
2026-08-13 10:35:00,124.0,124.0,123.9000015258789,124.0,124.0,22750
2026-08-13 10:36:00,124.0,124.0,124.0,124.0,124.0,950
2026-08-13 10:37:00,123.9000015258789,124.0,123.9000015258789,124.0,124.0,4300
2026-08-13 10:38:00,123.9000015258789,124.0999984741211,123.8000030517578,123.8000030517578,123.8000030517578,36573
2026-08-13 10:39:00,123.8000030517578,123.8000030517578,123.6999969482422,123.6999969482422,123.6999969482422,10305
2026-08-13 10:41:00,123.8000030517578,123.9000015258789,123.8000030517578,123.9000015258789,123.9000015258789,16400
2026-08-13 10:42:00,123.9000015258789,123.9000015258789,123.8000030517578,123.9000015258789,123.9000015258789,1300
2026-08-13 10:43:00,123.9000015258789,123.9000015258789,123.8000030517578,123.9000015258789,123.9000015258789,5250
2026-08-13 10:44:00,123.9000015258789,124.1999969482422,123.9000015258789,124.0999984741211,124.0999984741211,83902
2026-08-13 10:45:00,124.0999984741211,124.1999969482422,124.0,124.1999969482422,124.1999969482422,54250
2026-08-13 10:46:00,124.0999984741211,124.1999969482422,124.0999984741211,124.1999969482422,124.1999969482422,5050
2026-08-13 10:47:00,124.1999969482422,124.1999969482422,124.1999969482422,124.1999969482422,124.1999969482422,14397
2026-08-13 10:48:00,124.1999969482422,124.1999969482422,124.0999984741211,124.0999984741211,124.0999984741211,29659
2026-08-13 10:49:00,124.0,124.0,124.0,124.0,124.0,50
2026-08-13 10:50:00,124.0999984741211,124.1999969482422,124.0999984741211,124.0999984741211,124.0999984741211,7700
2026-08-13 10:51:00,124.1999969482422,124.1999969482422,124.0999984741211,124.1999969482422,124.1999969482422,4512
2026-08-13 10:52:00,124.1999969482422,124.1999969482422,124.1999969482422,124.1999969482422,124.1999969482422,2450
2026-08-13 10:53:00,124.1999969482422,124.1999969482422,124.1999969482422,124.1999969482422,124.1999969482422,2486
2026-08-13 10:54:00,124.1999969482422,124.1999969482422,124.0999984741211,124.1999969482422,124.1999969482422,2601
2026-08-13 10:55:00,124.1999969482422,124.1999969482422,124.0,124.0,124.0,33850
2026-08-13 10:56:00,124.0,124.0999984741211,123.9000015258789,124.0,124.0,43600
2026-08-13 10:57:00,124.0,124.0999984741211,123.9000015258789,123.9000015258789,123.9000015258789,22350
2026-08-13 10:58:00,124.0,124.0,124.0,124.0,124.0,21900
2026-08-13 10:59:00,124.0,124.0,124.0,124.0,124.0,900
2026-08-13 11:00:00,123.9000015258789,124.0,123.9000015258789,124.0,124.0,2850
2026-08-13 11:01:00,124.0,124.0,124.0,124.0,124.0,14300
2026-08-13 11:02:00,124.0,124.0,124.0,124.0,124.0,3504
2026-08-13 11:03:00,124.0,124.0,124.0,124.0,124.0,1650
2026-08-13 11:04:00,123.9000015258789,124.0,123.9000015258789,124.0,124.0,4500
2026-08-13 11:05:00,124.0,124.0,123.9000015258789,124.0,124.0,1405
2026-08-13 11:06:00,124.0,124.0,123.8000030517578,123.8000030517578,123.8000030517578,28348
2026-08-13 11:07:00,123.8000030517578,123.9000015258789,123.6999969482422,123.6999969482422,123.6999969482422,23750
2026-08-13 11:08:00,123.6999969482422,123.6999969482422,123.6999969482422,123.6999969482422,123.6999969482422,2850
2026-08-13 11:09:00,123.6999969482422,123.8000030517578,123.6999969482422,123.6999969482422,123.6999969482422,2450
2026-08-13 11:10:00,123.6999969482422,123.8000030517578,123.6999969482422,123.6999969482422,123.6999969482422,2852
2026-08-13 11:11:00,123.6999969482422,123.8000030517578,123.5999984741211,123.5999984741211,123.5999984741211,18650
2026-08-13 11:12:00,123.5999984741211,123.5999984741211,123.5,123.5,123.5,34380
2026-08-13 11:13:00,123.5,123.5,123.5,123.5,123.5,3750
2026-08-13 11:14:00,123.5,123.5999984741211,123.4000015258789,123.5,123.5,9900
2026-08-13 11:15:00,123.5,123.5999984741211,123.4000015258789,123.5,123.5,13400
2026-08-13 11:16:00,123.5,123.6999969482422,123.5,123.6999969482422,123.6999969482422,75850
2026-08-13 11:17:00,123.6999969482422,123.8000030517578,123.6999969482422,123.6999969482422,123.6999969482422,109800
2026-08-13 11:18:00,123.5999984741211,123.6999969482422,123.5999984741211,123.6999969482422,123.6999969482422,24000
2026-08-13 11:19:00,123.8000030517578,123.8000030517578,123.8000030517578,123.8000030517578,123.8000030517578,1250
2026-08-13 11:20:00,123.8000030517578,123.8000030517578,123.8000030517578,123.8000030517578,123.8000030517578,45450
2026-08-13 11:23:00,123.6999969482422,123.8000030517578,123.5999984741211,123.5999984741211,123.5999984741211,29054
2026-08-13 11:24:00,123.6999969482422,123.6999969482422,123.6999969482422,123.6999969482422,123.6999969482422,900
2026-08-13 11:25:00,123.5999984741211,123.6999969482422,123.5999984741211,123.6999969482422,123.6999969482422,3050
2026-08-13 11:26:00,123.5999984741211,123.9000015258789,123.5999984741211,123.8000030517578,123.8000030517578,56900
2026-08-13 11:27:00,123.6999969482422,123.6999969482422,123.5999984741211,123.5999984741211,123.5999984741211,21000
2026-08-13 11:28:00,123.5999984741211,123.6999969482422,123.5999984741211,123.6999969482422,123.6999969482422,500
2026-08-13 11:29:00,123.6999969482422,123.6999969482422,123.6999969482422,123.6999969482422,123.6999969482422,1000
2026-08-13 11:30:00,123.6999969482422,123.8000030517578,123.5999984741211,123.8000030517578,123.8000030517578,45600
2026-08-13 11:31:00,123.8000030517578,123.8000030517578,123.8000030517578,123.8000030517578,123.8000030517578,2650
2026-08-13 11:32:00,123.8000030517578,123.9000015258789,123.8000030517578,123.8000030517578,123.8000030517578,8050
2026-08-13 11:33:00,123.8000030517578,123.8000030517578,123.5999984741211,123.6999969482422,123.6999969482422,24200
2026-08-13 11:34:00,123.6999969482422,123.6999969482422,123.6999969482422,123.6999969482422,123.6999969482422,1050
2026-08-13 11:35:00,123.6999969482422,123.6999969482422,123.5999984741211,123.6999969482422,123.6999969482422,2935
2026-08-13 11:36:00,123.6999969482422,123.6999969482422,123.6999969482422,123.6999969482422,123.6999969482422,1650
2026-08-13 11:37:00,123.6999969482422,123.6999969482422,123.5999984741211,123.6999969482422,123.6999969482422,37200
2026-08-13 11:38:00,123.6999969482422,123.8000030517578,123.6999969482422,123.6999969482422,123.6999969482422,14500
2026-08-13 11:39:00,123.6999969482422,123.6999969482422,123.6999969482422,123.6999969482422,123.6999969482422,4200
2026-08-13 11:40:00,123.6999969482422,123.6999969482422,123.6999969482422,123.6999969482422,123.6999969482422,2200
2026-08-13 11:41:00,123.6999969482422,123.6999969482422,123.5,123.5,123.5,18150
2026-08-13 11:42:00,123.5999984741211,123.5999984741211,123.5,123.5,123.5,3050
2026-08-13 11:43:00,123.5999984741211,123.5999984741211,123.5999984741211,123.5999984741211,123.5999984741211,2150
2026-08-13 11:44:00,123.5999984741211,123.5999984741211,123.5,123.5,123.5,25750
2026-08-13 11:45:00,123.5999984741211,123.6999969482422,123.5999984741211,123.6999969482422,123.6999969482422,11600
2026-08-13 11:46:00,123.6999969482422,123.6999969482422,123.6999969482422,123.6999969482422,123.6999969482422,400
2026-08-13 11:47:00,123.6999969482422,123.6999969482422,123.6999969482422,123.6999969482422,123.6999969482422,2150
2026-08-13 11:48:00,123.6999969482422,123.6999969482422,123.5,123.5999984741211,123.5999984741211,28750
2026-08-13 11:49:00,123.5999984741211,123.5999984741211,123.5,123.5999984741211,123.5999984741211,1050
2026-08-13 11:50:00,123.5,123.6999969482422,123.5,123.5999984741211,123.5999984741211,42300
2026-08-13 11:51:00,123.6999969482422,123.6999969482422,123.6999969482422,123.6999969482422,123.6999969482422,300
2026-08-13 11:52:00,123.6999969482422,123.6999969482422,123.5999984741211,123.5999984741211,123.5999984741211,1050
2026-08-13 11:53:00,123.6999969482422,123.6999969482422,123.5,123.5,123.5,13950
2026-08-13 11:54:00,123.5999984741211,123.5999984741211,123.5999984741211,123.5999984741211,123.5999984741211,750
2026-08-13 11:55:00,123.5,123.5999984741211,123.5,123.5999984741211,123.5999984741211,4000
2026-08-13 11:56:00,123.5999984741211,123.8000030517578,123.5,123.8000030517578,123.8000030517578,51950
2026-08-13 11:57:00,123.8000030517578,123.8000030517578,123.5999984741211,123.5999984741211,123.5999984741211,35050
2026-08-13 11:58:00,123.8000030517578,123.8000030517578,123.6999969482422,123.8000030517578,123.8000030517578,2300
2026-08-13 11:59:00,123.8000030517578,123.8000030517578,123.5999984741211,123.5999984741211,123.5999984741211,14200
2026-08-13 13:00:00,123.6999969482422,123.9000015258789,123.4000015258789,123.5999984741211,123.5999984741211,181388
2026-08-13 13:01:00,123.6999969482422,123.8000030517578,123.5999984741211,123.8000030517578,123.8000030517578,29750
2026-08-13 13:02:00,123.8000030517578,123.8000030517578,123.6999969482422,123.6999969482422,123.6999969482422,9400
2026-08-13 13:03:00,123.6999969482422,123.6999969482422,123.6999969482422,123.6999969482422,123.6999969482422,32100
2026-08-13 13:04:00,123.6999969482422,123.6999969482422,123.6999969482422,123.6999969482422,123.6999969482422,10800
2026-08-13 13:05:00,123.6999969482422,123.6999969482422,123.6999969482422,123.6999969482422,123.6999969482422,11800
2026-08-13 13:06:00,123.8000030517578,123.8000030517578,123.6999969482422,123.6999969482422,123.6999969482422,49042
2026-08-13 13:07:00,123.6999969482422,123.6999969482422,123.3000030517578,123.6999969482422,123.6999969482422,99050
2026-08-13 13:08:00,123.5999984741211,123.8000030517578,123.4000015258789,123.6999969482422,123.6999969482422,127700
2026-08-13 13:09:00,123.6999969482422,123.6999969482422,123.5999984741211,123.5999984741211,123.5999984741211,2000
2026-08-13 13:10:00,123.6999969482422,123.6999969482422,123.6999969482422,123.6999969482422,123.6999969482422,5500
2026-08-13 13:11:00,123.6999969482422,123.8000030517578,123.6999969482422,123.6999969482422,123.6999969482422,31509
2026-08-13 13:12:00,123.8000030517578,123.9000015258789,123.8000030517578,123.9000015258789,123.9000015258789,9800
2026-08-13 13:13:00,123.9000015258789,123.9000015258789,123.8000030517578,123.8000030517578,123.8000030517578,1250
2026-08-13 13:14:00,123.9000015258789,123.9000015258789,123.9000015258789,123.9000015258789,123.9000015258789,1350
2026-08-13 13:15:00,123.9000015258789,123.9000015258789,123.8000030517578,123.9000015258789,123.9000015258789,21750
2026-08-13 13:16:00,123.9000015258789,123.9000015258789,123.8000030517578,123.9000015258789,123.9000015258789,23350
2026-08-13 13:17:00,123.9000015258789,123.9000015258789,123.8000030517578,123.8000030517578,123.8000030517578,33350
2026-08-13 13:18:00,123.8000030517578,123.8000030517578,123.8000030517578,123.8000030517578,123.8000030517578,23300
2026-08-13 13:19:00,123.9000015258789,123.9000015258789,123.8000030517578,123.8000030517578,123.8000030517578,200
2026-08-13 13:20:00,123.9000015258789,123.9000015258789,123.9000015258789,123.9000015258789,123.9000015258789,2600
2026-08-13 13:21:00,123.9000015258789,123.9000015258789,123.6999969482422,123.6999969482422,123.6999969482422,27559
2026-08-13 13:22:00,123.8000030517578,123.8000030517578,123.6999969482422,123.8000030517578,123.8000030517578,16150
2026-08-13 13:23:00,123.8000030517578,123.8000030517578,123.6999969482422,123.6999969482422,123.6999969482422,12500
2026-08-13 13:24:00,123.6999969482422,123.6999969482422,123.6999969482422,123.6999969482422,123.6999969482422,3500
2026-08-13 13:25:00,123.6999969482422,123.6999969482422,123.6999969482422,123.6999969482422,123.6999969482422,1550
2026-08-13 13:26:00,123.6999969482422,123.6999969482422,123.5999984741211,123.5999984741211,123.5999984741211,26100
2026-08-13 13:27:00,123.6999969482422,123.6999969482422,123.5999984741211,123.6999969482422,123.6999969482422,8650
2026-08-13 13:28:00,123.6999969482422,123.6999969482422,123.5999984741211,123.6999969482422,123.6999969482422,1650
2026-08-13 13:29:00,123.6999969482422,123.6999969482422,123.5999984741211,123.6999969482422,123.6999969482422,2450
2026-08-13 13:30:00,123.5999984741211,123.6999969482422,123.5,123.5,123.5,12504
2026-08-13 13:31:00,123.5,123.5,123.4000015258789,123.4000015258789,123.4000015258789,5450
2026-08-13 13:32:00,123.4000015258789,123.4000015258789,123.3000030517578,123.4000015258789,123.4000015258789,8200
2026-08-13 13:33:00,123.3000030517578,123.4000015258789,123.1999969482422,123.4000015258789,123.4000015258789,56750
2026-08-13 13:34:00,123.4000015258789,123.5,123.4000015258789,123.5,123.5,11900
2026-08-13 13:35:00,123.5,123.5999984741211,123.5,123.5,123.5,47450
2026-08-13 13:36:00,123.4000015258789,123.4000015258789,123.4000015258789,123.4000015258789,123.4000015258789,7850
2026-08-13 13:37:00,123.4000015258789,123.4000015258789,123.4000015258789,123.4000015258789,123.4000015258789,6300
2026-08-13 13:38:00,123.4000015258789,123.5,123.4000015258789,123.5,123.5,900
2026-08-13 13:39:00,123.5,123.5,123.4000015258789,123.5,123.5,1550
2026-08-13 13:40:00,123.5,123.5,123.5,123.5,123.5,19973
2026-08-13 13:41:00,123.5,123.5,123.5,123.5,123.5,850
2026-08-13 13:42:00,123.4000015258789,123.4000015258789,123.3000030517578,123.4000015258789,123.4000015258789,13750
2026-08-13 13:43:00,123.3000030517578,123.4000015258789,123.3000030517578,123.4000015258789,123.4000015258789,18550
2026-08-13 13:44:00,123.4000015258789,123.4000015258789,123.3000030517578,123.3000030517578,123.3000030517578,8404
2026-08-13 13:45:00,123.1999969482422,123.3000030517578,123.1999969482422,123.3000030517578,123.3000030517578,41650
2026-08-13 13:46:00,123.1999969482422,123.3000030517578,123.1999969482422,123.1999969482422,123.1999969482422,15450
2026-08-13 13:47:00,123.1999969482422,123.1999969482422,123.0999984741211,123.0999984741211,123.0999984741211,13164
2026-08-13 13:48:00,123.0999984741211,123.0999984741211,123.0999984741211,123.0999984741211,123.0999984741211,2137
2026-08-13 13:49:00,123.0999984741211,123.0999984741211,123.0999984741211,123.0999984741211,123.0999984741211,28700
2026-08-13 13:50:00,123.1999969482422,123.1999969482422,123.1999969482422,123.1999969482422,123.1999969482422,550
2026-08-13 13:51:00,123.0999984741211,123.0999984741211,123.0999984741211,123.0999984741211,123.0999984741211,1500
2026-08-13 13:52:00,123.0999984741211,123.1999969482422,123.0999984741211,123.1999969482422,123.1999969482422,1000
2026-08-13 13:53:00,123.0999984741211,123.0999984741211,123.0999984741211,123.0999984741211,123.0999984741211,752
2026-08-13 13:54:00,123.0999984741211,123.0999984741211,123.0999984741211,123.0999984741211,123.0999984741211,44400
2026-08-13 13:55:00,123.0,123.0,122.9000015258789,122.9000015258789,122.9000015258789,71350
2026-08-13 13:56:00,123.0,123.0,123.0,123.0,123.0,2950
2026-08-13 13:57:00,123.0,123.1999969482422,123.0,123.1999969482422,123.1999969482422,27600
2026-08-13 13:58:00,123.0999984741211,123.0999984741211,123.0999984741211,123.0999984741211,123.0999984741211,13100
2026-08-13 13:59:00,123.0999984741211,123.1999969482422,123.0,123.1999969482422,123.1999969482422,10850
2026-08-13 14:00:00,123.0999984741211,123.0999984741211,123.0999984741211,123.0999984741211,123.0999984741211,3750
2026-08-13 14:01:00,123.0,123.0,123.0,123.0,123.0,3150
2026-08-13 14:02:00,123.0,123.0,123.0,123.0,123.0,850
2026-08-13 14:03:00,123.0999984741211,123.0999984741211,123.0,123.0,123.0,1800
2026-08-13 14:04:00,123.0,123.0999984741211,123.0,123.0999984741211,123.0999984741211,650
2026-08-13 14:05:00,123.0,123.0,122.9000015258789,122.9000015258789,122.9000015258789,7100
2026-08-13 14:06:00,122.9000015258789,123.0999984741211,122.9000015258789,123.0,123.0,85900
2026-08-13 14:07:00,123.0,123.0,123.0,123.0,123.0,11206
2026-08-13 14:08:00,123.0,123.0,123.0,123.0,123.0,300
2026-08-13 14:09:00,123.0999984741211,123.0999984741211,123.0999984741211,123.0999984741211,123.0999984741211,25700
2026-08-13 14:10:00,123.0999984741211,123.0999984741211,123.0999984741211,123.0999984741211,123.0999984741211,1500
2026-08-13 14:11:00,123.0999984741211,123.0999984741211,123.0999984741211,123.0999984741211,123.0999984741211,150
2026-08-13 14:12:00,123.0999984741211,123.0999984741211,123.0,123.0,123.0,1202
2026-08-13 14:13:00,123.0,123.0999984741211,123.0,123.0999984741211,123.0999984741211,950
2026-08-13 14:14:00,123.0999984741211,123.0999984741211,123.0,123.0999984741211,123.0999984741211,1200
2026-08-13 14:15:00,123.0999984741211,123.0999984741211,123.0,123.0,123.0,13200
2026-08-13 14:16:00,122.9000015258789,122.9000015258789,122.9000015258789,122.9000015258789,122.9000015258789,1583
2026-08-13 14:17:00,122.9000015258789,122.9000015258789,122.9000015258789,122.9000015258789,122.9000015258789,2200
2026-08-13 14:18:00,123.0,123.0,122.9000015258789,122.9000015258789,122.9000015258789,16350
2026-08-13 14:19:00,122.9000015258789,122.9000015258789,122.6999969482422,122.6999969482422,122.6999969482422,10600
2026-08-13 14:20:00,122.6999969482422,122.6999969482422,122.6999969482422,122.6999969482422,122.6999969482422,3419
2026-08-13 14:21:00,122.6999969482422,122.6999969482422,122.6999969482422,122.6999969482422,122.6999969482422,1600
2026-08-13 14:22:00,122.6999969482422,122.8000030517578,122.6999969482422,122.6999969482422,122.6999969482422,2950
2026-08-13 14:23:00,122.6999969482422,122.8000030517578,122.6999969482422,122.6999969482422,122.6999969482422,2400
2026-08-13 14:24:00,122.6999969482422,122.8000030517578,122.6999969482422,122.8000030517578,122.8000030517578,41000
2026-08-13 14:25:00,122.9000015258789,122.9000015258789,122.6999969482422,122.8000030517578,122.8000030517578,10300
2026-08-13 14:26:00,122.6999969482422,122.8000030517578,122.6999969482422,122.8000030517578,122.8000030517578,893
2026-08-13 14:27:00,122.6999969482422,122.6999969482422,122.5999984741211,122.5999984741211,122.5999984741211,16200
2026-08-13 14:28:00,122.5999984741211,122.5999984741211,122.5,122.5999984741211,122.5999984741211,5850
2026-08-13 14:29:00,122.5999984741211,122.5999984741211,122.5,122.5,122.5,7100
2026-08-13 14:30:00,122.5999984741211,122.5999984741211,122.5,122.5,122.5,7050
2026-08-13 14:31:00,122.5,122.5999984741211,122.5,122.5999984741211,122.5999984741211,1500
2026-08-13 14:32:00,122.5999984741211,122.5999984741211,122.5,122.5999984741211,122.5999984741211,1348
2026-08-13 14:33:00,122.5,122.5999984741211,122.5,122.5,122.5,5550
2026-08-13 14:34:00,122.4000015258789,122.6999969482422,122.4000015258789,122.6999969482422,122.6999969482422,80000
2026-08-13 14:35:00,122.6999969482422,122.8000030517578,122.6999969482422,122.8000030517578,122.8000030517578,1250
2026-08-13 14:36:00,122.8000030517578,122.8000030517578,122.8000030517578,122.8000030517578,122.8000030517578,1350
2026-08-13 14:37:00,122.8000030517578,122.8000030517578,122.8000030517578,122.8000030517578,122.8000030517578,350
2026-08-13 14:38:00,122.8000030517578,122.8000030517578,122.8000030517578,122.8000030517578,122.8000030517578,3850
2026-08-13 14:39:00,122.6999969482422,122.8000030517578,122.6999969482422,122.8000030517578,122.8000030517578,719
2026-08-13 14:40:00,122.8000030517578,122.8000030517578,122.6999969482422,122.8000030517578,122.8000030517578,950
2026-08-13 14:41:00,122.8000030517578,122.8000030517578,122.6999969482422,122.6999969482422,122.6999969482422,1950
2026-08-13 14:42:00,122.6999969482422,122.6999969482422,122.5999984741211,122.5999984741211,122.5999984741211,35950
2026-08-13 14:43:00,122.5999984741211,122.6999969482422,122.5999984741211,122.5999984741211,122.5999984741211,1950
2026-08-13 14:44:00,122.5999984741211,122.6999969482422,122.5999984741211,122.6999969482422,122.6999969482422,2219
2026-08-13 14:45:00,122.5999984741211,122.6999969482422,122.5999984741211,122.5999984741211,122.5999984741211,3320
2026-08-13 14:46:00,122.5999984741211,122.6999969482422,122.5999984741211,122.6999969482422,122.6999969482422,2450
2026-08-13 14:47:00,122.5999984741211,122.6999969482422,122.5999984741211,122.6999969482422,122.6999969482422,2950
2026-08-13 14:48:00,122.5999984741211,122.6999969482422,122.5999984741211,122.6999969482422,122.6999969482422,5150
2026-08-13 14:49:00,122.6999969482422,122.6999969482422,122.5,122.5999984741211,122.5999984741211,87419
2026-08-13 14:50:00,122.5999984741211,122.8000030517578,122.5999984741211,122.6999969482422,122.6999969482422,50078
2026-08-13 14:51:00,122.8000030517578,122.8000030517578,122.8000030517578,122.8000030517578,122.8000030517578,15550
2026-08-13 14:52:00,122.8000030517578,122.8000030517578,122.6999969482422,122.6999969482422,122.6999969482422,23500
2026-08-13 14:53:00,122.6999969482422,122.9000015258789,122.6999969482422,122.9000015258789,122.9000015258789,66550
2026-08-13 14:54:00,122.8000030517578,122.9000015258789,122.8000030517578,122.9000015258789,122.9000015258789,10700
2026-08-13 14:55:00,122.8000030517578,122.9000015258789,122.8000030517578,122.9000015258789,122.9000015258789,609
2026-08-13 14:56:00,122.9000015258789,122.9000015258789,122.8000030517578,122.8000030517578,122.8000030517578,15600
2026-08-13 14:57:00,122.8000030517578,122.9000015258789,122.8000030517578,122.8000030517578,122.8000030517578,750
2026-08-13 14:58:00,122.9000015258789,122.9000015258789,122.8000030517578,122.9000015258789,122.9000015258789,1000
2026-08-13 14:59:00,122.8000030517578,122.9000015258789,122.8000030517578,122.9000015258789,122.9000015258789,1700
2026-08-13 15:00:00,122.8000030517578,122.9000015258789,122.6999969482422,122.6999969482422,122.6999969482422,19214
2026-08-13 15:01:00,122.6999969482422,122.6999969482422,122.5999984741211,122.6999969482422,122.6999969482422,11850
2026-08-13 15:02:00,122.6999969482422,122.6999969482422,122.5999984741211,122.6999969482422,122.6999969482422,11966
2026-08-13 15:03:00,122.5999984741211,122.6999969482422,122.5999984741211,122.6999969482422,122.6999969482422,1300
2026-08-13 15:04:00,122.6999969482422,122.6999969482422,122.5,122.5999984741211,122.5999984741211,22800
2026-08-13 15:05:00,122.5999984741211,122.5999984741211,122.5,122.5999984741211,122.5999984741211,1950
2026-08-13 15:06:00,122.5999984741211,122.8000030517578,122.5,122.6999969482422,122.6999969482422,111400
2026-08-13 15:07:00,122.5999984741211,122.5999984741211,122.5999984741211,122.5999984741211,122.5999984741211,8934
2026-08-13 15:08:00,122.5,122.5,122.5,122.5,122.5,47300
2026-08-13 15:09:00,122.5999984741211,122.5999984741211,122.5,122.5,122.5,3750
2026-08-13 15:10:00,122.4000015258789,122.4000015258789,122.4000015258789,122.4000015258789,122.4000015258789,2600
2026-08-13 15:11:00,122.4000015258789,122.4000015258789,122.4000015258789,122.4000015258789,122.4000015258789,2472
2026-08-13 15:12:00,122.4000015258789,122.5,122.4000015258789,122.4000015258789,122.4000015258789,2300
2026-08-13 15:13:00,122.5,122.5,122.4000015258789,122.5,122.5,1800
2026-08-13 15:14:00,122.5,122.5,122.4000015258789,122.4000015258789,122.4000015258789,5950
2026-08-13 15:15:00,122.5,122.5,122.4000015258789,122.5,122.5,120950
2026-08-13 15:16:00,122.5,122.5999984741211,122.5,122.5,122.5,8419
2026-08-13 15:17:00,122.5,122.5,122.5,122.5,122.5,37385
2026-08-13 15:18:00,122.5999984741211,122.6999969482422,122.5999984741211,122.6999969482422,122.6999969482422,45100
2026-08-13 15:19:00,122.6999969482422,122.6999969482422,122.6999969482422,122.6999969482422,122.6999969482422,900
2026-08-13 15:20:00,122.6999969482422,122.6999969482422,122.6999969482422,122.6999969482422,122.6999969482422,1200
2026-08-13 15:21:00,122.6999969482422,122.9000015258789,122.6999969482422,122.9000015258789,122.9000015258789,18100
2026-08-13 15:22:00,122.9000015258789,122.9000015258789,122.9000015258789,122.9000015258789,122.9000015258789,51650
2026-08-13 15:23:00,122.9000015258789,122.9000015258789,122.8000030517578,122.9000015258789,122.9000015258789,4122
2026-08-13 15:24:00,122.8000030517578,123.1999969482422,122.8000030517578,123.1999969482422,123.1999969482422,97438
2026-08-13 15:25:00,123.1999969482422,123.1999969482422,123.0999984741211,123.1999969482422,123.1999969482422,6215
2026-08-13 15:26:00,123.1999969482422,123.4000015258789,123.1999969482422,123.4000015258789,123.4000015258789,20050
2026-08-13 15:27:00,123.4000015258789,123.4000015258789,123.3000030517578,123.4000015258789,123.4000015258789,13450
2026-08-13 15:28:00,123.4000015258789,123.4000015258789,123.0999984741211,123.0999984741211,123.0999984741211,100550
2026-08-13 15:29:00,123.0999984741211,123.1999969482422,123.0,123.0,123.0,108750
2026-08-13 15:31:00,123.0,123.0999984741211,123.0,123.0,123.0,6750
2026-08-13 15:32:00,123.0999984741211,123.0999984741211,123.0,123.0,123.0,5550
2026-08-13 15:33:00,123.0999984741211,123.0999984741211,123.0,123.0,123.0,5600
2026-08-13 15:34:00,123.0999984741211,123.0999984741211,123.0,123.0,123.0,7050
2026-08-13 15:35:00,123.0,123.0999984741211,123.0,123.0999984741211,123.0999984741211,7000
2026-08-13 15:36:00,123.0999984741211,123.0999984741211,123.0,123.0,123.0,13400
2026-08-13 15:37:00,123.0,123.0999984741211,123.0,123.0,123.0,57000
2026-08-13 15:38:00,123.0,123.1999969482422,123.0,123.1999969482422,123.1999969482422,121950
2026-08-13 15:39:00,123.1999969482422,123.1999969482422,123.0,123.0,123.0,39600
2026-08-13 15:40:00,123.0,123.0999984741211,123.0,123.0,123.0,65098
2026-08-13 15:41:00,123.0,123.0999984741211,123.0,123.0,123.0,18450
2026-08-13 15:42:00,123.0,123.0999984741211,123.0,123.0,123.0,13450
2026-08-13 15:43:00,123.0,123.1999969482422,123.0,123.0999984741211,123.0999984741211,57700
2026-08-13 15:44:00,123.0,123.0999984741211,123.0,123.0999984741211,123.0999984741211,8450
2026-08-13 15:45:00,123.0,123.0999984741211,122.9000015258789,123.0,123.0,126464
2026-08-13 15:46:00,123.0999984741211,123.0999984741211,123.0,123.0,123.0,25350
2026-08-13 15:47:00,123.0,123.0,122.9000015258789,122.9000015258789,122.9000015258789,42100
2026-08-13 15:48:00,122.9000015258789,123.0,122.9000015258789,123.0,123.0,10950
2026-08-13 15:49:00,122.9000015258789,123.0,122.9000015258789,123.0,123.0,67550
2026-08-13 15:50:00,123.0999984741211,123.0999984741211,123.0,123.0999984741211,123.0999984741211,73750
2026-08-13 15:51:00,123.0,123.0999984741211,123.0,123.0,123.0,28650
2026-08-13 15:52:00,123.0,123.0999984741211,123.0,123.0,123.0,28104
2026-08-13 15:53:00,123.0,123.0999984741211,123.0,123.0,123.0,28400
2026-08-13 15:54:00,123.0,123.0999984741211,122.9000015258789,123.0,123.0,37867
2026-08-13 15:55:00,123.0,123.0999984741211,122.9000015258789,122.9000015258789,122.9000015258789,32500
2026-08-13 15:56:00,122.9000015258789,123.0,122.9000015258789,122.9000015258789,122.9000015258789,21250
2026-08-13 15:57:00,122.9000015258789,123.0,122.8000030517578,122.8000030517578,122.8000030517578,58650
2026-08-13 15:58:00,122.9000015258789,123.0,122.8000030517578,122.9000015258789,122.9000015258789,92150
2026-08-13 15:59:00,122.8000030517578,123.0999984741211,122.8000030517578,122.9000015258789,122.9000015258789,30750
2026-08-13 16:08:00,123.0,123.0,123.0,123.0,123.0,927230
2026-08-14 09:15:00,119.0,119.0,119.0,119.0,119.0,0
2026-08-14 09:16:00,119.0,119.0,119.0,119.0,119.0,0
2026-08-14 09:17:00,119.0,119.0,119.0,119.0,119.0,0
2026-08-14 09:18:00,119.0,119.0,119.0,119.0,119.0,0
2026-08-14 09:19:00,118.7,118.7,115.0,115.0,115.0,0
2026-08-14 09:20:00,115.0,115.0,115.0,115.0,115.0,0
2026-08-14 09:21:00,115.0,115.0,115.0,115.0,115.0,0
2026-08-14 09:22:00,115.0,115.0,115.0,115.0,115.0,0
2026-08-14 09:23:00,115.0,115.0,115.0,115.0,115.0,0
2026-08-14 09:24:00,115.0,115.0,115.0,115.0,115.0,0
2026-08-14 09:25:00,115.0,115.0,115.0,115.0,115.0,0
2026-08-14 09:26:00,115.0,115.0,115.0,115.0,115.0,0
2026-08-14 09:27:00,114.1,114.1,114.1,114.1,114.1,0
2026-08-14 09:28:00,115.3,115.3,115.3,115.3,115.3,0
2026-08-14 09:29:00,115.2,115.2,115.0,115.0,115.0,62066
2026-08-14 09:30:00,115.0,115.3000030517578,113.0,113.6999969482422,113.6999969482422,1197350
2026-08-14 09:31:00,113.8000030517578,114.0,112.5999984741211,113.0999984741211,113.0999984741211,472213
2026-08-14 09:32:00,113.0,113.4000015258789,112.8000030517578,112.9000015258789,112.9000015258789,170511
2026-08-14 09:33:00,112.9000015258789,113.5,112.8000030517578,113.5,113.5,161720
2026-08-14 09:34:00,113.4000015258789,113.5,113.0,113.0,113.0,189200
2026-08-14 09:35:00,112.9000015258789,113.0,112.3000030517578,112.4000015258789,112.4000015258789,221550
2026-08-14 09:36:00,112.4000015258789,112.5,112.0999984741211,112.4000015258789,112.4000015258789,233459
2026-08-14 09:37:00,112.4000015258789,112.5,112.3000030517578,112.5,112.5,60200
2026-08-14 09:38:00,112.5,112.5,112.3000030517578,112.5,112.5,104000
2026-08-14 09:39:00,112.5,112.5,111.8000030517578,112.0,112.0,327610
2026-08-14 09:40:00,111.9000015258789,112.0,111.5999984741211,112.0,112.0,245050
2026-08-14 09:41:00,112.0,112.1999969482422,111.9000015258789,112.0,112.0,227655
2026-08-14 09:42:00,112.0,112.3000030517578,112.0,112.3000030517578,112.3000030517578,109300
2026-08-14 09:43:00,112.3000030517578,112.3000030517578,112.0,112.0999984741211,112.0999984741211,60456
2026-08-14 09:44:00,112.0999984741211,112.3000030517578,112.0,112.1999969482422,112.1999969482422,137200
2026-08-14 09:45:00,112.1999969482422,112.3000030517578,112.0999984741211,112.1999969482422,112.1999969482422,100950
2026-08-14 09:46:00,112.1999969482422,112.5,112.1999969482422,112.4000015258789,112.4000015258789,97065
2026-08-14 09:47:00,112.4000015258789,112.4000015258789,111.8000030517578,111.9000015258789,111.9000015258789,192750
2026-08-14 09:48:00,111.9000015258789,112.0999984741211,111.8000030517578,111.9000015258789,111.9000015258789,98200
2026-08-14 09:49:00,111.9000015258789,111.9000015258789,111.8000030517578,111.8000030517578,111.8000030517578,24850
2026-08-14 09:50:00,111.9000015258789,111.9000015258789,111.3000030517578,111.4000015258789,111.4000015258789,487850
2026-08-14 09:51:00,111.5,112.0999984741211,111.5,112.0999984741211,112.0999984741211,401600
2026-08-14 09:52:00,112.0,112.0999984741211,111.8000030517578,112.0,112.0,126210
2026-08-14 09:53:00,112.0,112.1999969482422,111.9000015258789,112.0999984741211,112.0999984741211,122150
2026-08-14 09:54:00,112.1999969482422,112.5,112.0,112.0,112.0,327440
2026-08-14 09:55:00,112.0,112.0999984741211,111.9000015258789,111.9000015258789,111.9000015258789,104829
2026-08-14 09:56:00,112.0,112.0999984741211,111.8000030517578,112.0,112.0,326250
2026-08-14 09:57:00,112.0,112.0,111.8000030517578,111.9000015258789,111.9000015258789,76600
2026-08-14 09:58:00,111.8000030517578,111.9000015258789,111.8000030517578,111.9000015258789,111.9000015258789,25150
2026-08-14 09:59:00,111.9000015258789,111.9000015258789,111.5999984741211,111.8000030517578,111.8000030517578,76250
2026-08-14 10:00:00,111.8000030517578,111.8000030517578,111.5999984741211,111.5999984741211,111.5999984741211,129067
2026-08-14 10:01:00,111.6999969482422,111.9000015258789,111.6999969482422,111.9000015258789,111.9000015258789,76410
2026-08-14 10:02:00,111.9000015258789,111.9000015258789,111.5,111.6999969482422,111.6999969482422,126650
2026-08-14 10:03:00,111.6999969482422,111.9000015258789,111.5999984741211,111.8000030517578,111.8000030517578,76800
2026-08-14 10:04:00,111.9000015258789,111.9000015258789,111.5999984741211,111.6999969482422,111.6999969482422,90614
2026-08-14 10:05:00,111.6999969482422,111.8000030517578,111.5999984741211,111.5999984741211,111.5999984741211,20270
2026-08-14 10:06:00,111.6999969482422,111.8000030517578,111.6999969482422,111.8000030517578,111.8000030517578,77850
2026-08-14 10:07:00,111.8000030517578,111.8000030517578,111.6999969482422,111.8000030517578,111.8000030517578,37409
2026-08-14 10:08:00,111.6999969482422,111.6999969482422,111.0,111.3000030517578,111.3000030517578,601450
2026-08-14 10:09:00,111.3000030517578,111.3000030517578,111.1999969482422,111.1999969482422,111.1999969482422,121100
2026-08-14 10:10:00,111.1999969482422,111.3000030517578,111.0999984741211,111.1999969482422,111.1999969482422,58950
2026-08-14 10:11:00,111.0999984741211,111.3000030517578,111.0999984741211,111.3000030517578,111.3000030517578,280550
2026-08-14 10:12:00,111.3000030517578,111.4000015258789,111.1999969482422,111.4000015258789,111.4000015258789,144650
2026-08-14 10:13:00,111.3000030517578,111.5,111.0999984741211,111.4000015258789,111.4000015258789,411600
2026-08-14 10:14:00,111.4000015258789,111.4000015258789,111.0999984741211,111.4000015258789,111.4000015258789,154150
2026-08-14 10:15:00,111.3000030517578,111.4000015258789,111.1999969482422,111.3000030517578,111.3000030517578,52875
2026-08-14 10:16:00,111.1999969482422,111.4000015258789,111.0999984741211,111.4000015258789,111.4000015258789,73650
2026-08-14 10:17:00,111.4000015258789,111.5999984741211,111.3000030517578,111.3000030517578,111.3000030517578,451650
2026-08-14 10:18:00,111.3000030517578,111.5,111.3000030517578,111.5,111.5,52500
2026-08-14 10:19:00,111.4000015258789,111.9000015258789,111.4000015258789,111.9000015258789,111.9000015258789,240169
2026-08-14 10:20:00,111.9000015258789,112.0,111.6999969482422,111.8000030517578,111.8000030517578,73450
2026-08-14 10:21:00,111.6999969482422,111.6999969482422,111.6999969482422,111.6999969482422,111.6999969482422,10704
2026-08-14 10:22:00,111.6999969482422,111.9000015258789,111.6999969482422,111.8000030517578,111.8000030517578,46650
2026-08-14 10:23:00,111.8000030517578,111.8000030517578,111.4000015258789,111.5999984741211,111.5999984741211,44000
2026-08-14 10:24:00,111.5999984741211,111.6999969482422,111.5999984741211,111.6999969482422,111.6999969482422,45400
2026-08-14 10:25:00,111.6999969482422,111.6999969482422,111.5,111.5,111.5,525000
2026-08-14 10:26:00,111.5,111.5999984741211,111.4000015258789,111.5999984741211,111.5999984741211,48600
2026-08-14 10:27:00,111.5999984741211,111.6999969482422,111.5,111.5,111.5,83150
2026-08-14 10:28:00,111.5999984741211,111.5999984741211,111.5,111.5999984741211,111.5999984741211,4750
2026-08-14 10:29:00,111.5999984741211,111.5999984741211,111.4000015258789,111.4000015258789,111.4000015258789,38350
2026-08-14 10:30:00,111.5,111.5,111.4000015258789,111.5,111.5,13250
2026-08-14 10:31:00,111.5,111.5999984741211,111.4000015258789,111.5999984741211,111.5999984741211,67200
2026-08-14 10:32:00,111.5999984741211,111.6999969482422,111.5,111.5,111.5,56400
2026-08-14 10:33:00,111.5,111.5,111.3000030517578,111.5,111.5,88550
2026-08-14 10:34:00,111.5,111.9000015258789,111.4000015258789,111.8000030517578,111.8000030517578,160080
2026-08-14 10:35:00,111.8000030517578,112.0,111.6999969482422,111.6999969482422,111.6999969482422,62305
2026-08-14 10:36:00,111.6999969482422,112.0,111.6999969482422,112.0,112.0,66133
2026-08-14 10:37:00,112.0999984741211,112.0999984741211,112.0,112.0999984741211,112.0999984741211,321924
2026-08-14 10:38:00,112.0999984741211,112.1999969482422,112.0,112.0999984741211,112.0999984741211,102450
2026-08-14 10:39:00,112.0999984741211,112.0999984741211,111.8000030517578,112.0999984741211,112.0999984741211,137660
2026-08-14 10:40:00,112.0999984741211,112.1999969482422,112.0999984741211,112.1999969482422,112.1999969482422,28950
2026-08-14 10:41:00,112.1999969482422,112.1999969482422,112.0,112.0,112.0,28478
2026-08-14 10:42:00,112.1999969482422,112.1999969482422,112.0,112.1999969482422,112.1999969482422,17400
2026-08-14 10:43:00,112.1999969482422,112.1999969482422,112.0,112.1999969482422,112.1999969482422,54800
2026-08-14 10:44:00,112.1999969482422,112.5999984741211,112.1999969482422,112.5999984741211,112.5999984741211,160782
2026-08-14 10:45:00,112.5999984741211,112.6999969482422,112.5,112.5999984741211,112.5999984741211,27650
2026-08-14 10:46:00,112.5999984741211,112.5999984741211,112.3000030517578,112.3000030517578,112.3000030517578,74550
2026-08-14 10:47:00,112.3000030517578,112.5,112.1999969482422,112.5,112.5,76650
2026-08-14 10:48:00,112.5,112.5999984741211,112.5,112.5,112.5,265200
2026-08-14 10:49:00,112.5999984741211,112.6999969482422,112.5,112.5999984741211,112.5999984741211,37100
2026-08-14 10:50:00,112.5999984741211,112.6999969482422,112.4000015258789,112.5999984741211,112.5999984741211,119000
2026-08-14 10:51:00,112.5999984741211,113.0,112.5999984741211,113.0,113.0,37578
2026-08-14 10:52:00,113.0,113.0,113.0,113.0,113.0,246650
2026-08-14 10:53:00,113.0,113.0,112.8000030517578,112.9000015258789,112.9000015258789,60200
2026-08-14 10:54:00,112.9000015258789,112.9000015258789,112.9000015258789,112.9000015258789,112.9000015258789,17600
2026-08-14 10:55:00,112.9000015258789,112.9000015258789,112.6999969482422,112.6999969482422,112.6999969482422,31800
2026-08-14 10:56:00,112.6999969482422,112.9000015258789,112.6999969482422,112.8000030517578,112.8000030517578,50850
2026-08-14 10:57:00,112.8000030517578,112.8000030517578,112.6999969482422,112.8000030517578,112.8000030517578,16950
2026-08-14 10:58:00,112.8000030517578,112.8000030517578,112.6999969482422,112.8000030517578,112.8000030517578,12400
2026-08-14 10:59:00,112.8000030517578,112.8000030517578,112.6999969482422,112.8000030517578,112.8000030517578,9300
2026-08-14 11:00:00,112.8000030517578,112.8000030517578,112.5999984741211,112.6999969482422,112.6999969482422,95650
2026-08-14 11:01:00,112.6999969482422,112.6999969482422,112.5999984741211,112.6999969482422,112.6999969482422,3450
2026-08-14 11:02:00,112.6999969482422,112.6999969482422,112.5,112.5999984741211,112.5999984741211,21400
2026-08-14 11:03:00,112.5999984741211,112.5999984741211,112.1999969482422,112.1999969482422,112.1999969482422,58800
2026-08-14 11:04:00,112.3000030517578,112.3000030517578,112.1999969482422,112.3000030517578,112.3000030517578,25800
2026-08-14 11:05:00,112.1999969482422,112.3000030517578,112.1999969482422,112.1999969482422,112.1999969482422,16850
2026-08-14 11:06:00,112.3000030517578,112.3000030517578,112.1999969482422,112.3000030517578,112.3000030517578,6850
2026-08-14 11:07:00,112.3000030517578,112.3000030517578,112.1999969482422,112.3000030517578,112.3000030517578,11600
2026-08-14 11:08:00,112.3000030517578,112.3000030517578,112.1999969482422,112.3000030517578,112.3000030517578,6650
2026-08-14 11:09:00,112.3000030517578,112.3000030517578,112.1999969482422,112.3000030517578,112.3000030517578,7350
2026-08-14 11:10:00,112.3000030517578,112.3000030517578,112.3000030517578,112.3000030517578,112.3000030517578,8850
2026-08-14 11:11:00,112.3000030517578,112.3000030517578,112.1999969482422,112.1999969482422,112.1999969482422,13650
2026-08-14 11:12:00,112.1999969482422,112.1999969482422,112.0,112.0,112.0,65059
2026-08-14 11:13:00,112.0999984741211,112.3000030517578,112.0999984741211,112.0999984741211,112.0999984741211,97000
2026-08-14 11:14:00,112.0999984741211,112.3000030517578,112.0999984741211,112.3000030517578,112.3000030517578,26100
2026-08-14 11:15:00,112.3000030517578,112.3000030517578,112.0999984741211,112.0999984741211,112.0999984741211,50150
2026-08-14 11:16:00,112.0999984741211,112.1999969482422,112.0999984741211,112.1999969482422,112.1999969482422,4450
2026-08-14 11:17:00,112.1999969482422,112.1999969482422,112.0999984741211,112.0999984741211,112.0999984741211,38900
2026-08-14 11:18:00,112.0,112.0999984741211,112.0,112.0999984741211,112.0999984741211,8050
2026-08-14 11:19:00,112.0,112.0,111.9000015258789,111.9000015258789,111.9000015258789,100313
2026-08-14 11:20:00,112.0,112.0,111.9000015258789,112.0,112.0,2600
2026-08-14 11:21:00,112.0,112.0,111.6999969482422,111.6999969482422,111.6999969482422,94766
2026-08-14 11:22:00,111.6999969482422,111.6999969482422,111.5999984741211,111.5999984741211,111.5999984741211,58300
2026-08-14 11:23:00,111.6999969482422,111.6999969482422,111.5,111.5,111.5,40450
2026-08-14 11:24:00,111.5,111.6999969482422,111.4000015258789,111.4000015258789,111.4000015258789,210580
2026-08-14 11:25:00,111.4000015258789,111.5,111.4000015258789,111.5,111.5,7450
2026-08-14 11:26:00,111.5,111.5999984741211,111.1999969482422,111.3000030517578,111.3000030517578,418050
2026-08-14 11:27:00,111.1999969482422,111.4000015258789,111.1999969482422,111.1999969482422,111.1999969482422,80077
2026-08-14 11:28:00,111.1999969482422,111.3000030517578,111.1999969482422,111.1999969482422,111.1999969482422,62295
2026-08-14 11:29:00,111.3000030517578,111.3000030517578,111.0,111.0,111.0,95479
2026-08-14 11:30:00,111.0,111.0999984741211,111.0,111.0,111.0,3700
2026-08-14 11:31:00,111.0999984741211,111.0999984741211,111.0,111.0999984741211,111.0999984741211,7073
2026-08-14 11:32:00,111.0999984741211,111.0999984741211,111.0,111.0999984741211,111.0999984741211,19404
2026-08-14 11:33:00,111.0999984741211,111.0999984741211,111.0,111.0999984741211,111.0999984741211,49527
2026-08-14 11:34:00,111.0999984741211,111.0999984741211,111.0,111.0999984741211,111.0999984741211,26500
2026-08-14 11:35:00,111.0999984741211,111.0999984741211,111.0,111.0999984741211,111.0999984741211,15900
2026-08-14 11:36:00,111.0999984741211,111.0999984741211,111.0,111.0999984741211,111.0999984741211,7300
2026-08-14 11:37:00,111.0999984741211,111.0999984741211,110.0999984741211,110.4000015258789,110.4000015258789,542300
2026-08-14 11:38:00,110.4000015258789,110.5999984741211,110.3000030517578,110.5999984741211,110.5999984741211,53400
2026-08-14 11:39:00,110.5999984741211,110.9000015258789,110.5999984741211,110.9000015258789,110.9000015258789,52700
2026-08-14 11:40:00,110.9000015258789,111.0,110.9000015258789,111.0,111.0,17700
2026-08-14 11:41:00,111.0,111.0,110.8000030517578,110.9000015258789,110.9000015258789,22250
2026-08-14 11:42:00,110.9000015258789,110.9000015258789,110.8000030517578,110.9000015258789,110.9000015258789,7000
2026-08-14 11:43:00,110.9000015258789,111.0,110.8000030517578,110.9000015258789,110.9000015258789,21200
2026-08-14 11:44:00,110.8000030517578,110.9000015258789,110.8000030517578,110.9000015258789,110.9000015258789,380
2026-08-14 11:45:00,110.9000015258789,110.9000015258789,110.8000030517578,110.9000015258789,110.9000015258789,2780
2026-08-14 11:46:00,110.8000030517578,110.9000015258789,110.8000030517578,110.9000015258789,110.9000015258789,3800
2026-08-14 11:47:00,110.9000015258789,110.9000015258789,110.8000030517578,110.8000030517578,110.8000030517578,9445
2026-08-14 11:48:00,110.8000030517578,110.9000015258789,110.8000030517578,110.9000015258789,110.9000015258789,6900
2026-08-14 11:49:00,110.9000015258789,110.9000015258789,110.5999984741211,110.6999969482422,110.6999969482422,56400
2026-08-14 11:50:00,110.5999984741211,110.6999969482422,110.4000015258789,110.6999969482422,110.6999969482422,142450
2026-08-14 11:51:00,110.6999969482422,110.6999969482422,110.6999969482422,110.6999969482422,110.6999969482422,3550
2026-08-14 11:52:00,110.6999969482422,110.8000030517578,110.5999984741211,110.8000030517578,110.8000030517578,88595
2026-08-14 11:53:00,110.8000030517578,110.8000030517578,110.6999969482422,110.8000030517578,110.8000030517578,26050
2026-08-14 11:54:00,110.6999969482422,110.8000030517578,110.6999969482422,110.8000030517578,110.8000030517578,40600
2026-08-14 11:55:00,110.8000030517578,110.9000015258789,110.6999969482422,110.6999969482422,110.6999969482422,109500
2026-08-14 11:56:00,110.6999969482422,110.6999969482422,110.6999969482422,110.6999969482422,110.6999969482422,5650
2026-08-14 11:57:00,110.6999969482422,110.6999969482422,110.5999984741211,110.6999969482422,110.6999969482422,3450
2026-08-14 11:58:00,110.6999969482422,110.6999969482422,110.4000015258789,110.5999984741211,110.5999984741211,143350
2026-08-14 11:59:00,110.5999984741211,110.9000015258789,110.5,110.9000015258789,110.9000015258789,34500
2026-08-14 13:00:00,110.6999969482422,110.9000015258789,109.5,109.5999984741211,109.5999984741211,808992
2026-08-14 13:01:00,109.5999984741211,109.5999984741211,109.5,109.5999984741211,109.5999984741211,45080
2026-08-14 13:02:00,109.5999984741211,109.9000015258789,109.4000015258789,109.8000030517578,109.8000030517578,330350
2026-08-14 13:03:00,109.6999969482422,109.8000030517578,109.6999969482422,109.6999969482422,109.6999969482422,18400
2026-08-14 13:04:00,109.8000030517578,109.9000015258789,109.6999969482422,109.9000015258789,109.9000015258789,96900
2026-08-14 13:05:00,109.8000030517578,109.9000015258789,109.6999969482422,109.8000030517578,109.8000030517578,129510
2026-08-14 13:06:00,109.6999969482422,109.8000030517578,109.5999984741211,109.8000030517578,109.8000030517578,107650
2026-08-14 13:07:00,109.8000030517578,109.8000030517578,109.6999969482422,109.6999969482422,109.6999969482422,7850
2026-08-14 13:08:00,109.6999969482422,110.0,109.6999969482422,110.0,110.0,122850
2026-08-14 13:09:00,110.0,110.0,109.9000015258789,110.0,110.0,4450
2026-08-14 13:10:00,110.0,110.0,109.5999984741211,109.5999984741211,109.5999984741211,254650
2026-08-14 13:11:00,109.5999984741211,109.9000015258789,109.5999984741211,109.9000015258789,109.9000015258789,97900
2026-08-14 13:12:00,109.8000030517578,110.0,109.8000030517578,110.0,110.0,49400
2026-08-14 13:13:00,110.0,110.0,109.9000015258789,109.9000015258789,109.9000015258789,15750
2026-08-14 13:14:00,110.0,110.0,109.8000030517578,109.9000015258789,109.9000015258789,69700
2026-08-14 13:15:00,109.9000015258789,110.0999984741211,109.8000030517578,109.8000030517578,109.8000030517578,53750
2026-08-14 13:16:00,109.9000015258789,109.9000015258789,109.8000030517578,109.9000015258789,109.9000015258789,3750
2026-08-14 13:17:00,109.8000030517578,110.0999984741211,109.8000030517578,110.0999984741211,110.0999984741211,74215
2026-08-14 13:18:00,110.0,110.0,110.0,110.0,110.0,26200
2026-08-14 13:19:00,109.9000015258789,110.0,109.9000015258789,110.0,110.0,4750
2026-08-14 13:20:00,110.0,110.0999984741211,110.0,110.0,110.0,108800
2026-08-14 13:21:00,110.0,110.0,109.9000015258789,109.9000015258789,109.9000015258789,184750
2026-08-14 13:22:00,109.9000015258789,109.9000015258789,109.8000030517578,109.8000030517578,109.8000030517578,94400
2026-08-14 13:23:00,109.8000030517578,109.9000015258789,109.8000030517578,109.8000030517578,109.8000030517578,41900
2026-08-14 13:24:00,109.9000015258789,109.9000015258789,109.8000030517578,109.8000030517578,109.8000030517578,13150
2026-08-14 13:25:00,109.8000030517578,110.0,109.8000030517578,110.0,110.0,41748
2026-08-14 13:26:00,110.0,110.0999984741211,109.9000015258789,110.0999984741211,110.0999984741211,60200
2026-08-14 13:27:00,110.0999984741211,110.3000030517578,110.0999984741211,110.3000030517578,110.3000030517578,60314
2026-08-14 13:28:00,110.3000030517578,110.3000030517578,110.1999969482422,110.3000030517578,110.3000030517578,9250
2026-08-14 13:29:00,110.3000030517578,110.3000030517578,110.1999969482422,110.3000030517578,110.3000030517578,3250
2026-08-14 13:30:00,110.3000030517578,110.3000030517578,110.1999969482422,110.3000030517578,110.3000030517578,14600
2026-08-14 13:31:00,110.1999969482422,110.3000030517578,110.1999969482422,110.1999969482422,110.1999969482422,3400
2026-08-14 13:32:00,110.3000030517578,110.3000030517578,110.1999969482422,110.3000030517578,110.3000030517578,11250
2026-08-14 13:33:00,110.3000030517578,110.3000030517578,110.1999969482422,110.3000030517578,110.3000030517578,20550
2026-08-14 13:34:00,110.3000030517578,110.3000030517578,110.1999969482422,110.1999969482422,110.1999969482422,5550
2026-08-14 13:35:00,110.1999969482422,110.3000030517578,110.1999969482422,110.3000030517578,110.3000030517578,3100
2026-08-14 13:36:00,110.3000030517578,110.4000015258789,110.3000030517578,110.4000015258789,110.4000015258789,58383
2026-08-14 13:37:00,110.4000015258789,110.5,110.3000030517578,110.5,110.5,76415
2026-08-14 13:38:00,110.5,110.6999969482422,110.3000030517578,110.3000030517578,110.3000030517578,268800
2026-08-14 13:39:00,110.4000015258789,110.4000015258789,110.3000030517578,110.4000015258789,110.4000015258789,44200
2026-08-14 13:40:00,110.4000015258789,110.8000030517578,110.3000030517578,110.6999969482422,110.6999969482422,85200
2026-08-14 13:41:00,110.6999969482422,110.8000030517578,110.6999969482422,110.8000030517578,110.8000030517578,59750
2026-08-14 13:42:00,110.6999969482422,110.8000030517578,110.5999984741211,110.5999984741211,110.5999984741211,28950
2026-08-14 13:43:00,110.5,110.6999969482422,110.4000015258789,110.5,110.5,126600
2026-08-14 13:44:00,110.4000015258789,110.4000015258789,110.3000030517578,110.3000030517578,110.3000030517578,16200
2026-08-14 13:45:00,110.3000030517578,110.4000015258789,110.3000030517578,110.3000030517578,110.3000030517578,37800
2026-08-14 13:46:00,110.3000030517578,110.5,110.0999984741211,110.0999984741211,110.0999984741211,251600
2026-08-14 13:47:00,110.0999984741211,110.1999969482422,110.0999984741211,110.1999969482422,110.1999969482422,10550
2026-08-14 13:48:00,110.0999984741211,110.1999969482422,110.0999984741211,110.1999969482422,110.1999969482422,1000
2026-08-14 13:49:00,110.1999969482422,110.3000030517578,110.0999984741211,110.3000030517578,110.3000030517578,73200
2026-08-14 13:50:00,110.1999969482422,110.3000030517578,110.0999984741211,110.0999984741211,110.0999984741211,151700
2026-08-14 13:51:00,110.0999984741211,110.1999969482422,110.0,110.0999984741211,110.0999984741211,71450
2026-08-14 13:52:00,110.0,110.0999984741211,110.0,110.0,110.0,14150
2026-08-14 13:53:00,110.0,110.0999984741211,109.9000015258789,110.0,110.0,75650
2026-08-14 13:54:00,110.0,110.1999969482422,109.9000015258789,110.0999984741211,110.0999984741211,323150
2026-08-14 13:55:00,110.1999969482422,110.5,110.0999984741211,110.5,110.5,98800
2026-08-14 13:56:00,110.5,110.5,110.1999969482422,110.4000015258789,110.4000015258789,195108
2026-08-14 13:57:00,110.4000015258789,110.4000015258789,110.3000030517578,110.3000030517578,110.3000030517578,11500
2026-08-14 13:58:00,110.4000015258789,110.4000015258789,110.3000030517578,110.3000030517578,110.3000030517578,7800
2026-08-14 13:59:00,110.3000030517578,110.4000015258789,110.3000030517578,110.4000015258789,110.4000015258789,7800
2026-08-14 14:00:00,110.3000030517578,110.4000015258789,110.3000030517578,110.4000015258789,110.4000015258789,17200
2026-08-14 14:01:00,110.3000030517578,110.4000015258789,110.3000030517578,110.4000015258789,110.4000015258789,17950
2026-08-14 14:02:00,110.3000030517578,110.4000015258789,110.3000030517578,110.4000015258789,110.4000015258789,34319
2026-08-14 14:03:00,110.3000030517578,110.4000015258789,110.3000030517578,110.4000015258789,110.4000015258789,30955
2026-08-14 14:04:00,110.3000030517578,110.4000015258789,110.0999984741211,110.0999984741211,110.0999984741211,216750
2026-08-14 14:05:00,110.1999969482422,110.1999969482422,110.0,110.0999984741211,110.0999984741211,150400
2026-08-14 14:06:00,110.0999984741211,110.1999969482422,109.9000015258789,109.9000015258789,109.9000015258789,57650
2026-08-14 14:07:00,109.9000015258789,110.0,109.9000015258789,109.9000015258789,109.9000015258789,5250
2026-08-14 14:08:00,110.0,110.0999984741211,110.0,110.0,110.0,105750
2026-08-14 14:09:00,110.0999984741211,110.0999984741211,110.0,110.0999984741211,110.0999984741211,10100
2026-08-14 14:10:00,110.0999984741211,110.0999984741211,109.6999969482422,109.6999969482422,109.6999969482422,317800
2026-08-14 14:11:00,109.6999969482422,109.9000015258789,109.6999969482422,109.9000015258789,109.9000015258789,106150
2026-08-14 14:12:00,109.9000015258789,109.9000015258789,109.8000030517578,109.8000030517578,109.8000030517578,5000
2026-08-14 14:13:00,109.8000030517578,109.9000015258789,109.8000030517578,109.9000015258789,109.9000015258789,7450
2026-08-14 14:14:00,109.8000030517578,110.0999984741211,109.8000030517578,110.0,110.0,133550
2026-08-14 14:15:00,110.0,110.0,109.9000015258789,109.9000015258789,109.9000015258789,29450
2026-08-14 14:16:00,110.0,110.0,109.9000015258789,110.0,110.0,3950
2026-08-14 14:17:00,109.9000015258789,110.0,109.9000015258789,110.0,110.0,19600
2026-08-14 14:18:00,110.0,110.0,109.9000015258789,110.0,110.0,15000
2026-08-14 14:19:00,109.9000015258789,110.0,109.9000015258789,110.0,110.0,4750
2026-08-14 14:20:00,110.0,110.0,109.9000015258789,110.0,110.0,7700
2026-08-14 14:21:00,109.9000015258789,110.0,109.9000015258789,110.0,110.0,6050
2026-08-14 14:22:00,109.9000015258789,110.0999984741211,109.9000015258789,110.0,110.0,178000
2026-08-14 14:23:00,110.0,110.0,110.0,110.0,110.0,5450
2026-08-14 14:24:00,110.0,110.0,109.9000015258789,110.0,110.0,3600
2026-08-14 14:25:00,110.0,110.0,109.8000030517578,109.8000030517578,109.8000030517578,175769
2026-08-14 14:26:00,109.9000015258789,109.9000015258789,109.8000030517578,109.8000030517578,109.8000030517578,12400
2026-08-14 14:27:00,109.9000015258789,109.9000015258789,109.5999984741211,109.5999984741211,109.5999984741211,365500
2026-08-14 14:28:00,109.5999984741211,109.6999969482422,109.5999984741211,109.5999984741211,109.5999984741211,17700
2026-08-14 14:29:00,109.5999984741211,109.6999969482422,109.5,109.5,109.5,15050
2026-08-14 14:30:00,109.5999984741211,109.5999984741211,109.5,109.5,109.5,4000
2026-08-14 14:31:00,109.5,109.5999984741211,109.5,109.5,109.5,91896
2026-08-14 14:32:00,109.5999984741211,109.5999984741211,109.5,109.5,109.5,20650
2026-08-14 14:33:00,109.5999984741211,109.5999984741211,109.5,109.5,109.5,21700
2026-08-14 14:34:00,109.5999984741211,109.6999969482422,109.5,109.5999984741211,109.5999984741211,183000
2026-08-14 14:35:00,109.5999984741211,109.6999969482422,109.5,109.5999984741211,109.5999984741211,161150
2026-08-14 14:36:00,109.5999984741211,109.5999984741211,109.5,109.5999984741211,109.5999984741211,4150
2026-08-14 14:37:00,109.5,109.5999984741211,109.5,109.5999984741211,109.5999984741211,6450
2026-08-14 14:38:00,109.5999984741211,109.5999984741211,109.5,109.5999984741211,109.5999984741211,8950
2026-08-14 14:39:00,109.5,109.9000015258789,109.5,109.5999984741211,109.5999984741211,261050
2026-08-14 14:40:00,109.6999969482422,109.6999969482422,109.6999969482422,109.6999969482422,109.6999969482422,26450
2026-08-14 14:41:00,109.5999984741211,109.6999969482422,109.5999984741211,109.6999969482422,109.6999969482422,5650
2026-08-14 14:42:00,109.6999969482422,109.6999969482422,109.5999984741211,109.6999969482422,109.6999969482422,11400
2026-08-14 14:43:00,109.6999969482422,109.6999969482422,109.3000030517578,109.4000015258789,109.4000015258789,344751
2026-08-14 14:44:00,109.4000015258789,109.4000015258789,109.1999969482422,109.4000015258789,109.4000015258789,200150
2026-08-14 14:45:00,109.4000015258789,109.4000015258789,109.3000030517578,109.4000015258789,109.4000015258789,6000
2026-08-14 14:46:00,109.4000015258789,109.6999969482422,109.4000015258789,109.5999984741211,109.5999984741211,133950
2026-08-14 14:47:00,109.5,109.5999984741211,109.5,109.5999984741211,109.5999984741211,4050
2026-08-14 14:48:00,109.5999984741211,109.6999969482422,109.5999984741211,109.5999984741211,109.5999984741211,72620
2026-08-14 14:49:00,109.5999984741211,109.5999984741211,109.4000015258789,109.4000015258789,109.4000015258789,84900
2026-08-14 14:50:00,109.5,109.5,109.4000015258789,109.4000015258789,109.4000015258789,11400
2026-08-14 14:51:00,109.4000015258789,109.5,109.4000015258789,109.5,109.5,11900
2026-08-14 14:52:00,109.5,109.5999984741211,109.5,109.5999984741211,109.5999984741211,79350
2026-08-14 14:53:00,109.5,109.5999984741211,109.5,109.5999984741211,109.5999984741211,14700
2026-08-14 14:54:00,109.5999984741211,109.5999984741211,109.3000030517578,109.4000015258789,109.4000015258789,124000
2026-08-14 14:55:00,109.4000015258789,109.5,109.3000030517578,109.5,109.5,108100
2026-08-14 14:56:00,109.5,109.5,109.5,109.5,109.5,6350
2026-08-14 14:57:00,109.5,109.9000015258789,109.5,109.9000015258789,109.9000015258789,255100
2026-08-14 14:58:00,109.9000015258789,109.9000015258789,109.8000030517578,109.9000015258789,109.9000015258789,62100
2026-08-14 14:59:00,109.9000015258789,109.9000015258789,109.8000030517578,109.9000015258789,109.9000015258789,15704
2026-08-14 15:00:00,109.9000015258789,109.9000015258789,109.8000030517578,109.9000015258789,109.9000015258789,12850
2026-08-14 15:01:00,109.9000015258789,109.9000015258789,109.8000030517578,109.9000015258789,109.9000015258789,18250
2026-08-14 15:02:00,109.9000015258789,109.9000015258789,109.8000030517578,109.9000015258789,109.9000015258789,27202
2026-08-14 15:03:00,109.9000015258789,109.9000015258789,109.8000030517578,109.9000015258789,109.9000015258789,18111
2026-08-14 15:04:00,109.9000015258789,109.9000015258789,109.8000030517578,109.9000015258789,109.9000015258789,27613
2026-08-14 15:05:00,109.9000015258789,109.9000015258789,109.5999984741211,109.6999969482422,109.6999969482422,225200
2026-08-14 15:06:00,109.6999969482422,109.6999969482422,109.5999984741211,109.5999984741211,109.5999984741211,33050
2026-08-14 15:07:00,109.5999984741211,109.6999969482422,109.5999984741211,109.6999969482422,109.6999969482422,12650
2026-08-14 15:08:00,109.6999969482422,109.6999969482422,109.5,109.5,109.5,109850
2026-08-14 15:09:00,109.5,109.6999969482422,109.5,109.5999984741211,109.5999984741211,211970
2026-08-14 15:10:00,109.5999984741211,109.5999984741211,109.5,109.5,109.5,45800
2026-08-14 15:11:00,109.5,109.5999984741211,109.5,109.5999984741211,109.5999984741211,18400
2026-08-14 15:12:00,109.5999984741211,109.9000015258789,109.5999984741211,109.9000015258789,109.9000015258789,251550
2026-08-14 15:13:00,109.9000015258789,109.9000015258789,109.6999969482422,109.8000030517578,109.8000030517578,127600
2026-08-14 15:14:00,109.8000030517578,109.8000030517578,109.6999969482422,109.8000030517578,109.8000030517578,26800
2026-08-14 15:15:00,109.6999969482422,109.8000030517578,109.5999984741211,109.5999984741211,109.5999984741211,123600
2026-08-14 15:16:00,109.5999984741211,109.6999969482422,109.5999984741211,109.6999969482422,109.6999969482422,53150
2026-08-14 15:17:00,109.5999984741211,109.6999969482422,109.5,109.5999984741211,109.5999984741211,195850
2026-08-14 15:18:00,109.5999984741211,109.5999984741211,109.5,109.5999984741211,109.5999984741211,37000
2026-08-14 15:19:00,109.5999984741211,109.5999984741211,109.5,109.5999984741211,109.5999984741211,155700
2026-08-14 15:20:00,109.5,109.5999984741211,109.5,109.5999984741211,109.5999984741211,19900
2026-08-14 15:21:00,109.5,109.5999984741211,109.5,109.5999984741211,109.5999984741211,34850
2026-08-14 15:22:00,109.5999984741211,109.5999984741211,109.5,109.5999984741211,109.5999984741211,31600
2026-08-14 15:23:00,109.5,109.5999984741211,109.3000030517578,109.4000015258789,109.4000015258789,351400
2026-08-14 15:24:00,109.3000030517578,109.5999984741211,109.3000030517578,109.5,109.5,206050
2026-08-14 15:25:00,109.4000015258789,109.4000015258789,109.3000030517578,109.3000030517578,109.3000030517578,65500
2026-08-14 15:26:00,109.3000030517578,109.4000015258789,109.3000030517578,109.4000015258789,109.4000015258789,31150
2026-08-14 15:27:00,109.3000030517578,109.5,109.3000030517578,109.5,109.5,128050
2026-08-14 15:28:00,109.5,109.5,109.4000015258789,109.5,109.5,29073
2026-08-14 15:29:00,109.4000015258789,109.5,109.4000015258789,109.5,109.5,53750
2026-08-14 15:30:00,109.5,109.5,109.4000015258789,109.5,109.5,34800
2026-08-14 15:31:00,109.5,109.5,109.4000015258789,109.5,109.5,33850
2026-08-14 15:32:00,109.5,109.5,109.4000015258789,109.5,109.5,54800
2026-08-14 15:33:00,109.5,109.5,109.4000015258789,109.5,109.5,122350
2026-08-14 15:34:00,109.5,109.8000030517578,109.5,109.8000030517578,109.8000030517578,375000
2026-08-14 15:35:00,109.8000030517578,109.8000030517578,109.5999984741211,109.6999969482422,109.6999969482422,785700
2026-08-14 15:36:00,109.6999969482422,109.9000015258789,109.6999969482422,109.8000030517578,109.8000030517578,181850
2026-08-14 15:37:00,109.9000015258789,110.0,109.8000030517578,110.0,110.0,176060
2026-08-14 15:38:00,110.0,110.0,109.9000015258789,110.0,110.0,146507
2026-08-14 15:39:00,110.0,110.0,109.6999969482422,109.8000030517578,109.8000030517578,250350
2026-08-14 15:40:00,109.6999969482422,109.8000030517578,109.5,109.5,109.5,104904
2026-08-14 15:41:00,109.5,109.6999969482422,109.5,109.6999969482422,109.6999969482422,108100
2026-08-14 15:42:00,109.6999969482422,109.8000030517578,109.6999969482422,109.8000030517578,109.8000030517578,46250
2026-08-14 15:43:00,109.8000030517578,109.8000030517578,109.5,109.6999969482422,109.6999969482422,269250
2026-08-14 15:44:00,109.6999969482422,109.8000030517578,109.6999969482422,109.6999969482422,109.6999969482422,50554
2026-08-14 15:45:00,109.6999969482422,109.9000015258789,109.6999969482422,109.9000015258789,109.9000015258789,224050
2026-08-14 15:46:00,109.9000015258789,110.0,109.8000030517578,109.8000030517578,109.8000030517578,343250
2026-08-14 15:47:00,109.8000030517578,110.0,109.6999969482422,110.0,110.0,151204
2026-08-14 15:48:00,110.0,110.0,109.8000030517578,109.8000030517578,109.8000030517578,121750
2026-08-14 15:49:00,109.9000015258789,110.0,109.9000015258789,110.0,110.0,105000
2026-08-14 15:50:00,109.9000015258789,110.0,109.9000015258789,110.0,110.0,25800
2026-08-14 15:51:00,110.0,110.0,109.8000030517578,109.9000015258789,109.9000015258789,301664
2026-08-14 15:52:00,109.8000030517578,110.0,109.8000030517578,110.0,110.0,179200
2026-08-14 15:53:00,110.0,110.0999984741211,109.9000015258789,110.0999984741211,110.0999984741211,165061
2026-08-14 15:54:00,110.0999984741211,110.1999969482422,110.0999984741211,110.1999969482422,110.1999969482422,98828
2026-08-14 15:55:00,110.1999969482422,110.1999969482422,110.0,110.0999984741211,110.0999984741211,241550
2026-08-14 15:56:00,110.0999984741211,110.3000030517578,110.0999984741211,110.1999969482422,110.1999969482422,213366
2026-08-14 15:57:00,110.0999984741211,110.3000030517578,110.0999984741211,110.1999969482422,110.1999969482422,118706
2026-08-14 15:58:00,110.3000030517578,110.4000015258789,110.1999969482422,110.3000030517578,110.3000030517578,182350
2026-08-14 15:59:00,110.3000030517578,110.4000015258789,110.1999969482422,110.1999969482422,110.1999969482422,95700
2026-08-14 16:08:00,110.1999969482422,110.1999969482422,110.1999969482422,110.1999969482422,110.1999969482422,3722550
2026-08-17 09:15:00,110.2,110.2,110.2,110.2,110.2,0
2026-08-17 09:17:00,110.0,110.0,110.0,110.0,110.0,0
2026-08-17 09:18:00,109.9,110.0,109.9,110.0,110.0,0
2026-08-17 09:19:00,110.0,110.0,110.0,110.0,110.0,0
2026-08-17 09:20:00,114.0,114.0,110.0,110.0,110.0,1853750
2026-08-17 09:21:00,110.0,110.0,110.0,110.0,110.0,0
2026-08-17 09:22:00,110.0,110.0,110.0,110.0,110.0,0
2026-08-17 09:23:00,110.2,110.2,110.2,110.2,110.2,0
2026-08-17 09:24:00,110.6,110.6,110.6,110.6,110.6,0
2026-08-17 09:25:00,113.9,113.9,113.9,113.9,113.9,0
2026-08-17 09:26:00,113.9,113.9,113.9,113.9,113.9,0
2026-08-17 09:27:00,113.9,113.9,113.9,113.9,113.9,0
2026-08-17 09:28:00,113.7,113.7,113.7,113.7,113.7,0
2026-08-17 09:29:00,113.7,114.0,113.7,114.0,114.0,340550
2026-08-17 09:30:00,114.0999984741211,114.9000015258789,113.0999984741211,114.9000015258789,114.9000015258789,1267348
2026-08-17 09:31:00,114.80000305175781,114.80000305175781,113.5,113.5,113.5,154186
2026-08-17 09:32:00,113.5,113.5999984741211,112.9000015258789,113.0999984741211,113.0999984741211,187550
2026-08-17 09:33:00,113.19999694824219,113.5,113.0999984741211,113.30000305175781,113.30000305175781,105623
2026-08-17 09:34:00,113.30000305175781,113.30000305175781,112.69999694824219,112.69999694824219,112.69999694824219,40099
2026-08-17 09:35:00,112.69999694824219,112.80000305175781,112.5,112.69999694824219,112.69999694824219,80650
2026-08-17 09:36:00,112.5999984741211,112.9000015258789,112.5,112.5999984741211,112.5999984741211,76550
2026-08-17 09:37:00,112.5999984741211,112.9000015258789,112.5,112.9000015258789,112.9000015258789,80818
2026-08-17 09:38:00,112.9000015258789,113.4000015258789,112.9000015258789,113.4000015258789,113.4000015258789,80100
2026-08-17 09:39:00,113.4000015258789,113.5999984741211,113.19999694824219,113.5,113.5,83050
2026-08-17 09:40:00,113.5,113.9000015258789,113.5,113.80000305175781,113.80000305175781,148500
2026-08-17 09:41:00,113.80000305175781,114.0,113.69999694824219,113.9000015258789,113.9000015258789,50869
2026-08-17 09:42:00,113.80000305175781,114.69999694824219,113.80000305175781,114.69999694824219,114.69999694824219,143400
2026-08-17 09:43:00,114.5,114.80000305175781,114.19999694824219,114.19999694824219,114.19999694824219,235720
2026-08-17 09:44:00,114.19999694824219,114.30000305175781,114.19999694824219,114.19999694824219,114.19999694824219,48200
2026-08-17 09:45:00,114.0999984741211,114.4000015258789,114.0999984741211,114.19999694824219,114.19999694824219,157233
2026-08-17 09:46:00,114.0999984741211,114.19999694824219,114.0,114.0,114.0,48100
2026-08-17 09:47:00,114.0,114.0999984741211,113.9000015258789,114.0,114.0,23500
2026-08-17 09:48:00,113.9000015258789,114.0,113.9000015258789,114.0,114.0,24400
2026-08-17 09:49:00,113.9000015258789,114.0,113.69999694824219,113.69999694824219,113.69999694824219,36854
2026-08-17 09:50:00,113.69999694824219,114.0,113.69999694824219,114.0,114.0,72600
2026-08-17 09:51:00,114.0,114.19999694824219,113.9000015258789,114.19999694824219,114.19999694824219,75000
2026-08-17 09:52:00,114.19999694824219,114.5,114.0999984741211,114.4000015258789,114.4000015258789,171950
2026-08-17 09:53:00,114.30000305175781,114.4000015258789,114.19999694824219,114.19999694824219,114.19999694824219,29519
2026-08-17 09:54:00,114.19999694824219,114.19999694824219,114.0,114.0,114.0,26800
2026-08-17 09:55:00,114.0,114.4000015258789,114.0,114.4000015258789,114.4000015258789,89550
2026-08-17 09:56:00,114.30000305175781,114.5999984741211,114.30000305175781,114.5999984741211,114.5999984741211,119777
2026-08-17 09:57:00,114.5999984741211,114.69999694824219,114.5999984741211,114.5999984741211,114.5999984741211,19729
2026-08-17 09:58:00,114.5999984741211,114.80000305175781,114.5999984741211,114.5999984741211,114.5999984741211,61900
2026-08-17 09:59:00,114.5999984741211,114.69999694824219,114.4000015258789,114.5999984741211,114.5999984741211,106604
2026-08-17 10:00:00,114.5999984741211,114.5999984741211,114.4000015258789,114.5999984741211,114.5999984741211,112000
2026-08-17 10:01:00,114.5999984741211,114.5999984741211,114.5,114.5999984741211,114.5999984741211,12800
2026-08-17 10:02:00,114.5999984741211,114.5999984741211,114.4000015258789,114.4000015258789,114.4000015258789,265200
2026-08-17 10:03:00,114.4000015258789,114.5,114.19999694824219,114.30000305175781,114.30000305175781,70301
2026-08-17 10:04:00,114.19999694824219,114.5,114.19999694824219,114.30000305175781,114.30000305175781,55983
2026-08-17 10:05:00,114.30000305175781,114.5,114.30000305175781,114.5,114.5,31000
2026-08-17 10:06:00,114.5,114.5,114.19999694824219,114.30000305175781,114.30000305175781,25550
2026-08-17 10:07:00,114.4000015258789,114.4000015258789,114.4000015258789,114.4000015258789,114.4000015258789,1450
2026-08-17 10:08:00,114.4000015258789,114.4000015258789,114.4000015258789,114.4000015258789,114.4000015258789,1450
2026-08-17 10:09:00,114.4000015258789,114.4000015258789,114.30000305175781,114.4000015258789,114.4000015258789,4500
2026-08-17 10:10:00,114.30000305175781,114.4000015258789,114.19999694824219,114.4000015258789,114.4000015258789,45214
2026-08-17 10:11:00,114.30000305175781,114.30000305175781,114.19999694824219,114.30000305175781,114.30000305175781,12300
2026-08-17 10:12:00,114.19999694824219,114.30000305175781,114.19999694824219,114.30000305175781,114.30000305175781,8300
2026-08-17 10:13:00,114.19999694824219,114.30000305175781,114.19999694824219,114.19999694824219,114.19999694824219,8400
2026-08-17 10:14:00,114.19999694824219,114.30000305175781,114.19999694824219,114.19999694824219,114.19999694824219,15300
2026-08-17 10:15:00,114.19999694824219,114.4000015258789,114.19999694824219,114.30000305175781,114.30000305175781,32200
2026-08-17 10:16:00,114.30000305175781,114.5,114.30000305175781,114.5,114.5,53550
2026-08-17 10:17:00,114.5,114.5,114.4000015258789,114.5,114.5,8750
2026-08-17 10:18:00,114.5,114.5,114.0999984741211,114.0999984741211,114.0999984741211,103454
2026-08-17 10:19:00,114.0999984741211,114.19999694824219,114.0,114.0,114.0,16100
2026-08-17 10:20:00,114.0,114.0,114.0,114.0,114.0,31854
2026-08-17 10:21:00,114.0,114.0,113.9000015258789,114.0,114.0,5250
2026-08-17 10:22:00,114.0,114.0999984741211,114.0,114.0999984741211,114.0999984741211,17350
2026-08-17 10:23:00,114.0999984741211,114.19999694824219,114.0999984741211,114.19999694824219,114.19999694824219,45500
2026-08-17 10:24:00,114.19999694824219,114.30000305175781,114.19999694824219,114.19999694824219,114.19999694824219,32647
2026-08-17 10:25:00,114.19999694824219,114.19999694824219,114.0999984741211,114.19999694824219,114.19999694824219,29850
2026-08-17 10:26:00,114.19999694824219,114.4000015258789,114.19999694824219,114.4000015258789,114.4000015258789,20873
2026-08-17 10:27:00,114.4000015258789,114.4000015258789,114.30000305175781,114.30000305175781,114.30000305175781,14050
2026-08-17 10:28:00,114.30000305175781,114.30000305175781,114.19999694824219,114.30000305175781,114.30000305175781,44450
2026-08-17 10:29:00,114.30000305175781,114.4000015258789,114.30000305175781,114.30000305175781,114.30000305175781,17150
2026-08-17 10:30:00,114.30000305175781,114.30000305175781,114.19999694824219,114.30000305175781,114.30000305175781,18250
2026-08-17 10:31:00,114.19999694824219,114.30000305175781,114.19999694824219,114.30000305175781,114.30000305175781,37300
2026-08-17 10:32:00,114.30000305175781,114.30000305175781,114.0,114.19999694824219,114.19999694824219,48350
2026-08-17 10:33:00,114.0999984741211,114.19999694824219,114.0999984741211,114.0999984741211,114.0999984741211,17350
2026-08-17 10:34:00,114.0999984741211,114.30000305175781,114.0999984741211,114.19999694824219,114.19999694824219,17318
2026-08-17 10:35:00,114.19999694824219,114.4000015258789,114.19999694824219,114.30000305175781,114.30000305175781,71750
2026-08-17 10:36:00,114.30000305175781,114.4000015258789,114.19999694824219,114.30000305175781,114.30000305175781,27050
2026-08-17 10:37:00,114.30000305175781,114.4000015258789,114.30000305175781,114.4000015258789,114.4000015258789,28000
2026-08-17 10:38:00,114.4000015258789,114.4000015258789,114.30000305175781,114.4000015258789,114.4000015258789,13800
2026-08-17 10:39:00,114.4000015258789,114.4000015258789,114.30000305175781,114.4000015258789,114.4000015258789,3850
2026-08-17 10:40:00,114.4000015258789,114.4000015258789,114.4000015258789,114.4000015258789,114.4000015258789,250
2026-08-17 10:41:00,114.30000305175781,114.4000015258789,114.19999694824219,114.30000305175781,114.30000305175781,26300
2026-08-17 10:42:00,114.30000305175781,114.30000305175781,114.0999984741211,114.0999984741211,114.0999984741211,35400
2026-08-17 10:43:00,114.19999694824219,114.19999694824219,114.0999984741211,114.0999984741211,114.0999984741211,33650
2026-08-17 10:44:00,114.19999694824219,114.19999694824219,114.0999984741211,114.19999694824219,114.19999694824219,25650
2026-08-17 10:45:00,114.19999694824219,114.19999694824219,114.0999984741211,114.0999984741211,114.0999984741211,22550
2026-08-17 10:46:00,114.0,114.4000015258789,114.0,114.30000305175781,114.30000305175781,152900
2026-08-17 10:47:00,114.30000305175781,114.4000015258789,114.30000305175781,114.30000305175781,114.30000305175781,36933
2026-08-17 10:48:00,114.30000305175781,114.4000015258789,114.30000305175781,114.30000305175781,114.30000305175781,18300
2026-08-17 10:49:00,114.4000015258789,114.4000015258789,114.4000015258789,114.4000015258789,114.4000015258789,7850
2026-08-17 10:50:00,114.4000015258789,114.4000015258789,114.4000015258789,114.4000015258789,114.4000015258789,2200
2026-08-17 10:51:00,114.4000015258789,114.4000015258789,114.30000305175781,114.4000015258789,114.4000015258789,12750
2026-08-17 10:52:00,114.4000015258789,114.4000015258789,114.19999694824219,114.19999694824219,114.19999694824219,17650
2026-08-17 10:53:00,114.30000305175781,114.30000305175781,114.30000305175781,114.30000305175781,114.30000305175781,12400
2026-08-17 10:54:00,114.4000015258789,114.4000015258789,114.30000305175781,114.30000305175781,114.30000305175781,23300
2026-08-17 10:55:00,114.30000305175781,114.4000015258789,114.30000305175781,114.4000015258789,114.4000015258789,14550
2026-08-17 10:56:00,114.4000015258789,114.5,114.4000015258789,114.5,114.5,73350
2026-08-17 10:57:00,114.5,114.5,114.4000015258789,114.5,114.5,15926
2026-08-17 10:58:00,114.5,114.5,114.4000015258789,114.4000015258789,114.4000015258789,11350
2026-08-17 10:59:00,114.5,114.5,114.4000015258789,114.5,114.5,9950
2026-08-17 11:00:00,114.4000015258789,114.5,114.4000015258789,114.5,114.5,2750
2026-08-17 11:01:00,114.5,114.5,114.5,114.5,114.5,2800
2026-08-17 11:02:00,114.5,114.5,114.4000015258789,114.5,114.5,4588
2026-08-17 11:03:00,114.4000015258789,114.5,114.4000015258789,114.5,114.5,9150
2026-08-17 11:04:00,114.5,114.5,114.4000015258789,114.5,114.5,7700
2026-08-17 11:05:00,114.5,114.5,114.5,114.5,114.5,5600
2026-08-17 11:06:00,114.4000015258789,114.5,114.4000015258789,114.5,114.5,29900
2026-08-17 11:07:00,114.5,114.5,114.4000015258789,114.5,114.5,16556
2026-08-17 11:08:00,114.5,114.5,114.30000305175781,114.30000305175781,114.30000305175781,82500
2026-08-17 11:09:00,114.19999694824219,114.30000305175781,114.19999694824219,114.30000305175781,114.30000305175781,22300
2026-08-17 11:10:00,114.19999694824219,114.30000305175781,114.19999694824219,114.30000305175781,114.30000305175781,17750
2026-08-17 11:11:00,114.19999694824219,114.30000305175781,114.0999984741211,114.30000305175781,114.30000305175781,42100
2026-08-17 11:12:00,114.19999694824219,114.30000305175781,114.19999694824219,114.30000305175781,114.30000305175781,8950
2026-08-17 11:13:00,114.30000305175781,114.30000305175781,114.19999694824219,114.30000305175781,114.30000305175781,2000
2026-08-17 11:14:00,114.30000305175781,114.30000305175781,114.19999694824219,114.19999694824219,114.19999694824219,2900
2026-08-17 11:15:00,114.19999694824219,114.30000305175781,114.0999984741211,114.0999984741211,114.0999984741211,32850
2026-08-17 11:16:00,114.19999694824219,114.19999694824219,114.0999984741211,114.0999984741211,114.0999984741211,10500
2026-08-17 11:17:00,114.0999984741211,114.19999694824219,114.0999984741211,114.19999694824219,114.19999694824219,3600
2026-08-17 11:18:00,114.0999984741211,114.19999694824219,114.0999984741211,114.19999694824219,114.19999694824219,11000
2026-08-17 11:19:00,114.0999984741211,114.19999694824219,114.0999984741211,114.19999694824219,114.19999694824219,12450
2026-08-17 11:20:00,114.19999694824219,114.19999694824219,114.19999694824219,114.19999694824219,114.19999694824219,7600
2026-08-17 11:21:00,114.19999694824219,114.19999694824219,114.0999984741211,114.19999694824219,114.19999694824219,6300
2026-08-17 11:22:00,114.19999694824219,114.19999694824219,114.0999984741211,114.19999694824219,114.19999694824219,10700
2026-08-17 11:23:00,114.19999694824219,114.19999694824219,114.0999984741211,114.19999694824219,114.19999694824219,9950
2026-08-17 11:24:00,114.19999694824219,114.19999694824219,114.0999984741211,114.0999984741211,114.0999984741211,4954
2026-08-17 11:25:00,114.19999694824219,114.19999694824219,114.0,114.0999984741211,114.0999984741211,62150
2026-08-17 11:26:00,114.0999984741211,114.0999984741211,113.69999694824219,113.69999694824219,113.69999694824219,171650
2026-08-17 11:27:00,113.69999694824219,113.80000305175781,113.69999694824219,113.80000305175781,113.80000305175781,50300
2026-08-17 11:28:00,113.69999694824219,113.80000305175781,113.69999694824219,113.80000305175781,113.80000305175781,12100
2026-08-17 11:29:00,113.80000305175781,113.80000305175781,113.69999694824219,113.69999694824219,113.69999694824219,55350
2026-08-17 11:30:00,113.80000305175781,113.9000015258789,113.69999694824219,113.80000305175781,113.80000305175781,54750
2026-08-17 11:31:00,113.80000305175781,113.80000305175781,113.69999694824219,113.69999694824219,113.69999694824219,6850
2026-08-17 11:32:00,113.69999694824219,113.80000305175781,113.69999694824219,113.80000305175781,113.80000305175781,1150
2026-08-17 11:33:00,113.80000305175781,113.80000305175781,113.80000305175781,113.80000305175781,113.80000305175781,22450
2026-08-17 11:34:00,113.80000305175781,113.80000305175781,113.80000305175781,113.80000305175781,113.80000305175781,900
2026-08-17 11:35:00,113.80000305175781,113.80000305175781,113.80000305175781,113.80000305175781,113.80000305175781,3000
2026-08-17 11:36:00,113.80000305175781,113.80000305175781,113.80000305175781,113.80000305175781,113.80000305175781,6200
2026-08-17 11:37:00,113.80000305175781,113.80000305175781,113.69999694824219,113.80000305175781,113.80000305175781,10250
2026-08-17 11:38:00,113.80000305175781,113.9000015258789,113.69999694824219,113.9000015258789,113.9000015258789,26750
2026-08-17 11:39:00,113.80000305175781,113.9000015258789,113.80000305175781,113.9000015258789,113.9000015258789,2650
2026-08-17 11:40:00,113.9000015258789,113.9000015258789,113.9000015258789,113.9000015258789,113.9000015258789,3150
2026-08-17 11:41:00,113.9000015258789,113.9000015258789,113.9000015258789,113.9000015258789,113.9000015258789,2800
2026-08-17 11:42:00,113.9000015258789,114.0,113.9000015258789,113.9000015258789,113.9000015258789,81078
2026-08-17 11:43:00,113.9000015258789,114.0,113.9000015258789,114.0,114.0,7864
2026-08-17 11:44:00,113.9000015258789,114.0,113.9000015258789,114.0,114.0,1050
2026-08-17 11:45:00,114.0,114.0999984741211,113.9000015258789,114.0,114.0,114350
2026-08-17 11:46:00,114.0,114.0,114.0,114.0,114.0,100
2026-08-17 11:47:00,114.0,114.0,114.0,114.0,114.0,850
2026-08-17 11:48:00,114.0,114.0,113.9000015258789,114.0,114.0,12150
2026-08-17 11:49:00,114.0,114.0,113.9000015258789,114.0,114.0,3400
2026-08-17 11:50:00,114.0,114.0,113.9000015258789,114.0,114.0,3380
2026-08-17 11:51:00,114.0,114.0,113.9000015258789,113.9000015258789,113.9000015258789,67350
2026-08-17 11:52:00,113.9000015258789,113.9000015258789,113.9000015258789,113.9000015258789,113.9000015258789,2900
2026-08-17 11:53:00,113.9000015258789,114.0,113.9000015258789,113.9000015258789,113.9000015258789,1950
2026-08-17 11:54:00,114.0,114.0,114.0,114.0,114.0,514
2026-08-17 11:55:00,113.9000015258789,114.0,113.9000015258789,113.9000015258789,113.9000015258789,17500
2026-08-17 11:56:00,113.80000305175781,113.9000015258789,113.80000305175781,113.80000305175781,113.80000305175781,1550
2026-08-17 11:57:00,113.80000305175781,113.9000015258789,113.80000305175781,113.9000015258789,113.9000015258789,49500
2026-08-17 11:58:00,113.9000015258789,113.9000015258789,113.69999694824219,113.80000305175781,113.80000305175781,122069
2026-08-17 11:59:00,113.80000305175781,113.80000305175781,113.80000305175781,113.80000305175781,113.80000305175781,7192685
2026-08-17 13:00:00,113.80000305175781,113.9000015258789,113.5,113.80000305175781,113.80000305175781,181900
2026-08-17 13:01:00,113.80000305175781,114.0,113.80000305175781,114.0,114.0,47100
2026-08-17 13:02:00,113.9000015258789,114.0999984741211,113.9000015258789,114.0999984741211,114.0999984741211,41050
2026-08-17 13:03:00,114.0999984741211,114.0999984741211,114.0,114.0999984741211,114.0999984741211,7250
2026-08-17 13:04:00,114.0,114.0999984741211,114.0,114.0999984741211,114.0999984741211,4454
2026-08-17 13:05:00,114.0999984741211,114.0999984741211,114.0,114.0,114.0,29550
2026-08-17 13:06:00,114.0,114.0,113.9000015258789,114.0,114.0,4400
2026-08-17 13:07:00,114.0,114.0,114.0,114.0,114.0,4300
2026-08-17 13:08:00,114.0,114.0999984741211,113.9000015258789,114.0999984741211,114.0999984741211,16300
2026-08-17 13:09:00,114.0999984741211,114.19999694824219,114.0999984741211,114.0999984741211,114.0999984741211,28800
2026-08-17 13:10:00,114.0999984741211,114.19999694824219,114.0999984741211,114.19999694824219,114.19999694824219,3100
2026-08-17 13:11:00,114.19999694824219,114.19999694824219,114.19999694824219,114.19999694824219,114.19999694824219,4800
2026-08-17 13:12:00,114.19999694824219,114.19999694824219,114.0999984741211,114.19999694824219,114.19999694824219,9669
2026-08-17 13:13:00,114.19999694824219,114.30000305175781,114.19999694824219,114.30000305175781,114.30000305175781,56182
2026-08-17 13:14:00,114.30000305175781,114.30000305175781,114.0999984741211,114.19999694824219,114.19999694824219,27200
2026-08-17 13:15:00,114.19999694824219,114.30000305175781,114.19999694824219,114.19999694824219,114.19999694824219,13704
2026-08-17 13:16:00,114.30000305175781,114.30000305175781,114.19999694824219,114.30000305175781,114.30000305175781,28250
2026-08-17 13:17:00,114.30000305175781,114.30000305175781,114.19999694824219,114.30000305175781,114.30000305175781,3200
2026-08-17 13:18:00,114.30000305175781,114.30000305175781,114.30000305175781,114.30000305175781,114.30000305175781,7400
2026-08-17 13:19:00,114.30000305175781,114.30000305175781,114.19999694824219,114.30000305175781,114.30000305175781,6000
2026-08-17 13:20:00,114.30000305175781,114.30000305175781,114.30000305175781,114.30000305175781,114.30000305175781,8900
2026-08-17 13:21:00,114.30000305175781,114.30000305175781,114.30000305175781,114.30000305175781,114.30000305175781,6900
2026-08-17 13:22:00,114.30000305175781,114.30000305175781,114.30000305175781,114.30000305175781,114.30000305175781,6200
2026-08-17 13:23:00,114.30000305175781,114.30000305175781,114.30000305175781,114.30000305175781,114.30000305175781,6050
2026-08-17 13:24:00,114.19999694824219,114.30000305175781,114.19999694824219,114.30000305175781,114.30000305175781,12150
2026-08-17 13:25:00,114.30000305175781,114.30000305175781,114.0999984741211,114.0999984741211,114.0999984741211,57300
2026-08-17 13:26:00,114.0999984741211,114.0999984741211,114.0,114.0999984741211,114.0999984741211,2600
2026-08-17 13:27:00,114.0999984741211,114.19999694824219,114.0999984741211,114.19999694824219,114.19999694824219,109550
2026-08-17 13:28:00,114.19999694824219,114.19999694824219,114.19999694824219,114.19999694824219,114.19999694824219,250
2026-08-17 13:29:00,114.0999984741211,114.19999694824219,114.0999984741211,114.19999694824219,114.19999694824219,1550
2026-08-17 13:30:00,114.19999694824219,114.30000305175781,114.0999984741211,114.19999694824219,114.19999694824219,8400
2026-08-17 13:31:00,114.30000305175781,114.30000305175781,114.19999694824219,114.30000305175781,114.30000305175781,1750
2026-08-17 13:32:00,114.30000305175781,114.30000305175781,114.30000305175781,114.30000305175781,114.30000305175781,3350
2026-08-17 13:33:00,114.30000305175781,114.30000305175781,114.19999694824219,114.30000305175781,114.30000305175781,8800
2026-08-17 13:34:00,114.30000305175781,114.30000305175781,114.19999694824219,114.30000305175781,114.30000305175781,4300
2026-08-17 13:35:00,114.30000305175781,114.4000015258789,114.19999694824219,114.4000015258789,114.4000015258789,46550
2026-08-17 13:36:00,114.4000015258789,114.4000015258789,114.30000305175781,114.30000305175781,114.30000305175781,5450
2026-08-17 13:37:00,114.4000015258789,114.5,114.30000305175781,114.5,114.5,25700
2026-08-17 13:38:00,114.5,114.5,114.5,114.5,114.5,4600
2026-08-17 13:39:00,114.5,114.5,114.5,114.5,114.5,7550
2026-08-17 13:40:00,114.5,114.5,114.4000015258789,114.5,114.5,6200
2026-08-17 13:41:00,114.5,114.5,114.4000015258789,114.5,114.5,6778
2026-08-17 13:42:00,114.5,114.5,114.5,114.5,114.5,7850
2026-08-17 13:43:00,114.5,114.5,114.4000015258789,114.5,114.5,9500
2026-08-17 13:44:00,114.5,114.5,114.5,114.5,114.5,6850
2026-08-17 13:45:00,114.5,114.5,114.4000015258789,114.5,114.5,8250
2026-08-17 13:46:00,114.5,114.5,114.30000305175781,114.4000015258789,114.4000015258789,48300
2026-08-17 13:47:00,114.4000015258789,114.4000015258789,114.30000305175781,114.30000305175781,114.30000305175781,4650
2026-08-17 13:48:00,114.4000015258789,114.4000015258789,114.4000015258789,114.4000015258789,114.4000015258789,1300
2026-08-17 13:49:00,114.4000015258789,114.4000015258789,114.30000305175781,114.4000015258789,114.4000015258789,23350
2026-08-17 13:50:00,114.4000015258789,114.4000015258789,114.30000305175781,114.30000305175781,114.30000305175781,14850
2026-08-17 13:51:00,114.30000305175781,114.4000015258789,114.30000305175781,114.4000015258789,114.4000015258789,6850
2026-08-17 13:52:00,114.30000305175781,114.4000015258789,114.30000305175781,114.30000305175781,114.30000305175781,5700
2026-08-17 13:53:00,114.30000305175781,114.30000305175781,114.19999694824219,114.19999694824219,114.19999694824219,31300
2026-08-17 13:54:00,114.19999694824219,114.30000305175781,114.19999694824219,114.30000305175781,114.30000305175781,4500
2026-08-17 13:55:00,114.30000305175781,114.30000305175781,114.19999694824219,114.30000305175781,114.30000305175781,3000
2026-08-17 13:56:00,114.19999694824219,114.30000305175781,114.19999694824219,114.30000305175781,114.30000305175781,7000
2026-08-17 13:57:00,114.19999694824219,114.30000305175781,114.19999694824219,114.19999694824219,114.19999694824219,3109
2026-08-17 13:58:00,114.19999694824219,114.30000305175781,114.0999984741211,114.0999984741211,114.0999984741211,39004
2026-08-17 13:59:00,114.0999984741211,114.19999694824219,114.0,114.0,114.0,44450
2026-08-17 14:00:00,114.19999694824219,114.30000305175781,114.0999984741211,114.19999694824219,114.19999694824219,204633
2026-08-17 14:01:00,114.19999694824219,114.30000305175781,114.19999694824219,114.19999694824219,114.19999694824219,35350
2026-08-17 14:02:00,114.19999694824219,114.30000305175781,114.19999694824219,114.19999694824219,114.19999694824219,19050
2026-08-17 14:03:00,114.19999694824219,114.4000015258789,114.19999694824219,114.4000015258789,114.4000015258789,61202
2026-08-17 14:04:00,114.30000305175781,114.4000015258789,114.30000305175781,114.30000305175781,114.30000305175781,10600
2026-08-17 14:05:00,114.4000015258789,114.4000015258789,114.4000015258789,114.4000015258789,114.4000015258789,56150
2026-08-17 14:06:00,114.5,114.5,114.4000015258789,114.4000015258789,114.4000015258789,10450
2026-08-17 14:07:00,114.4000015258789,114.4000015258789,114.30000305175781,114.4000015258789,114.4000015258789,12250
2026-08-17 14:08:00,114.30000305175781,114.4000015258789,114.30000305175781,114.4000015258789,114.4000015258789,500
2026-08-17 14:09:00,114.30000305175781,114.30000305175781,114.0999984741211,114.0999984741211,114.0999984741211,84550
2026-08-17 14:10:00,114.0,114.0,114.0,114.0,114.0,11300
2026-08-17 14:11:00,114.0,114.0,113.80000305175781,114.0,114.0,63200
2026-08-17 14:12:00,114.0,114.0,114.0,114.0,114.0,3100
2026-08-17 14:13:00,114.0,114.0999984741211,114.0,114.0999984741211,114.0999984741211,37200
2026-08-17 14:14:00,114.0,114.0999984741211,114.0,114.0999984741211,114.0999984741211,2150
2026-08-17 14:15:00,114.0999984741211,114.0999984741211,114.0999984741211,114.0999984741211,114.0999984741211,1500
2026-08-17 14:16:00,114.0999984741211,114.0999984741211,114.0,114.0,114.0,7350
2026-08-17 14:17:00,114.0,114.0999984741211,114.0,114.0999984741211,114.0999984741211,12850
2026-08-17 14:18:00,114.0999984741211,114.0999984741211,114.0,114.0999984741211,114.0999984741211,5700
2026-08-17 14:19:00,114.0,114.0999984741211,114.0,114.0999984741211,114.0999984741211,6600
2026-08-17 14:20:00,114.0999984741211,114.0999984741211,114.0,114.0999984741211,114.0999984741211,9450
2026-08-17 14:21:00,114.0999984741211,114.0999984741211,114.0,114.0999984741211,114.0999984741211,7250
2026-08-17 14:22:00,114.0999984741211,114.0999984741211,114.0,114.0999984741211,114.0999984741211,6400
2026-08-17 14:23:00,114.0,114.0999984741211,114.0,114.0,114.0,11450
2026-08-17 14:24:00,114.0999984741211,114.0999984741211,114.0,114.0,114.0,27304
2026-08-17 14:25:00,114.0,114.0,113.80000305175781,113.9000015258789,113.9000015258789,42771
2026-08-17 14:26:00,113.80000305175781,113.9000015258789,113.80000305175781,113.80000305175781,113.80000305175781,49750
2026-08-17 14:27:00,113.9000015258789,113.9000015258789,113.80000305175781,113.80000305175781,113.80000305175781,3950
2026-08-17 14:28:00,113.80000305175781,113.80000305175781,113.80000305175781,113.80000305175781,113.80000305175781,50
2026-08-17 14:29:00,113.9000015258789,113.9000015258789,113.80000305175781,113.9000015258789,113.9000015258789,1673
2026-08-17 14:30:00,113.9000015258789,113.9000015258789,113.80000305175781,113.80000305175781,113.80000305175781,4550
2026-08-17 14:31:00,113.9000015258789,113.9000015258789,113.80000305175781,113.80000305175781,113.80000305175781,2650
2026-08-17 14:32:00,113.80000305175781,113.9000015258789,113.80000305175781,113.9000015258789,113.9000015258789,6000
2026-08-17 14:33:00,113.9000015258789,114.0,113.9000015258789,114.0,114.0,81100
2026-08-17 14:34:00,114.0,114.0,113.80000305175781,113.80000305175781,113.80000305175781,32600
2026-08-17 14:35:00,113.9000015258789,114.0999984741211,113.9000015258789,114.0,114.0,9374137
2026-08-17 14:36:00,114.0,114.0,114.0,114.0,114.0,43355
2026-08-17 14:37:00,113.9000015258789,113.9000015258789,113.69999694824219,113.80000305175781,113.80000305175781,116550
2026-08-17 14:38:00,113.9000015258789,113.9000015258789,113.9000015258789,113.9000015258789,113.9000015258789,31504
2026-08-17 14:40:00,113.9000015258789,113.9000015258789,113.9000015258789,113.9000015258789,113.9000015258789,1300
2026-08-17 14:41:00,113.9000015258789,113.9000015258789,113.9000015258789,113.9000015258789,113.9000015258789,2750
2026-08-17 14:42:00,113.9000015258789,113.9000015258789,113.80000305175781,113.9000015258789,113.9000015258789,6719
2026-08-17 14:43:00,113.9000015258789,113.9000015258789,113.9000015258789,113.9000015258789,113.9000015258789,6900
2026-08-17 14:44:00,113.80000305175781,113.9000015258789,113.80000305175781,113.9000015258789,113.9000015258789,10200
2026-08-17 14:45:00,113.9000015258789,113.9000015258789,113.80000305175781,113.9000015258789,113.9000015258789,5416
2026-08-17 14:46:00,113.9000015258789,113.9000015258789,113.80000305175781,113.9000015258789,113.9000015258789,8800
2026-08-17 14:47:00,113.9000015258789,114.0,113.9000015258789,114.0,114.0,38100
2026-08-17 14:48:00,114.0,114.0,113.9000015258789,114.0,114.0,6550
2026-08-17 14:49:00,114.0,114.0,113.9000015258789,113.9000015258789,113.9000015258789,6450
2026-08-17 14:50:00,114.0,114.0,113.9000015258789,114.0,114.0,7800
2026-08-17 14:51:00,113.9000015258789,114.0,113.9000015258789,113.9000015258789,113.9000015258789,9150
2026-08-17 14:52:00,113.9000015258789,114.0,113.9000015258789,114.0,114.0,6500
2026-08-17 14:53:00,114.0,114.0,113.9000015258789,114.0,114.0,9950
2026-08-17 14:54:00,114.0,114.0,113.9000015258789,114.0,114.0,6900
2026-08-17 14:55:00,114.0,114.0,114.0,114.0,114.0,8000
2026-08-17 14:56:00,114.0,114.0,113.9000015258789,113.9000015258789,113.9000015258789,7850
2026-08-17 14:57:00,114.0,114.0,113.9000015258789,113.9000015258789,113.9000015258789,9700
2026-08-17 14:58:00,114.0,114.0,113.9000015258789,114.0,114.0,3750
2026-08-17 14:59:00,114.0,114.0,113.9000015258789,114.0,114.0,7882
2026-08-17 15:00:00,114.0,114.0999984741211,113.9000015258789,113.9000015258789,113.9000015258789,93373
2026-08-17 15:01:00,114.0,114.0,113.69999694824219,113.80000305175781,113.80000305175781,125400
2026-08-17 15:02:00,113.9000015258789,113.9000015258789,113.9000015258789,113.9000015258789,113.9000015258789,1600
2026-08-17 15:03:00,113.9000015258789,113.9000015258789,113.80000305175781,113.80000305175781,113.80000305175781,15900
2026-08-17 15:04:00,113.80000305175781,113.80000305175781,113.69999694824219,113.69999694824219,113.69999694824219,31500
2026-08-17 15:05:00,113.5999984741211,113.69999694824219,113.5999984741211,113.69999694824219,113.69999694824219,3450
2026-08-17 15:06:00,113.69999694824219,113.69999694824219,113.5,113.5,113.5,41500
2026-08-17 15:07:00,113.5,113.69999694824219,113.5,113.5999984741211,113.5999984741211,81050
2026-08-17 15:08:00,113.5999984741211,113.69999694824219,113.5999984741211,113.69999694824219,113.69999694824219,33500
2026-08-17 15:09:00,113.5999984741211,113.69999694824219,113.5,113.5999984741211,113.5999984741211,32019
2026-08-17 15:10:00,113.5,113.5999984741211,113.4000015258789,113.4000015258789,113.4000015258789,114500
2026-08-17 15:11:00,113.4000015258789,113.5,113.30000305175781,113.30000305175781,113.30000305175781,37650
2026-08-17 15:12:00,113.30000305175781,113.4000015258789,113.19999694824219,113.30000305175781,113.30000305175781,55750
2026-08-17 15:13:00,113.30000305175781,113.4000015258789,113.30000305175781,113.30000305175781,113.30000305175781,39750
2026-08-17 15:14:00,113.19999694824219,113.19999694824219,113.19999694824219,113.19999694824219,113.19999694824219,1700
2026-08-17 15:15:00,113.30000305175781,113.4000015258789,113.19999694824219,113.4000015258789,113.4000015258789,74850
2026-08-17 15:16:00,113.30000305175781,113.4000015258789,113.19999694824219,113.30000305175781,113.30000305175781,78150
2026-08-17 15:17:00,113.30000305175781,113.4000015258789,113.30000305175781,113.4000015258789,113.4000015258789,279063
2026-08-17 15:18:00,113.4000015258789,113.4000015258789,113.30000305175781,113.4000015258789,113.4000015258789,16650
2026-08-17 15:19:00,113.4000015258789,113.5,113.30000305175781,113.4000015258789,113.4000015258789,105065
2026-08-17 15:20:00,113.30000305175781,113.4000015258789,113.30000305175781,113.30000305175781,113.30000305175781,17350
2026-08-17 15:21:00,113.4000015258789,113.4000015258789,113.30000305175781,113.4000015258789,113.4000015258789,15400
2026-08-17 15:22:00,113.4000015258789,113.4000015258789,113.30000305175781,113.30000305175781,113.30000305175781,12250
2026-08-17 15:23:00,113.4000015258789,113.4000015258789,113.30000305175781,113.4000015258789,113.4000015258789,7900
2026-08-17 15:24:00,113.30000305175781,113.4000015258789,113.30000305175781,113.4000015258789,113.4000015258789,18150
2026-08-17 15:25:00,113.30000305175781,113.4000015258789,113.30000305175781,113.4000015258789,113.4000015258789,12950
2026-08-17 15:26:00,113.4000015258789,113.4000015258789,113.30000305175781,113.4000015258789,113.4000015258789,16750
2026-08-17 15:27:00,113.4000015258789,113.4000015258789,113.30000305175781,113.4000015258789,113.4000015258789,27050
2026-08-17 15:28:00,113.4000015258789,113.4000015258789,113.30000305175781,113.30000305175781,113.30000305175781,27700
2026-08-17 15:29:00,113.30000305175781,113.4000015258789,113.30000305175781,113.4000015258789,113.4000015258789,12200
2026-08-17 15:30:00,113.30000305175781,113.4000015258789,113.30000305175781,113.4000015258789,113.4000015258789,25600
2026-08-17 15:31:00,113.30000305175781,113.4000015258789,113.30000305175781,113.30000305175781,113.30000305175781,24450
2026-08-17 15:32:00,113.4000015258789,113.4000015258789,113.30000305175781,113.4000015258789,113.4000015258789,12450
2026-08-17 15:33:00,113.4000015258789,113.4000015258789,113.30000305175781,113.4000015258789,113.4000015258789,31750
2026-08-17 15:34:00,113.30000305175781,113.4000015258789,113.30000305175781,113.30000305175781,113.30000305175781,9800
2026-08-17 15:35:00,113.30000305175781,113.4000015258789,113.19999694824219,113.19999694824219,113.19999694824219,74659
2026-08-17 15:36:00,113.19999694824219,113.30000305175781,113.0999984741211,113.0999984741211,113.0999984741211,69550
2026-08-17 15:37:00,113.0999984741211,113.30000305175781,113.0999984741211,113.19999694824219,113.19999694824219,520600
2026-08-17 15:38:00,113.19999694824219,113.19999694824219,112.9000015258789,113.0,113.0,153700
2026-08-17 15:39:00,113.0999984741211,113.19999694824219,113.0,113.0999984741211,113.0999984741211,91800
2026-08-17 15:40:00,113.0,113.0999984741211,113.0,113.0999984741211,113.0999984741211,66526
2026-08-17 15:41:00,113.19999694824219,113.19999694824219,113.0,113.0,113.0,59550
2026-08-17 15:42:00,113.0,113.19999694824219,113.0,113.0999984741211,113.0999984741211,119600
2026-08-17 15:43:00,113.0999984741211,113.19999694824219,113.0999984741211,113.0999984741211,113.0999984741211,49850
2026-08-17 15:44:00,113.0999984741211,113.19999694824219,113.0999984741211,113.0999984741211,113.0999984741211,12100
2026-08-17 15:45:00,113.0999984741211,113.19999694824219,113.0999984741211,113.0999984741211,113.0999984741211,144550
2026-08-17 15:46:00,113.0999984741211,113.19999694824219,113.0999984741211,113.0999984741211,113.0999984741211,43350
2026-08-17 15:47:00,113.19999694824219,113.30000305175781,113.0999984741211,113.0999984741211,113.0999984741211,192950
2026-08-17 15:48:00,113.0999984741211,113.19999694824219,113.0,113.19999694824219,113.19999694824219,108550
2026-08-17 15:49:00,113.19999694824219,113.19999694824219,113.0999984741211,113.0999984741211,113.0999984741211,117000
2026-08-17 15:50:00,113.0999984741211,113.19999694824219,113.0,113.0999984741211,113.0999984741211,141850
2026-08-17 15:51:00,113.19999694824219,113.19999694824219,113.0999984741211,113.19999694824219,113.19999694824219,25000
2026-08-17 15:52:00,113.19999694824219,113.19999694824219,113.0999984741211,113.0999984741211,113.0999984741211,39300
2026-08-17 15:53:00,113.0999984741211,113.4000015258789,113.0999984741211,113.30000305175781,113.30000305175781,456600
2026-08-17 15:54:00,113.30000305175781,113.5,113.30000305175781,113.4000015258789,113.4000015258789,317189
2026-08-17 15:55:00,113.4000015258789,113.4000015258789,113.0,113.0999984741211,113.0999984741211,131050
2026-08-17 15:56:00,113.0,113.0999984741211,113.0,113.0,113.0,50900
2026-08-17 15:57:00,113.0,113.0999984741211,113.0,113.0999984741211,113.0999984741211,315000
2026-08-17 15:58:00,113.0999984741211,113.0999984741211,113.0,113.0,113.0,75650
2026-08-17 15:59:00,113.0,113.0999984741211,112.80000305175781,112.9000015258789,112.9000015258789,84850
2026-08-17 16:08:00,113.0,113.0,113.0,113.0,113.0,1848700
2026-08-18 09:15:00,111.8,111.8,111.8,111.8,111.8,0
2026-08-18 09:18:00,111.8,111.8,111.8,111.8,111.8,0
2026-08-18 09:19:00,111.8,111.8,111.8,111.8,111.8,0
2026-08-18 09:20:00,111.8,111.8,111.3,111.3,111.3,79943
2026-08-18 09:22:00,111.8,111.8,111.8,111.8,111.8,0
2026-08-18 09:23:00,110.2,110.2,110.2,110.2,110.2,0
2026-08-18 09:24:00,110.2,110.2,110.2,110.2,110.2,0
2026-08-18 09:25:00,110.2,110.2,110.2,110.2,110.2,0
2026-08-18 09:26:00,111.8,111.8,111.8,111.8,111.8,0
2026-08-18 09:27:00,111.8,111.8,111.8,111.8,111.8,0
2026-08-18 09:28:00,112.0,112.0,112.0,112.0,112.0,0
2026-08-18 09:29:00,112.0,112.0,111.0,111.3,111.3,0
2026-08-18 09:30:00,111.5999984741211,111.5999984741211,110.5999984741211,111.5999984741211,111.5999984741211,223893
2026-08-18 09:31:00,111.5999984741211,112.0,111.4000015258789,111.80000305175781,111.80000305175781,224500
2026-08-18 09:32:00,111.80000305175781,112.0,111.80000305175781,111.9000015258789,111.9000015258789,27952
2026-08-18 09:33:00,111.9000015258789,112.19999694824219,111.9000015258789,112.19999694824219,112.19999694824219,59950
2026-08-18 09:34:00,112.19999694824219,112.19999694824219,112.0,112.19999694824219,112.19999694824219,27200
2026-08-18 09:35:00,112.19999694824219,112.19999694824219,111.69999694824219,111.9000015258789,111.9000015258789,38200
2026-08-18 09:36:00,111.9000015258789,112.0,111.69999694824219,111.69999694824219,111.69999694824219,28250
2026-08-18 09:37:00,111.80000305175781,111.9000015258789,111.5999984741211,111.69999694824219,111.69999694824219,36200
2026-08-18 09:38:00,111.69999694824219,111.69999694824219,111.4000015258789,111.5,111.5,44200
2026-08-18 09:39:00,111.5,111.5,111.30000305175781,111.30000305175781,111.30000305175781,14900
2026-08-18 09:40:00,111.30000305175781,111.4000015258789,110.80000305175781,110.9000015258789,110.9000015258789,112001
2026-08-18 09:41:00,110.9000015258789,110.9000015258789,110.69999694824219,110.69999694824219,110.69999694824219,27150
2026-08-18 09:42:00,110.69999694824219,110.80000305175781,110.5999984741211,110.80000305175781,110.80000305175781,45700
2026-08-18 09:43:00,110.80000305175781,110.80000305175781,110.5,110.69999694824219,110.69999694824219,76800
2026-08-18 09:44:00,110.5999984741211,110.5999984741211,110.4000015258789,110.5,110.5,22350
2026-08-18 09:45:00,110.5,110.5,110.30000305175781,110.4000015258789,110.4000015258789,46600
2026-08-18 09:46:00,110.5,110.5,110.30000305175781,110.30000305175781,110.30000305175781,7900
2026-08-18 09:47:00,110.30000305175781,110.5,110.30000305175781,110.4000015258789,110.4000015258789,1122746
2026-08-18 09:48:00,110.4000015258789,110.4000015258789,110.30000305175781,110.30000305175781,110.30000305175781,14616
2026-08-18 09:49:00,110.4000015258789,110.4000015258789,110.30000305175781,110.30000305175781,110.30000305175781,37000
2026-08-18 09:50:00,110.4000015258789,110.4000015258789,110.19999694824219,110.30000305175781,110.30000305175781,21650
2026-08-18 09:51:00,110.30000305175781,110.30000305175781,110.0,110.0,110.0,43450
2026-08-18 09:52:00,110.0,110.0,109.80000305175781,110.0,110.0,124400
2026-08-18 09:53:00,109.9000015258789,110.0,109.9000015258789,110.0,110.0,25050
2026-08-18 09:54:00,110.0,110.0999984741211,109.9000015258789,109.9000015258789,109.9000015258789,26600
2026-08-18 09:55:00,109.9000015258789,109.9000015258789,109.80000305175781,109.9000015258789,109.9000015258789,41250
2026-08-18 09:56:00,109.80000305175781,109.9000015258789,109.69999694824219,109.69999694824219,109.69999694824219,37400
2026-08-18 09:57:00,109.80000305175781,109.9000015258789,109.5999984741211,109.9000015258789,109.9000015258789,48750
2026-08-18 09:58:00,109.9000015258789,109.9000015258789,109.5999984741211,109.80000305175781,109.80000305175781,68900
2026-08-18 09:59:00,109.80000305175781,109.9000015258789,109.80000305175781,109.9000015258789,109.9000015258789,74600
2026-08-18 10:00:00,109.9000015258789,109.9000015258789,109.69999694824219,109.69999694824219,109.69999694824219,137800
2026-08-18 10:01:00,109.80000305175781,109.80000305175781,109.80000305175781,109.80000305175781,109.80000305175781,62070
2026-08-18 10:02:00,109.80000305175781,109.80000305175781,109.80000305175781,109.80000305175781,109.80000305175781,12000
2026-08-18 10:03:00,109.69999694824219,109.80000305175781,109.5,109.69999694824219,109.69999694824219,167700
2026-08-18 10:04:00,109.69999694824219,109.80000305175781,109.69999694824219,109.80000305175781,109.80000305175781,2550
2026-08-18 10:05:00,109.80000305175781,109.80000305175781,109.69999694824219,109.80000305175781,109.80000305175781,1600
2026-08-18 10:06:00,109.80000305175781,110.0,109.69999694824219,110.0,110.0,46800
2026-08-18 10:07:00,110.0,110.0999984741211,110.0,110.0999984741211,110.0999984741211,16850
2026-08-18 10:08:00,110.0,110.19999694824219,110.0,110.19999694824219,110.19999694824219,27764
2026-08-18 10:09:00,110.0,110.0999984741211,110.0,110.0999984741211,110.0999984741211,400
2026-08-18 10:10:00,110.0,110.19999694824219,109.80000305175781,110.0999984741211,110.0999984741211,209500
2026-08-18 10:11:00,110.0999984741211,110.19999694824219,109.9000015258789,110.0999984741211,110.0999984741211,56750
2026-08-18 10:12:00,110.0999984741211,110.19999694824219,109.9000015258789,110.19999694824219,110.19999694824219,105347
2026-08-18 10:13:00,110.19999694824219,110.19999694824219,109.80000305175781,109.9000015258789,109.9000015258789,78800
2026-08-18 10:14:00,110.0,110.0,109.80000305175781,110.0,110.0,8450
2026-08-18 10:15:00,109.9000015258789,110.19999694824219,109.9000015258789,110.19999694824219,110.19999694824219,51750
2026-08-18 10:16:00,110.19999694824219,110.30000305175781,110.19999694824219,110.19999694824219,110.19999694824219,2680693
2026-08-18 10:17:00,110.19999694824219,110.4000015258789,109.9000015258789,110.0999984741211,110.0999984741211,129150
2026-08-18 10:18:00,110.19999694824219,110.30000305175781,110.0999984741211,110.30000305175781,110.30000305175781,30154
2026-08-18 10:19:00,110.19999694824219,110.5,110.0999984741211,110.5,110.5,4514
2026-08-18 10:20:00,110.4000015258789,110.4000015258789,110.19999694824219,110.30000305175781,110.30000305175781,8500
2026-08-18 10:21:00,110.30000305175781,110.4000015258789,110.0999984741211,110.19999694824219,110.19999694824219,114450
2026-08-18 10:22:00,110.19999694824219,110.19999694824219,109.9000015258789,110.0999984741211,110.0999984741211,51850
2026-08-18 10:23:00,110.0,110.0999984741211,109.80000305175781,109.80000305175781,109.80000305175781,111666
2026-08-18 10:24:00,110.0,110.0,109.80000305175781,109.80000305175781,109.80000305175781,6300
2026-08-18 10:25:00,109.9000015258789,110.0,109.9000015258789,109.9000015258789,109.9000015258789,63650
2026-08-18 10:26:00,109.9000015258789,109.9000015258789,109.9000015258789,109.9000015258789,109.9000015258789,900
2026-08-18 10:27:00,110.0,110.0999984741211,109.80000305175781,110.0999984741211,110.0999984741211,48450
2026-08-18 10:28:00,110.19999694824219,110.19999694824219,109.9000015258789,110.19999694824219,110.19999694824219,58300
2026-08-18 10:29:00,110.0999984741211,110.0999984741211,110.0999984741211,110.0999984741211,110.0999984741211,350
2026-08-18 10:30:00,110.0999984741211,110.19999694824219,109.9000015258789,110.19999694824219,110.19999694824219,17000
2026-08-18 10:31:00,110.19999694824219,110.30000305175781,110.0999984741211,110.30000305175781,110.30000305175781,26300
2026-08-18 10:32:00,110.19999694824219,110.19999694824219,109.9000015258789,110.0,110.0,20300
2026-08-18 10:33:00,110.0,110.30000305175781,110.0,110.30000305175781,110.30000305175781,51900
2026-08-18 10:34:00,110.19999694824219,110.30000305175781,110.0999984741211,110.19999694824219,110.19999694824219,28950
2026-08-18 10:35:00,110.19999694824219,110.30000305175781,110.19999694824219,110.30000305175781,110.30000305175781,7400
2026-08-18 10:36:00,110.30000305175781,110.4000015258789,110.30000305175781,110.4000015258789,110.4000015258789,11500
2026-08-18 10:37:00,110.4000015258789,110.5,110.4000015258789,110.5,110.5,4269
2026-08-18 10:38:00,110.4000015258789,110.69999694824219,110.4000015258789,110.69999694824219,110.69999694824219,25404
2026-08-18 10:39:00,110.5999984741211,110.5999984741211,110.5,110.5999984741211,110.5999984741211,13450
2026-08-18 10:40:00,110.5999984741211,110.80000305175781,110.5,110.5,110.5,27900
2026-08-18 10:41:00,110.5999984741211,110.5999984741211,110.4000015258789,110.5,110.5,14150
2026-08-18 10:42:00,110.5,110.5,110.19999694824219,110.4000015258789,110.4000015258789,190600
2026-08-18 10:43:00,110.19999694824219,110.4000015258789,110.19999694824219,110.19999694824219,110.19999694824219,3752472
2026-08-18 10:44:00,110.30000305175781,110.30000305175781,110.30000305175781,110.30000305175781,110.30000305175781,3400
2026-08-18 10:45:00,110.19999694824219,110.30000305175781,110.0,110.19999694824219,110.19999694824219,103300
2026-08-18 10:46:00,110.19999694824219,110.19999694824219,110.19999694824219,110.19999694824219,110.19999694824219,6869
2026-08-18 10:47:00,110.30000305175781,110.30000305175781,110.19999694824219,110.19999694824219,110.19999694824219,63419
2026-08-18 10:48:00,110.19999694824219,110.30000305175781,110.0,110.0999984741211,110.0999984741211,55150
2026-08-18 10:49:00,110.0999984741211,110.5,110.0,110.4000015258789,110.4000015258789,55948
2026-08-18 10:50:00,110.5,110.5999984741211,110.5,110.5999984741211,110.5999984741211,3450
2026-08-18 10:51:00,110.5,110.5999984741211,110.5,110.5999984741211,110.5999984741211,3750
2026-08-18 10:52:00,110.69999694824219,110.80000305175781,110.5,110.80000305175781,110.80000305175781,20454
2026-08-18 10:53:00,110.80000305175781,110.80000305175781,110.69999694824219,110.69999694824219,110.69999694824219,3375
2026-08-18 10:54:00,110.5999984741211,110.5999984741211,110.5,110.5,110.5,14290
2026-08-18 10:55:00,110.5999984741211,110.69999694824219,110.5,110.5999984741211,110.5999984741211,11668
2026-08-18 10:56:00,110.5,110.5999984741211,110.4000015258789,110.5999984741211,110.5999984741211,12550
2026-08-18 10:57:00,110.5999984741211,110.69999694824219,110.5,110.5,110.5,21050
2026-08-18 10:58:00,110.5999984741211,110.69999694824219,110.5999984741211,110.69999694824219,110.69999694824219,3250
2026-08-18 10:59:00,110.5999984741211,110.69999694824219,110.5999984741211,110.69999694824219,110.69999694824219,700
2026-08-18 11:00:00,110.69999694824219,110.69999694824219,110.5999984741211,110.69999694824219,110.69999694824219,14150
2026-08-18 11:01:00,110.5999984741211,110.5999984741211,110.4000015258789,110.4000015258789,110.4000015258789,16150
2026-08-18 11:02:00,110.5,110.5,110.30000305175781,110.5,110.5,12050
2026-08-18 11:03:00,110.4000015258789,110.5999984741211,110.4000015258789,110.5,110.5,13700
2026-08-18 11:04:00,110.5,110.5,110.4000015258789,110.4000015258789,110.4000015258789,2300
2026-08-18 11:05:00,110.4000015258789,110.4000015258789,110.4000015258789,110.4000015258789,110.4000015258789,100
2026-08-18 11:06:00,110.4000015258789,110.4000015258789,110.30000305175781,110.30000305175781,110.30000305175781,5850
2026-08-18 11:07:00,110.30000305175781,110.5,110.30000305175781,110.4000015258789,110.4000015258789,9000
2026-08-18 11:08:00,110.4000015258789,110.4000015258789,110.4000015258789,110.4000015258789,110.4000015258789,1300
2026-08-18 11:09:00,110.4000015258789,110.5999984741211,110.4000015258789,110.5,110.5,7000
2026-08-18 11:10:00,110.5,110.5,110.30000305175781,110.5,110.5,29643
2026-08-18 11:11:00,110.4000015258789,110.5,110.30000305175781,110.4000015258789,110.4000015258789,7700
2026-08-18 11:12:00,110.30000305175781,110.5,110.30000305175781,110.4000015258789,110.4000015258789,2100
2026-08-18 11:13:00,110.4000015258789,110.4000015258789,110.4000015258789,110.4000015258789,110.4000015258789,850
2026-08-18 11:14:00,110.4000015258789,110.4000015258789,110.4000015258789,110.4000015258789,110.4000015258789,1800
2026-08-18 11:15:00,110.4000015258789,110.4000015258789,110.30000305175781,110.30000305175781,110.30000305175781,4200
2026-08-18 11:16:00,110.30000305175781,110.4000015258789,110.30000305175781,110.30000305175781,110.30000305175781,1800
2026-08-18 11:17:00,110.30000305175781,110.5,110.30000305175781,110.5,110.5,14505
2026-08-18 11:18:00,110.4000015258789,110.4000015258789,110.30000305175781,110.30000305175781,110.30000305175781,6250
2026-08-18 11:19:00,110.30000305175781,110.30000305175781,110.19999694824219,110.30000305175781,110.30000305175781,16050
2026-08-18 11:20:00,110.19999694824219,110.4000015258789,110.19999694824219,110.19999694824219,110.19999694824219,14100
2026-08-18 11:21:00,110.19999694824219,110.30000305175781,110.0999984741211,110.30000305175781,110.30000305175781,10300
2026-08-18 11:22:00,110.30000305175781,110.4000015258789,110.19999694824219,110.19999694824219,110.19999694824219,28350
2026-08-18 11:23:00,110.30000305175781,110.30000305175781,110.30000305175781,110.30000305175781,110.30000305175781,100
2026-08-18 11:24:00,110.30000305175781,110.30000305175781,110.0999984741211,110.19999694824219,110.19999694824219,10950
2026-08-18 11:25:00,110.19999694824219,110.30000305175781,110.0999984741211,110.19999694824219,110.19999694824219,8300
2026-08-18 11:26:00,110.19999694824219,110.19999694824219,109.9000015258789,110.0,110.0,116250
2026-08-18 11:27:00,110.0,110.0,109.9000015258789,109.9000015258789,109.9000015258789,16200
2026-08-18 11:28:00,110.0,110.0,110.0,110.0,110.0,11100
2026-08-18 11:29:00,110.0,110.19999694824219,110.0,110.0,110.0,11150
2026-08-18 11:30:00,110.0,110.0999984741211,109.9000015258789,109.9000015258789,109.9000015258789,8500
2026-08-18 11:31:00,109.9000015258789,110.0,109.9000015258789,110.0,110.0,4600
2026-08-18 11:32:00,109.9000015258789,110.0,109.9000015258789,109.9000015258789,109.9000015258789,5050
2026-08-18 11:33:00,110.0,110.0999984741211,109.9000015258789,110.0,110.0,3550
2026-08-18 11:34:00,110.0,110.19999694824219,110.0,110.0999984741211,110.0999984741211,3600
2026-08-18 11:35:00,110.19999694824219,110.30000305175781,110.0,110.0,110.0,4588793
2026-08-18 11:36:00,110.0,110.0999984741211,110.0,110.0,110.0,1700
2026-08-18 11:37:00,110.0,110.0,110.0,110.0,110.0,1150
2026-08-18 11:38:00,110.0,110.0,110.0,110.0,110.0,3200
2026-08-18 11:39:00,110.0,110.0,110.0,110.0,110.0,2250
2026-08-18 11:40:00,110.0,110.0,110.0,110.0,110.0,2100
2026-08-18 11:41:00,110.0,110.0,110.0,110.0,110.0,1547
2026-08-18 11:42:00,110.0999984741211,110.19999694824219,110.0999984741211,110.0999984741211,110.0999984741211,14100
2026-08-18 11:43:00,110.0999984741211,110.19999694824219,110.0999984741211,110.19999694824219,110.19999694824219,14927
2026-08-18 11:44:00,110.19999694824219,110.30000305175781,110.0,110.0999984741211,110.0999984741211,65821
2026-08-18 11:45:00,110.0999984741211,110.19999694824219,110.0999984741211,110.0999984741211,110.0999984741211,15650
2026-08-18 11:46:00,110.19999694824219,110.19999694824219,110.19999694824219,110.19999694824219,110.19999694824219,7604
2026-08-18 11:47:00,110.19999694824219,110.19999694824219,110.19999694824219,110.19999694824219,110.19999694824219,1950
2026-08-18 11:48:00,110.30000305175781,110.30000305175781,110.19999694824219,110.19999694824219,110.19999694824219,300
2026-08-18 11:49:00,110.19999694824219,110.19999694824219,110.0999984741211,110.19999694824219,110.19999694824219,16800
2026-08-18 11:50:00,110.19999694824219,110.19999694824219,110.0999984741211,110.19999694824219,110.19999694824219,994
2026-08-18 11:51:00,110.19999694824219,110.19999694824219,110.0999984741211,110.19999694824219,110.19999694824219,6306
2026-08-18 11:52:00,110.19999694824219,110.30000305175781,110.19999694824219,110.30000305175781,110.30000305175781,2500
2026-08-18 11:53:00,110.30000305175781,110.4000015258789,110.19999694824219,110.4000015258789,110.4000015258789,31800
2026-08-18 11:54:00,110.30000305175781,110.30000305175781,110.19999694824219,110.30000305175781,110.30000305175781,9950
2026-08-18 11:55:00,110.30000305175781,110.30000305175781,110.19999694824219,110.19999694824219,110.19999694824219,2864
2026-08-18 11:56:00,110.30000305175781,110.30000305175781,110.19999694824219,110.30000305175781,110.30000305175781,2000
2026-08-18 11:57:00,110.19999694824219,110.4000015258789,110.19999694824219,110.4000015258789,110.4000015258789,12000
2026-08-18 11:58:00,110.4000015258789,110.4000015258789,110.30000305175781,110.4000015258789,110.4000015258789,8050
2026-08-18 11:59:00,110.4000015258789,110.4000015258789,110.30000305175781,110.30000305175781,110.30000305175781,1850
2026-08-18 13:00:00,110.4000015258789,110.4000015258789,110.0,110.19999694824219,110.19999694824219,128650
2026-08-18 13:01:00,110.30000305175781,110.4000015258789,110.19999694824219,110.19999694824219,110.19999694824219,22213
2026-08-18 13:02:00,110.30000305175781,110.4000015258789,110.30000305175781,110.4000015258789,110.4000015258789,3900
2026-08-18 13:03:00,110.30000305175781,110.30000305175781,110.30000305175781,110.30000305175781,110.30000305175781,1100
2026-08-18 13:04:00,110.4000015258789,110.5999984741211,110.4000015258789,110.4000015258789,110.4000015258789,53173
2026-08-18 13:05:00,110.4000015258789,110.5,110.4000015258789,110.5,110.5,6900
2026-08-18 13:06:00,110.5999984741211,110.5999984741211,110.5,110.5999984741211,110.5999984741211,12750
2026-08-18 13:07:00,110.69999694824219,110.69999694824219,110.5,110.5,110.5,14850
2026-08-18 13:08:00,110.5,110.5,110.5,110.5,110.5,350
2026-08-18 13:09:00,110.5,110.5999984741211,110.30000305175781,110.30000305175781,110.30000305175781,44250
2026-08-18 13:10:00,110.30000305175781,110.30000305175781,110.30000305175781,110.30000305175781,110.30000305175781,19600
2026-08-18 13:11:00,110.30000305175781,110.30000305175781,110.30000305175781,110.30000305175781,110.30000305175781,1800
2026-08-18 13:12:00,110.30000305175781,110.30000305175781,110.19999694824219,110.30000305175781,110.30000305175781,8650
2026-08-18 13:13:00,110.30000305175781,110.4000015258789,110.30000305175781,110.4000015258789,110.4000015258789,69300
2026-08-18 13:14:00,110.4000015258789,110.5,110.30000305175781,110.4000015258789,110.4000015258789,20900
2026-08-18 13:15:00,110.4000015258789,110.5,110.4000015258789,110.5,110.5,14550
2026-08-18 13:16:00,110.5,110.5,110.4000015258789,110.5,110.5,27250
2026-08-18 13:17:00,110.5,110.5,110.19999694824219,110.19999694824219,110.19999694824219,26050
2026-08-18 13:18:00,110.30000305175781,110.30000305175781,110.19999694824219,110.30000305175781,110.30000305175781,4550
2026-08-18 13:19:00,110.30000305175781,110.30000305175781,110.19999694824219,110.30000305175781,110.30000305175781,3200
2026-08-18 13:20:00,110.30000305175781,110.30000305175781,110.0999984741211,110.19999694824219,110.19999694824219,35500
2026-08-18 13:21:00,110.19999694824219,110.19999694824219,110.0999984741211,110.0999984741211,110.0999984741211,2400
2026-08-18 13:22:00,110.0999984741211,110.19999694824219,110.0999984741211,110.19999694824219,110.19999694824219,41300
2026-08-18 13:23:00,110.19999694824219,110.19999694824219,110.0999984741211,110.19999694824219,110.19999694824219,2500
2026-08-18 13:24:00,110.0999984741211,110.19999694824219,110.0999984741211,110.0999984741211,110.0999984741211,21200
2026-08-18 13:25:00,110.0999984741211,110.19999694824219,110.0999984741211,110.19999694824219,110.19999694824219,7250
2026-08-18 13:26:00,110.19999694824219,110.30000305175781,110.0999984741211,110.30000305175781,110.30000305175781,15150
2026-08-18 13:27:00,110.30000305175781,110.30000305175781,110.19999694824219,110.30000305175781,110.30000305175781,7550
2026-08-18 13:28:00,110.19999694824219,110.30000305175781,110.19999694824219,110.19999694824219,110.19999694824219,16450
2026-08-18 13:29:00,110.19999694824219,110.19999694824219,110.0999984741211,110.19999694824219,110.19999694824219,78850
2026-08-18 13:30:00,110.19999694824219,110.19999694824219,110.0999984741211,110.19999694824219,110.19999694824219,2450
2026-08-18 13:31:00,110.19999694824219,110.30000305175781,110.19999694824219,110.30000305175781,110.30000305175781,600
2026-08-18 13:32:00,110.30000305175781,110.30000305175781,110.19999694824219,110.30000305175781,110.30000305175781,10200
2026-08-18 13:33:00,110.19999694824219,110.19999694824219,110.0999984741211,110.0999984741211,110.0999984741211,15900
2026-08-18 13:34:00,110.19999694824219,110.19999694824219,110.0999984741211,110.19999694824219,110.19999694824219,4700
2026-08-18 13:35:00,110.19999694824219,110.19999694824219,110.0999984741211,110.0999984741211,110.0999984741211,55382
2026-08-18 13:36:00,110.0999984741211,110.0999984741211,110.0999984741211,110.0999984741211,110.0999984741211,1600
2026-08-18 13:37:00,110.0999984741211,110.19999694824219,110.0999984741211,110.19999694824219,110.19999694824219,16750
2026-08-18 13:38:00,110.19999694824219,110.19999694824219,110.0999984741211,110.19999694824219,110.19999694824219,86700
2026-08-18 13:39:00,110.19999694824219,110.19999694824219,110.0999984741211,110.19999694824219,110.19999694824219,4900
2026-08-18 13:40:00,110.19999694824219,110.30000305175781,110.0999984741211,110.30000305175781,110.30000305175781,19100
2026-08-18 13:41:00,110.30000305175781,110.4000015258789,110.19999694824219,110.19999694824219,110.19999694824219,16900
2026-08-18 13:42:00,110.19999694824219,110.30000305175781,110.19999694824219,110.30000305175781,110.30000305175781,1045
2026-08-18 13:43:00,110.30000305175781,110.30000305175781,110.19999694824219,110.30000305175781,110.30000305175781,3600
2026-08-18 13:44:00,110.30000305175781,110.4000015258789,110.19999694824219,110.19999694824219,110.19999694824219,51650
2026-08-18 13:45:00,110.30000305175781,110.30000305175781,110.19999694824219,110.19999694824219,110.19999694824219,27150
2026-08-18 13:46:00,110.30000305175781,110.5,110.30000305175781,110.5,110.5,118800
2026-08-18 13:47:00,110.5,110.5999984741211,110.4000015258789,110.5,110.5,25498
2026-08-18 13:48:00,110.5,110.5,110.4000015258789,110.4000015258789,110.4000015258789,750
2026-08-18 13:49:00,110.4000015258789,110.5,110.4000015258789,110.5,110.5,40750
2026-08-18 13:50:00,110.5,110.80000305175781,110.5,110.80000305175781,110.80000305175781,30350
2026-08-18 13:51:00,110.69999694824219,110.69999694824219,110.4000015258789,110.5,110.5,73350
2026-08-18 13:52:00,110.5999984741211,110.69999694824219,110.5999984741211,110.69999694824219,110.69999694824219,50770
2026-08-18 13:53:00,110.80000305175781,110.9000015258789,110.80000305175781,110.9000015258789,110.9000015258789,38102
2026-08-18 13:54:00,110.9000015258789,110.9000015258789,110.80000305175781,110.80000305175781,110.80000305175781,18700
2026-08-18 13:55:00,110.80000305175781,110.9000015258789,110.5,110.69999694824219,110.69999694824219,52650
2026-08-18 13:56:00,110.80000305175781,110.80000305175781,110.5999984741211,110.69999694824219,110.69999694824219,10050
2026-08-18 13:57:00,110.5999984741211,110.5999984741211,110.4000015258789,110.4000015258789,110.4000015258789,12950
2026-08-18 13:58:00,110.4000015258789,110.5999984741211,110.4000015258789,110.5999984741211,110.5999984741211,21000
2026-08-18 13:59:00,110.5999984741211,110.69999694824219,110.5999984741211,110.5999984741211,110.5999984741211,9200
2026-08-18 14:00:00,110.5999984741211,110.5999984741211,110.5,110.5,110.5,25200
2026-08-18 14:01:00,110.5,110.5,110.4000015258789,110.5,110.5,65400
2026-08-18 14:02:00,110.4000015258789,110.4000015258789,110.0999984741211,110.30000305175781,110.30000305175781,121900
2026-08-18 14:03:00,110.30000305175781,110.30000305175781,110.19999694824219,110.19999694824219,110.19999694824219,6000
2026-08-18 14:04:00,110.30000305175781,110.4000015258789,110.19999694824219,110.30000305175781,110.30000305175781,36000
2026-08-18 14:05:00,110.30000305175781,110.5,110.30000305175781,110.4000015258789,110.4000015258789,21950
2026-08-18 14:07:00,110.4000015258789,110.5,110.4000015258789,110.5,110.5,14600
2026-08-18 14:08:00,110.5999984741211,110.5999984741211,110.5,110.5999984741211,110.5999984741211,1300
2026-08-18 14:09:00,110.5999984741211,110.5999984741211,110.5,110.5,110.5,1200
2026-08-18 14:10:00,110.5999984741211,110.5999984741211,110.5,110.5999984741211,110.5999984741211,13000
2026-08-18 14:11:00,110.69999694824219,110.69999694824219,110.5999984741211,110.69999694824219,110.69999694824219,7700
2026-08-18 14:12:00,110.69999694824219,110.80000305175781,110.5999984741211,110.5999984741211,110.5999984741211,6800
2026-08-18 14:13:00,110.69999694824219,110.69999694824219,110.5999984741211,110.5999984741211,110.5999984741211,4850
2026-08-18 14:14:00,110.5999984741211,110.69999694824219,110.5999984741211,110.5999984741211,110.5999984741211,7800
2026-08-18 14:15:00,110.5999984741211,110.69999694824219,110.5999984741211,110.5999984741211,110.5999984741211,1500
2026-08-18 14:16:00,110.5999984741211,110.69999694824219,110.5999984741211,110.5999984741211,110.5999984741211,1050
2026-08-18 14:17:00,110.5999984741211,110.69999694824219,110.5,110.5999984741211,110.5999984741211,25200
2026-08-18 14:18:00,110.5,110.5,110.5,110.5,110.5,1300
2026-08-18 14:19:00,110.5,110.5,110.4000015258789,110.5,110.5,59450
2026-08-18 14:20:00,110.5999984741211,110.69999694824219,110.5999984741211,110.5999984741211,110.5999984741211,41950
2026-08-18 14:21:00,110.69999694824219,110.69999694824219,110.69999694824219,110.69999694824219,110.69999694824219,3200
2026-08-18 14:22:00,110.69999694824219,110.69999694824219,110.5999984741211,110.69999694824219,110.69999694824219,5150
2026-08-18 14:23:00,110.5999984741211,110.69999694824219,110.5999984741211,110.69999694824219,110.69999694824219,10700
2026-08-18 14:24:00,110.69999694824219,110.69999694824219,110.69999694824219,110.69999694824219,110.69999694824219,9600
2026-08-18 14:25:00,110.69999694824219,110.69999694824219,110.69999694824219,110.69999694824219,110.69999694824219,1954
2026-08-18 14:26:00,110.69999694824219,110.80000305175781,110.69999694824219,110.80000305175781,110.80000305175781,1508
2026-08-18 14:27:00,110.69999694824219,110.80000305175781,110.69999694824219,110.69999694824219,110.69999694824219,3384
2026-08-18 14:28:00,110.69999694824219,110.69999694824219,110.5999984741211,110.69999694824219,110.69999694824219,6800
2026-08-18 14:29:00,110.5999984741211,110.69999694824219,110.5999984741211,110.5999984741211,110.5999984741211,2300
2026-08-18 14:30:00,110.69999694824219,110.69999694824219,110.69999694824219,110.69999694824219,110.69999694824219,24500
2026-08-18 14:31:00,110.69999694824219,110.80000305175781,110.69999694824219,110.69999694824219,110.69999694824219,3700
2026-08-18 14:32:00,110.80000305175781,110.9000015258789,110.69999694824219,110.80000305175781,110.80000305175781,5850
2026-08-18 14:33:00,110.80000305175781,110.9000015258789,110.80000305175781,110.80000305175781,110.80000305175781,6893885
2026-08-18 14:34:00,110.80000305175781,110.80000305175781,110.69999694824219,110.80000305175781,110.80000305175781,31250
2026-08-18 14:35:00,110.80000305175781,110.80000305175781,110.69999694824219,110.80000305175781,110.80000305175781,4200
2026-08-18 14:36:00,110.69999694824219,110.69999694824219,110.69999694824219,110.69999694824219,110.69999694824219,450
2026-08-18 14:37:00,110.69999694824219,110.80000305175781,110.69999694824219,110.80000305175781,110.80000305175781,1250
2026-08-18 14:38:00,110.69999694824219,110.80000305175781,110.69999694824219,110.80000305175781,110.80000305175781,900
2026-08-18 14:39:00,110.69999694824219,110.9000015258789,110.69999694824219,110.9000015258789,110.9000015258789,14954
2026-08-18 14:40:00,110.9000015258789,111.0,110.9000015258789,111.0,111.0,11128
2026-08-18 14:41:00,111.0,111.0,110.9000015258789,111.0,111.0,1250
2026-08-18 14:42:00,111.0,111.0,110.5999984741211,110.5999984741211,110.5999984741211,151250
2026-08-18 14:43:00,110.69999694824219,110.69999694824219,110.5999984741211,110.69999694824219,110.69999694824219,5350
2026-08-18 14:44:00,110.5999984741211,110.5999984741211,110.5999984741211,110.5999984741211,110.5999984741211,2950
2026-08-18 14:45:00,110.5999984741211,110.5999984741211,110.5,110.5,110.5,3488
2026-08-18 14:46:00,110.5,110.5999984741211,110.5,110.5999984741211,110.5999984741211,10390
2026-08-18 14:47:00,110.5999984741211,110.69999694824219,110.5999984741211,110.5999984741211,110.5999984741211,1877
2026-08-18 14:48:00,110.69999694824219,110.69999694824219,110.5999984741211,110.5999984741211,110.5999984741211,5100
2026-08-18 14:49:00,110.5999984741211,110.69999694824219,110.5999984741211,110.69999694824219,110.69999694824219,33950
2026-08-18 14:50:00,110.5999984741211,110.5999984741211,110.5999984741211,110.5999984741211,110.5999984741211,924
2026-08-18 14:51:00,110.5999984741211,110.5999984741211,110.5999984741211,110.5999984741211,110.5999984741211,2250
2026-08-18 14:52:00,110.5999984741211,110.69999694824219,110.5999984741211,110.5999984741211,110.5999984741211,76150
2026-08-18 14:53:00,110.69999694824219,110.69999694824219,110.69999694824219,110.69999694824219,110.69999694824219,10700
2026-08-18 14:54:00,110.69999694824219,110.69999694824219,110.5999984741211,110.69999694824219,110.69999694824219,69031
2026-08-18 14:55:00,110.69999694824219,110.9000015258789,110.69999694824219,110.80000305175781,110.80000305175781,62400
2026-08-18 14:56:00,110.9000015258789,110.9000015258789,110.80000305175781,110.80000305175781,110.80000305175781,2700
2026-08-18 14:57:00,110.80000305175781,110.9000015258789,110.80000305175781,110.9000015258789,110.9000015258789,2000
2026-08-18 14:58:00,110.9000015258789,111.0,110.9000015258789,111.0,111.0,7750
2026-08-18 14:59:00,111.0,111.0999984741211,111.0,111.0,111.0,10950
2026-08-18 15:00:00,111.0999984741211,111.0999984741211,111.0999984741211,111.0999984741211,111.0999984741211,2850
2026-08-18 15:01:00,111.0999984741211,111.0999984741211,111.0,111.0999984741211,111.0999984741211,10550
2026-08-18 15:02:00,111.0999984741211,111.0999984741211,111.0,111.0999984741211,111.0999984741211,4000
2026-08-18 15:03:00,111.0999984741211,111.0999984741211,110.9000015258789,111.0999984741211,111.0999984741211,51650
2026-08-18 15:04:00,111.0999984741211,111.0999984741211,111.0999984741211,111.0999984741211,111.0999984741211,13550
2026-08-18 15:05:00,111.19999694824219,111.19999694824219,111.0,111.0999984741211,111.0999984741211,136750
2026-08-18 15:06:00,111.0999984741211,111.0999984741211,111.0999984741211,111.0999984741211,111.0999984741211,1800
2026-08-18 15:07:00,111.0999984741211,111.0999984741211,111.0,111.0999984741211,111.0999984741211,1250
2026-08-18 15:08:00,111.0999984741211,111.0999984741211,111.0999984741211,111.0999984741211,111.0999984741211,10050
2026-08-18 15:09:00,111.0999984741211,111.19999694824219,111.0999984741211,111.19999694824219,111.19999694824219,12050
2026-08-18 15:10:00,111.0999984741211,111.19999694824219,111.0999984741211,111.0999984741211,111.0999984741211,28910
2026-08-18 15:11:00,111.0999984741211,111.30000305175781,111.0999984741211,111.19999694824219,111.19999694824219,51314
2026-08-18 15:12:00,111.30000305175781,111.30000305175781,111.19999694824219,111.30000305175781,111.30000305175781,8900
2026-08-18 15:13:00,111.30000305175781,111.30000305175781,111.19999694824219,111.30000305175781,111.30000305175781,3700
2026-08-18 15:14:00,111.19999694824219,111.19999694824219,111.19999694824219,111.19999694824219,111.19999694824219,23309
2026-08-18 15:15:00,111.30000305175781,111.4000015258789,111.19999694824219,111.19999694824219,111.19999694824219,18850
2026-08-18 15:16:00,111.30000305175781,111.30000305175781,111.0999984741211,111.0999984741211,111.0999984741211,69550
2026-08-18 15:17:00,111.0999984741211,111.0999984741211,111.0,111.0999984741211,111.0999984741211,14450
2026-08-18 15:18:00,111.19999694824219,111.19999694824219,111.0999984741211,111.0999984741211,111.0999984741211,7900
2026-08-18 15:19:00,111.19999694824219,111.19999694824219,111.0999984741211,111.19999694824219,111.19999694824219,2800
2026-08-18 15:20:00,111.19999694824219,111.19999694824219,111.0999984741211,111.19999694824219,111.19999694824219,4650
2026-08-18 15:21:00,111.19999694824219,111.19999694824219,111.19999694824219,111.19999694824219,111.19999694824219,4650
2026-08-18 15:22:00,111.19999694824219,111.19999694824219,111.0999984741211,111.0999984741211,111.0999984741211,2450
2026-08-18 15:23:00,111.19999694824219,111.19999694824219,111.0999984741211,111.19999694824219,111.19999694824219,27550
2026-08-18 15:24:00,111.19999694824219,111.19999694824219,111.0999984741211,111.0999984741211,111.0999984741211,1650
2026-08-18 15:25:00,111.0999984741211,111.30000305175781,111.0999984741211,111.19999694824219,111.19999694824219,23350
2026-08-18 15:26:00,111.30000305175781,111.30000305175781,111.19999694824219,111.30000305175781,111.30000305175781,7400
2026-08-18 15:27:00,111.30000305175781,111.30000305175781,111.19999694824219,111.30000305175781,111.30000305175781,26050
2026-08-18 15:28:00,111.30000305175781,111.30000305175781,111.19999694824219,111.30000305175781,111.30000305175781,24550
2026-08-18 15:29:00,111.19999694824219,111.30000305175781,111.19999694824219,111.30000305175781,111.30000305175781,48600
2026-08-18 15:30:00,111.19999694824219,111.30000305175781,111.0999984741211,111.19999694824219,111.19999694824219,67200
2026-08-18 15:31:00,111.19999694824219,111.19999694824219,111.0999984741211,111.0999984741211,111.0999984741211,10050
2026-08-18 15:32:00,111.0999984741211,111.19999694824219,111.0,111.19999694824219,111.19999694824219,52850
2026-08-18 15:33:00,111.0,111.0999984741211,111.0,111.0,111.0,33300
2026-08-18 15:34:00,111.0,111.0,111.0,111.0,111.0,3997
2026-08-18 15:35:00,111.0,111.0999984741211,111.0,111.0,111.0,5850
2026-08-18 15:36:00,111.0,111.0999984741211,111.0,111.0,111.0,23050
2026-08-18 15:37:00,111.0,111.0999984741211,111.0,111.0999984741211,111.0999984741211,7178
2026-08-18 15:38:00,111.0,111.19999694824219,111.0,111.19999694824219,111.19999694824219,41350
2026-08-18 15:39:00,111.19999694824219,111.19999694824219,111.0,111.0999984741211,111.0999984741211,57704
2026-08-18 15:40:00,111.0999984741211,111.0999984741211,111.0,111.0999984741211,111.0999984741211,39500
2026-08-18 15:41:00,111.0999984741211,111.19999694824219,111.0,111.19999694824219,111.19999694824219,21300
2026-08-18 15:42:00,111.19999694824219,111.30000305175781,111.19999694824219,111.30000305175781,111.30000305175781,25750
2026-08-18 15:43:00,111.19999694824219,111.30000305175781,111.19999694824219,111.30000305175781,111.30000305175781,19500
2026-08-18 15:44:00,111.19999694824219,111.30000305175781,111.0999984741211,111.0999984741211,111.0999984741211,37350
2026-08-18 15:45:00,111.19999694824219,111.30000305175781,111.19999694824219,111.30000305175781,111.30000305175781,37750
2026-08-18 15:46:00,111.30000305175781,111.30000305175781,111.19999694824219,111.19999694824219,111.19999694824219,19850
2026-08-18 15:47:00,111.30000305175781,111.30000305175781,111.19999694824219,111.19999694824219,111.19999694824219,9450
2026-08-18 15:48:00,111.19999694824219,111.30000305175781,111.19999694824219,111.30000305175781,111.30000305175781,27550
2026-08-18 15:49:00,111.30000305175781,111.30000305175781,111.0999984741211,111.19999694824219,111.19999694824219,52100
2026-08-18 15:50:00,111.0999984741211,111.19999694824219,111.0999984741211,111.0999984741211,111.0999984741211,16950
2026-08-18 15:51:00,111.19999694824219,111.30000305175781,111.19999694824219,111.30000305175781,111.30000305175781,77400
2026-08-18 15:52:00,111.30000305175781,111.30000305175781,111.0999984741211,111.19999694824219,111.19999694824219,61150
2026-08-18 15:53:00,111.19999694824219,111.30000305175781,111.0,111.19999694824219,111.19999694824219,219221
2026-08-18 15:54:00,111.19999694824219,111.30000305175781,111.0999984741211,111.0999984741211,111.0999984741211,60600
2026-08-18 15:55:00,111.0999984741211,111.19999694824219,111.0,111.0999984741211,111.0999984741211,22250
2026-08-18 15:56:00,111.0999984741211,111.19999694824219,111.0,111.0,111.0,86849
2026-08-18 15:57:00,111.0,111.19999694824219,111.0,111.19999694824219,111.19999694824219,3400
2026-08-18 15:58:00,111.0999984741211,111.19999694824219,111.0999984741211,111.19999694824219,111.19999694824219,44100
2026-08-18 15:59:00,111.19999694824219,111.30000305175781,111.0999984741211,111.0999984741211,111.0999984741211,57950
2026-08-18 16:08:00,111.0,111.0,111.0,111.0,111.0,1114850
