Datetime,Open,High,Low,Close,Adj Close,Volume
2026-08-10 04:00:00,320.16,324.8,320.16,324.48,324.48,0
2026-08-10 04:05:00,324.48,324.48,324.48,324.48,324.48,0
2026-08-10 04:10:00,324.48,324.48,324.48,324.48,324.48,0
2026-08-10 04:15:00,323.0,323.0,323.0,323.0,323.0,0
2026-08-10 04:20:00,322.57,322.97,321.69,322.24,322.24,0
2026-08-10 04:50:00,322.24,322.24,322.24,322.24,322.24,0
2026-08-10 05:00:00,322.24,322.24,322.24,322.24,322.24,0
2026-08-10 05:20:00,322.24,322.24,322.24,322.24,322.24,0
2026-08-10 05:50:00,322.24,322.24,322.24,322.24,322.24,0
2026-08-10 06:35:00,322.24,322.24,322.24,322.24,322.24,0
2026-08-10 06:45:00,322.24,322.24,322.24,322.24,322.24,0
2026-08-10 07:00:00,320.78,326.2,320.78,326.0,326.0,0
2026-08-10 07:05:00,324.56,325.2393,324.56,324.56,324.56,0
2026-08-10 07:20:00,325.6,325.6,325.6,325.6,325.6,0
2026-08-10 07:25:00,326.127,326.127,325.6,325.6,325.6,0
2026-08-10 07:35:00,325.6,325.6,325.6,325.6,325.6,0
2026-08-10 07:45:00,325.6,325.6,325.6,325.6,325.6,0
2026-08-10 07:50:00,325.4,325.4,325.4,325.4,325.4,0
2026-08-10 08:00:00,325.4,325.4,325.4,325.4,325.4,0
2026-08-10 08:10:00,325.6,325.6,325.6,325.6,325.6,0
2026-08-10 08:15:00,324.91,325.28,324.91,325.28,325.28,0
2026-08-10 08:20:00,325.16,325.16,325.16,325.16,325.16,0
2026-08-10 08:25:00,324.94,324.94,324.94,324.94,324.94,0
2026-08-10 08:30:00,325.18,325.18,325.18,325.18,325.18,0
2026-08-10 08:40:00,325.18,325.18,325.18,325.18,325.18,0
2026-08-10 08:50:00,325.18,325.18,325.18,325.18,325.18,0
2026-08-10 08:55:00,325.17,325.17,324.99,324.99,324.99,0
2026-08-10 09:30:00,324.8299865722656,327.6700134277344,324.0,326.1849975585937,326.1849975585937,27445
2026-08-10 09:35:00,326.17999267578125,326.55499267578125,325.6400146484375,326.55499267578125,326.55499267578125,3484
2026-08-10 09:40:00,326.57000732421875,326.95001220703125,325.2699890136719,326.7900085449219,326.7900085449219,6144
2026-08-10 09:45:00,326.4349975585937,326.6499938964844,326.2850036621094,326.5,326.5,1192
2026-08-10 09:50:00,325.5899963378906,326.0899963378906,325.1000061035156,325.5450134277344,325.5450134277344,1751
2026-08-10 09:55:00,325.6600036621094,326.6099853515625,325.6600036621094,325.8699951171875,325.8699951171875,876
2026-08-10 10:00:00,325.8699951171875,327.0299987792969,325.2200012207031,327.0299987792969,327.0299987792969,3635
2026-08-10 10:05:00,327.1099853515625,327.1199951171875,326.4700927734375,327.114990234375,327.114990234375,1816
2026-08-10 10:10:00,327.13250732421875,327.2200012207031,326.5299987792969,326.8599853515625,326.8599853515625,5878
2026-08-10 10:15:00,327.07000732421875,328.3999938964844,327.07000732421875,328.0350036621094,328.0350036621094,5877
2026-08-10 10:20:00,328.1000061035156,330.25,328.1000061035156,329.44000244140625,329.44000244140625,6366
2026-08-10 10:25:00,329.2699890136719,330.0199890136719,329.2699890136719,329.3599853515625,329.3599853515625,3595
2026-08-10 10:30:00,329.3599853515625,329.6549987792969,329.3599853515625,329.6549987792969,329.6549987792969,1502
2026-08-10 10:35:00,329.5,329.5,329.0799865722656,329.32501220703125,329.32501220703125,1990
2026-08-10 10:40:00,329.2200012207031,329.5899963378906,329.0400085449219,329.4049987792969,329.4049987792969,2702
2026-08-10 10:45:00,329.3399963378906,330.3550109863281,329.2179870605469,329.6600036621094,329.6600036621094,5459
2026-08-10 10:50:00,330.05499267578125,330.05499267578125,329.7300109863281,329.9349975585937,329.9349975585937,2373
2026-08-10 10:55:00,330.04998779296875,330.30499267578125,329.9200134277344,330.0350036621094,330.0350036621094,1483
2026-08-10 11:00:00,329.7900085449219,330.7049865722656,329.7900085449219,330.3500061035156,330.3500061035156,2534
2026-08-10 11:05:00,330.5950012207031,331.6499938964844,330.5950012207031,331.2850036621094,331.2850036621094,9360
2026-08-10 11:10:00,331.2049865722656,331.3699951171875,331.0249938964844,331.3599853515625,331.3599853515625,3664
2026-08-10 11:15:00,331.95001220703125,332.2076110839844,331.739990234375,331.9649963378906,331.9649963378906,4523
2026-08-10 11:20:00,331.69000244140625,332.8699951171875,331.69000244140625,332.79998779296875,332.79998779296875,2864
2026-08-10 11:25:00,332.6300048828125,333.2349853515625,332.6300048828125,333.1400146484375,333.1400146484375,5205
2026-08-10 11:30:00,333.2799987792969,333.70001220703125,333.0400085449219,333.1549987792969,333.1549987792969,3965
2026-08-10 11:35:00,333.1549987792969,333.239990234375,332.7799987792969,332.8099975585937,332.8099975585937,3159
2026-08-10 11:40:00,332.7799987792969,332.7799987792969,332.29998779296875,332.3099975585937,332.3099975585937,3740
2026-08-10 11:45:00,332.2200012207031,332.44000244140625,331.8399963378906,332.1099853515625,332.1099853515625,3790
2026-08-10 11:50:00,332.1700134277344,332.5098876953125,332.1650085449219,332.2250061035156,332.2250061035156,4414
2026-08-10 11:55:00,332.0,332.69500732421875,331.989990234375,332.3999938964844,332.3999938964844,3055
2026-08-10 12:00:00,332.6099853515625,333.1600036621094,332.3599853515625,333.0299987792969,333.0299987792969,2845
2026-08-10 12:05:00,333.1650085449219,333.6700134277344,332.79998779296875,332.885009765625,332.885009765625,3641
2026-08-10 12:10:00,332.6600036621094,332.7749938964844,331.7699890136719,332.1700134277344,332.1700134277344,14214
2026-08-10 12:15:00,332.260009765625,333.4049987792969,332.2550048828125,333.1849975585937,333.1849975585937,5553
2026-08-10 12:20:00,332.9800109863281,333.9100036621094,332.739990234375,333.9049987792969,333.9049987792969,4500
2026-08-10 12:25:00,333.7799987792969,334.010009765625,333.6700134277344,334.010009765625,334.010009765625,2626
2026-08-10 12:30:00,333.95001220703125,334.1199951171875,333.3599853515625,333.7099914550781,333.7099914550781,7414
2026-08-10 12:35:00,333.7900085449219,334.1199951171875,333.4540100097656,333.4540100097656,333.4540100097656,3127
2026-08-10 12:40:00,333.4599914550781,333.6283874511719,333.3324890136719,333.4049987792969,333.4049987792969,1731
2026-08-10 12:45:00,333.4049987792969,333.95001220703125,333.1650085449219,333.8500061035156,333.8500061035156,3426
2026-08-10 12:50:00,333.9150085449219,334.1600036621094,333.2200012207031,333.75,333.75,1687
2026-08-10 12:55:00,333.875,334.0299987792969,333.875,333.989990234375,333.989990234375,3698
2026-08-10 13:00:00,334.0,334.010009765625,333.4700012207031,333.4700012207031,333.4700012207031,1862
2026-08-10 13:05:00,333.4549865722656,333.4599914550781,333.29998779296875,333.29998779296875,333.29998779296875,638
2026-08-10 13:10:00,333.6499938964844,333.8099975585937,332.510009765625,332.79998779296875,332.79998779296875,3577
2026-08-10 13:15:00,332.82000732421875,333.17999267578125,332.82000732421875,333.0169982910156,333.0169982910156,1369
2026-08-10 13:20:00,332.80499267578125,333.3699951171875,332.80499267578125,333.2200012207031,333.2200012207031,3099
2026-08-10 13:25:00,332.9599914550781,334.2200012207031,332.9599914550781,333.9649963378906,333.9649963378906,2720
2026-08-10 13:30:00,334.2900085449219,334.5,333.7900085449219,334.0050048828125,334.0050048828125,7641
2026-08-10 13:35:00,333.927490234375,334.1549987792969,333.6549987792969,334.0400085449219,334.0400085449219,1496
2026-08-10 13:40:00,334.0599975585937,334.0599975585937,333.4200134277344,333.5400085449219,333.5400085449219,2354
2026-08-10 13:45:00,333.5400085449219,333.7300109863281,333.3299865722656,333.3399963378906,333.3399963378906,3645
2026-08-10 13:50:00,333.0799865722656,333.2699890136719,332.95489501953125,332.95489501953125,332.95489501953125,1671
2026-08-10 13:55:00,333.1050109863281,333.3500061035156,333.1050109863281,333.1849975585937,333.1849975585937,1637
2026-08-10 14:00:00,333.1849975585937,333.6300048828125,332.9599914550781,332.9599914550781,332.9599914550781,9069
2026-08-10 14:05:00,332.54998779296875,332.7300109863281,332.2900085449219,332.4800109863281,332.4800109863281,1754
2026-08-10 14:10:00,332.6000061035156,332.7850036621094,332.3900146484375,332.3900146484375,332.3900146484375,1961
2026-08-10 14:15:00,332.19000244140625,332.19000244140625,331.9849853515625,331.9849853515625,331.9849853515625,1021
2026-08-10 14:20:00,332.1050109863281,332.1050109863281,331.7300109863281,332.0400085449219,332.0400085449219,1039
2026-08-10 14:25:00,331.8500061035156,331.9599914550781,331.2300109863281,331.2300109863281,331.2300109863281,3074
2026-08-10 14:30:00,331.1000061035156,331.1000061035156,330.489990234375,330.625,330.625,1622
2026-08-10 14:35:00,330.54998779296875,330.54998779296875,330.04998779296875,330.260009765625,330.260009765625,3550
2026-08-10 14:40:00,330.2850036621094,330.510009765625,330.1499938964844,330.1499938964844,330.1499938964844,1748
2026-08-10 14:45:00,330.2149963378906,330.2900085449219,329.9700012207031,330.1000061035156,330.1000061035156,3206
2026-08-10 14:50:00,330.1050109863281,330.2200012207031,329.8999938964844,329.8999938964844,329.8999938964844,3680
2026-08-10 14:55:00,329.7640075683594,330.17999267578125,329.7640075683594,330.0599975585937,330.0599975585937,2175
2026-08-10 15:00:00,329.8999938964844,330.010009765625,329.6300048828125,329.9700012207031,329.9700012207031,1943
2026-08-10 15:05:00,329.9700012207031,330.2950134277344,329.9599914550781,330.260009765625,330.260009765625,1909
2026-08-10 15:10:00,330.2250061035156,330.5,330.2200012207031,330.3599853515625,330.3599853515625,1770
2026-08-10 15:15:00,330.4599914550781,330.510009765625,330.1499938964844,330.1600036621094,330.1600036621094,3874
2026-08-10 15:20:00,330.2149963378906,330.3500061035156,330.19000244140625,330.260009765625,330.260009765625,1548
2026-08-10 15:25:00,330.1700134277344,330.2550048828125,329.7950134277344,330.20001220703125,330.20001220703125,4266
2026-08-10 15:30:00,330.3299865722656,330.8500061035156,330.3299865722656,330.6849975585937,330.6849975585937,6113
2026-08-10 15:35:00,330.6600036621094,331.0400085449219,330.6600036621094,330.8999938964844,330.8999938964844,3702
2026-08-10 15:40:00,331.0,331.29998779296875,330.94000244140625,331.29998779296875,331.29998779296875,4275
2026-08-10 15:45:00,331.5400085449219,331.6300048828125,331.2094116210937,331.6199951171875,331.6199951171875,3951
2026-08-10 15:50:00,331.6300048828125,331.6499938964844,330.7099914550781,330.82000732421875,330.82000732421875,9710
2026-08-10 15:55:00,330.9800109863281,331.1199951171875,330.3900146484375,330.8099975585937,330.8099975585937,38179
2026-08-10 16:00:00,330.81,335.0,330.81,330.81,330.81,86284
2026-08-10 16:05:00,330.81,335.0,330.81,330.81,330.81,0
2026-08-10 16:10:00,330.81,335.0,330.81,335.0,335.0,0
2026-08-10 16:15:00,330.81,330.81,330.7,330.7,330.7,0
2026-08-10 16:20:00,330.81,330.81,330.81,330.81,330.81,0
2026-08-10 16:25:00,331.0,331.0,331.0,331.0,331.0,0
2026-08-10 16:45:00,332.0,332.0,332.0,332.0,332.0,0
2026-08-10 16:55:00,332.0,333.9,331.95,331.95,331.95,0
2026-08-10 17:00:00,331.95,331.96,330.81,330.81,330.81,0
2026-08-10 17:05:00,330.81,330.81,330.81,330.81,330.81,0
2026-08-10 17:10:00,330.55,330.81,330.0,330.81,330.81,0
2026-08-10 17:15:00,331.0,331.0,331.0,331.0,331.0,0
2026-08-10 17:25:00,331.0,331.0,330.1,330.81,330.81,0
2026-08-10 17:35:00,334.0,334.0,334.0,334.0,334.0,0
2026-08-10 17:40:00,333.3,333.3,333.3,333.3,333.3,0
2026-08-10 17:55:00,329.3772,333.3,329.3772,333.3,333.3,0
2026-08-10 18:00:00,333.0,333.0,332.32,332.32,332.32,0
2026-08-10 19:15:00,332.32,332.32,332.32,332.32,332.32,0
2026-08-10 19:30:00,331.0,331.0,331.0,331.0,331.0,0
2026-08-10 19:45:00,333.9,333.9,333.9,333.9,333.9,0
2026-08-11 04:00:00,329.13,334.625,327.0,327.0,327.0,0
2026-08-11 04:20:00,327.0,327.0,327.0,327.0,327.0,0
2026-08-11 05:05:00,327.0,327.0,327.0,327.0,327.0,0
2026-08-11 05:20:00,330.7,330.7,330.7,330.7,330.7,0
2026-08-11 05:35:00,330.7,330.7,330.7,330.7,330.7,0
2026-08-11 05:50:00,330.7,330.7,330.7,330.7,330.7,0
2026-08-11 06:35:00,330.7,330.7,330.7,330.7,330.7,0
2026-08-11 07:00:00,332.0,332.0,332.0,332.0,332.0,0
2026-08-11 07:05:00,328.0,328.0,328.0,328.0,328.0,0
2026-08-11 07:10:00,328.0,328.0,328.0,328.0,328.0,0
2026-08-11 07:20:00,329.3,329.3,329.3,329.3,329.3,0
2026-08-11 07:35:00,329.3,329.3,329.3,329.3,329.3,0
2026-08-11 07:50:00,329.3,329.3,329.3,329.3,329.3,0
2026-08-11 07:55:00,328.5562,328.5562,328.5562,328.5562,328.5562,0
2026-08-11 08:05:00,328.5562,328.5562,328.5562,328.5562,328.5562,0
2026-08-11 08:15:00,330.69,330.69,330.69,330.69,330.69,0
2026-08-11 08:20:00,330.69,330.69,330.69,330.69,330.69,0
2026-08-11 08:35:00,330.69,330.69,330.69,330.69,330.69,0
2026-08-11 08:40:00,330.69,330.69,330.69,330.69,330.69,0
2026-08-11 08:50:00,330.69,330.69,330.69,330.69,330.69,0
2026-08-11 08:55:00,330.58,330.7,330.58,330.7,330.7,0
2026-08-11 09:00:00,330.7,330.7,330.7,330.7,330.7,0
2026-08-11 09:30:00,328.79998779296875,331.8999938964844,328.7799987792969,331.7650146484375,331.7650146484375,3864
2026-08-11 09:35:00,328.5400085449219,330.2799987792969,328.5,330.135009765625,330.135009765625,1457
2026-08-11 09:40:00,330.3999938964844,330.3999938964844,328.8699951171875,328.8699951171875,328.8699951171875,907
2026-08-11 09:45:00,329.4200134277344,330.7900085449219,329.4200134277344,330.20001220703125,330.20001220703125,2691
2026-08-11 09:50:00,330.7799987792969,331.32000732421875,329.9700012207031,330.70001220703125,330.70001220703125,1412
2026-08-11 09:55:00,330.69500732421875,331.44000244140625,330.69500732421875,331.44000244140625,331.44000244140625,1184
2026-08-11 10:00:00,331.69000244140625,331.70001220703125,331.2200012207031,331.625,331.625,1015
2026-08-11 10:05:00,331.3299865722656,332.19000244140625,330.9100036621094,332.19000244140625,332.19000244140625,2164
2026-08-11 10:10:00,332.2349853515625,333.04998779296875,331.3193054199219,332.2098999023437,332.2098999023437,3697
2026-08-11 10:15:00,332.2099914550781,333.1799011230469,332.2099914550781,332.6499938964844,332.6499938964844,1247
2026-08-11 10:20:00,332.6050109863281,332.6650085449219,332.1600036621094,332.1600036621094,332.1600036621094,1723
2026-08-11 10:25:00,332.6849975585937,334.1679992675781,332.6849975585937,333.8450927734375,333.8450927734375,2538
2026-08-11 10:30:00,333.6700134277344,333.6700134277344,332.8349914550781,332.8399963378906,332.8399963378906,1700
2026-08-11 10:35:00,332.8399963378906,333.6600036621094,332.8399963378906,333.55499267578125,333.55499267578125,1324
2026-08-11 10:40:00,333.42999267578125,333.5599975585937,333.42999267578125,333.5599975585937,333.5599975585937,703
2026-08-11 10:45:00,333.0599975585937,333.4800109863281,332.9100036621094,332.9100036621094,332.9100036621094,1698
2026-08-11 10:50:00,332.510009765625,332.510009765625,331.4501037597656,331.5049133300781,331.5049133300781,1621
2026-08-11 10:55:00,331.0950012207031,331.0950012207031,330.44000244140625,330.44000244140625,330.44000244140625,2815
2026-08-11 11:00:00,330.5400085449219,330.739990234375,329.44000244140625,329.7449951171875,329.7449951171875,7649
2026-08-11 11:05:00,329.79998779296875,330.1099853515625,329.79998779296875,330.1000061035156,330.1000061035156,1652
2026-08-11 11:10:00,330.1000061035156,330.3800048828125,329.7799987792969,330.3800048828125,330.3800048828125,3839
2026-08-11 11:15:00,330.0599975585937,330.0599975585937,328.9150085449219,329.0299987792969,329.0299987792969,1811
2026-08-11 11:20:00,329.3900146484375,329.5400085449219,328.80499267578125,328.80499267578125,328.80499267578125,3380
2026-08-11 11:25:00,328.82000732421875,328.8800048828125,328.3949890136719,328.5450134277344,328.5450134277344,1999
2026-08-11 11:30:00,328.6549987792969,329.5400085449219,328.6549987792969,329.5400085449219,329.5400085449219,1761
2026-08-11 11:35:00,329.4150085449219,329.4150085449219,329.25146484375,329.25146484375,329.25146484375,1597
2026-08-11 11:40:00,328.7900085449219,329.239990234375,328.7300109863281,329.0799865722656,329.0799865722656,1118
2026-08-11 11:45:00,329.0849914550781,329.239990234375,329.06500244140625,329.06500244140625,329.06500244140625,3281
2026-08-11 11:50:00,329.1600036621094,329.6700134277344,329.07000732421875,329.510009765625,329.510009765625,3355
2026-08-11 11:55:00,329.1499938964844,329.4100036621094,328.8699951171875,328.8800048828125,328.8800048828125,1687
2026-08-11 12:00:00,329.489990234375,331.510009765625,329.125,330.9049987792969,330.9049987792969,15654
2026-08-11 12:05:00,330.9049987792969,330.9049987792969,330.2300109863281,330.8900146484375,330.8900146484375,2199
2026-08-11 12:10:00,330.510009765625,331.010009765625,330.4700012207031,330.7749938964844,330.7749938964844,2024
2026-08-11 12:15:00,330.7250061035156,331.44000244140625,330.7250061035156,331.44000244140625,331.44000244140625,1637
2026-08-11 12:20:00,331.2799987792969,331.8099975585937,331.2799987792969,331.3800048828125,331.3800048828125,3521
2026-08-11 12:25:00,331.07000732421875,331.5799865722656,330.8800048828125,330.8800048828125,330.8800048828125,2049
2026-08-11 12:30:00,330.8500061035156,331.19000244140625,330.4949951171875,331.0,331.0,2837
2026-08-11 12:35:00,330.92999267578125,330.92999267578125,330.5899963378906,330.6199951171875,330.6199951171875,4234
2026-08-11 12:40:00,330.7101135253906,330.9800109863281,330.69000244140625,330.69000244140625,330.69000244140625,1883
2026-08-11 12:45:00,330.9750061035156,331.1099853515625,330.79998779296875,331.1099853515625,331.1099853515625,1591
2026-08-11 12:50:00,330.8800048828125,330.92999267578125,330.67999267578125,330.8699951171875,330.8699951171875,1313
2026-08-11 12:55:00,330.6849975585937,331.07000732421875,330.6849975585937,330.760009765625,330.760009765625,2826
2026-08-11 13:00:00,330.69000244140625,331.6099853515625,330.69000244140625,331.3299865722656,331.3299865722656,3328
2026-08-11 13:05:00,331.4849853515625,331.5899963378906,331.1600036621094,331.1600036621094,331.1600036621094,1549
2026-08-11 13:10:00,331.20001220703125,331.4800109863281,331.20001220703125,331.3999938964844,331.3999938964844,1223
2026-08-11 13:15:00,331.010009765625,331.20001220703125,331.010009765625,331.0599975585937,331.0599975585937,1223
2026-08-11 13:20:00,331.0,331.1499938964844,330.393310546875,330.6400146484375,330.6400146484375,2059
2026-08-11 13:25:00,330.6400146484375,330.6400146484375,330.260009765625,330.4800109863281,330.4800109863281,1075
2026-08-11 13:30:00,330.4849853515625,330.4849853515625,330.010009765625,330.2200012207031,330.2200012207031,1665
2026-08-11 13:35:00,330.1600036621094,330.29998779296875,329.5,329.5,329.5,1836
2026-08-11 13:40:00,329.2900085449219,329.67999267578125,328.9800109863281,329.0899963378906,329.0899963378906,3212
2026-08-11 13:45:00,329.1600036621094,329.4200134277344,329.1549987792969,329.25,329.25,2821
2026-08-11 13:50:00,329.0899963378906,329.1600036621094,328.9800109863281,329.0050048828125,329.0050048828125,1625
2026-08-11 13:55:00,328.8800048828125,328.9800109863281,328.625,328.7650146484375,328.7650146484375,1969
2026-08-11 14:00:00,328.9798889160156,329.1199951171875,328.7099914550781,329.0400085449219,329.0400085449219,2186
2026-08-11 14:05:00,329.0299987792969,329.0299987792969,328.739990234375,328.9100036621094,328.9100036621094,1177
2026-08-11 14:10:00,328.9150085449219,329.19000244140625,328.6099853515625,328.6499938964844,328.6499938964844,2737
2026-08-11 14:15:00,328.4100036621094,329.1600036621094,328.4100036621094,328.94000244140625,328.94000244140625,3744
2026-08-11 14:20:00,329.0,329.3599853515625,328.7900085449219,329.3599853515625,329.3599853515625,5973
2026-08-11 14:25:00,329.3800048828125,329.6098937988281,329.1400146484375,329.17999267578125,329.17999267578125,2211
2026-08-11 14:30:00,328.70001220703125,329.2200012207031,328.70001220703125,329.1199951171875,329.1199951171875,2817
2026-08-11 14:35:00,329.1050109863281,329.3699951171875,329.0799865722656,329.3699035644531,329.3699035644531,3235
2026-08-11 14:40:00,329.010009765625,329.17999267578125,328.5299987792969,329.010009765625,329.010009765625,4286
2026-08-11 14:45:00,328.8949890136719,328.8949890136719,328.8900146484375,328.8900146484375,328.8900146484375,647
2026-08-11 14:50:00,328.8900146484375,328.8900146484375,328.5599975585937,328.57000732421875,328.57000732421875,2015
2026-08-11 14:55:00,328.5599975585937,328.57000732421875,328.0899963378906,328.2950134277344,328.2950134277344,4862
2026-08-11 15:00:00,328.2900085449219,328.3599853515625,327.739990234375,328.114990234375,328.114990234375,6491
2026-08-11 15:05:00,328.114990234375,328.7200012207031,327.92999267578125,328.6000061035156,328.6000061035156,4585
2026-08-11 15:10:00,328.6099853515625,328.6099853515625,327.9700012207031,327.9700012207031,327.9700012207031,2290
2026-08-11 15:15:00,327.8299865722656,327.8299865722656,326.7550048828125,327.0899963378906,327.0899963378906,5349
2026-08-11 15:20:00,327.0299987792969,327.9200134277344,327.0299987792969,327.9049987792969,327.9049987792969,3983
2026-08-11 15:25:00,327.7099914550781,327.7300109863281,326.9700012207031,327.2099914550781,327.2099914550781,3980
2026-08-11 15:30:00,327.2049865722656,327.45001220703125,326.6600036621094,326.7850036621094,326.7850036621094,7811
2026-08-11 15:35:00,326.5799865722656,327.1000061035156,326.5799865722656,326.7300109863281,326.7300109863281,6701
2026-08-11 15:40:00,326.7300109863281,326.8599853515625,326.260009765625,326.82501220703125,326.82501220703125,5693
2026-08-11 15:45:00,326.82501220703125,327.4349975585937,326.82501220703125,327.3575134277344,327.3575134277344,9166
2026-08-11 15:50:00,327.32000732421875,327.8800048828125,327.29998779296875,327.69000244140625,327.69000244140625,9379
2026-08-11 15:55:00,327.7049865722656,327.9800109863281,327.1700134277344,327.8399963378906,327.8399963378906,38092
2026-08-11 16:00:00,327.85,327.85,326.0,327.85,327.85,112807
2026-08-11 16:10:00,327.85,327.85,327.85,327.85,327.85,0
2026-08-11 16:15:00,327.85,327.9,327.85,327.85,327.85,0
2026-08-11 16:25:00,326.0,326.0,325.2,325.2,325.2,0
2026-08-11 16:35:00,327.6,327.6,327.6,327.6,327.6,0
2026-08-11 16:40:00,327.99,327.99,327.99,327.99,327.99,0
2026-08-11 16:45:00,327.25,327.25,327.25,327.25,327.25,0
2026-08-11 17:05:00,330.68,330.68,330.68,330.68,330.68,0
2026-08-11 17:15:00,327.85,327.85,327.85,327.85,327.85,0
2026-08-11 17:25:00,330.7,330.7,330.7,330.7,330.7,0
2026-08-11 17:35:00,326.88,326.88,326.88,326.88,326.88,0
2026-08-11 17:50:00,327.5,328.2,327.0,327.6,327.6,0
2026-08-11 18:00:00,329.54,329.54,329.0,329.0,329.0,0
2026-08-11 18:10:00,328.0,328.0,328.0,328.0,328.0,0
2026-08-11 19:30:00,330.68,330.68,330.68,330.68,330.68,0
2026-08-11 19:40:00,330.7,330.7,330.7,330.7,330.7,0
2026-08-11 19:50:00,327.85,327.85,327.85,327.85,327.85,0
2026-08-12 04:00:00,330.0,330.0,327.85,327.85,327.85,0
2026-08-12 04:05:00,326.65,326.65,326.65,326.65,326.65,0
2026-08-12 04:10:00,326.65,326.65,325.0,325.0,325.0,0
2026-08-12 04:20:00,325.0,325.0,325.0,325.0,325.0,0
2026-08-12 04:30:00,325.0,325.0,325.0,325.0,325.0,0
2026-08-12 04:45:00,325.0,325.0,325.0,325.0,325.0,0
2026-08-12 05:10:00,325.0,325.0,325.0,325.0,325.0,0
2026-08-12 05:25:00,325.0,325.0,325.0,325.0,325.0,0
2026-08-12 05:35:00,325.0,325.0,325.0,325.0,325.0,0
2026-08-12 05:40:00,328.0,328.0,328.0,328.0,328.0,0
2026-08-12 05:50:00,328.0,328.0,328.0,328.0,328.0,0
2026-08-12 06:15:00,328.0,328.0,328.0,328.0,328.0,0
2026-08-12 06:35:00,328.0,328.0,328.0,328.0,328.0,0
2026-08-12 06:55:00,328.0,328.0,328.0,328.0,328.0,0
2026-08-12 07:00:00,327.5,327.5,327.5,327.5,327.5,0
2026-08-12 07:05:00,327.7,330.69,327.7,330.5062,330.5062,0
2026-08-12 07:20:00,330.1,330.1,330.04,330.04,330.04,0
2026-08-12 07:30:00,330.5769,330.5769,330.5769,330.5769,330.5769,0
2026-08-12 07:55:00,328.0,328.0,328.0,328.0,328.0,0
2026-08-12 08:05:00,328.0,328.0,328.0,328.0,328.0,0
2026-08-12 08:15:00,328.0,328.0,328.0,328.0,328.0,0
2026-08-12 08:25:00,327.85,328.18,327.85,328.0,328.0,0
2026-08-12 08:30:00,328.0,328.5,328.0,328.5,328.5,0
2026-08-12 08:35:00,328.42,328.42,328.0,328.0,328.0,0
2026-08-12 08:40:00,327.86,328.43,327.85,328.43,328.43,0
2026-08-12 08:45:00,328.0,328.0,328.0,328.0,328.0,0
2026-08-12 09:05:00,327.15,327.15,327.03,327.03,327.03,0
2026-08-12 09:30:00,325.6099853515625,326.9150085449219,324.4800109863281,325.4849853515625,325.4849853515625,6232
2026-08-12 09:35:00,326.2799987792969,327.739990234375,326.2799987792969,326.92498779296875,326.92498779296875,2086
2026-08-12 09:40:00,326.9200134277344,326.9200134277344,323.3301086425781,326.1050109863281,326.1050109863281,4942
2026-08-12 09:45:00,325.4700012207031,327.09991455078125,325.30499267578125,326.385009765625,326.385009765625,3013
2026-08-12 09:50:00,326.3900146484375,326.3900146484375,323.29010009765625,326.25750732421875,326.25750732421875,3035
2026-08-12 09:55:00,325.57000732421875,326.2799987792969,324.9700012207031,324.9700012207031,324.9700012207031,3852
2026-08-12 10:00:00,324.3999938964844,324.635009765625,324.3900146484375,324.635009765625,324.635009765625,1160
2026-08-12 10:05:00,324.6600036621094,326.0,324.6600036621094,325.80499267578125,325.80499267578125,1252
2026-08-12 10:10:00,325.6000061035156,325.8299865722656,325.0899963378906,325.0899963378906,325.0899963378906,2660
2026-08-12 10:15:00,324.7124938964844,325.3622131347656,324.7124938964844,325.2749938964844,325.2749938964844,2224
2026-08-12 10:20:00,325.2749938964844,325.2749938964844,324.81500244140625,324.81500244140625,324.81500244140625,1089
2026-08-12 10:25:00,324.81500244140625,325.1600036621094,324.57501220703125,325.1600036621094,325.1600036621094,960
2026-08-12 10:30:00,324.57501220703125,324.8699951171875,323.4613037109375,324.8699951171875,324.8699951171875,2596
2026-08-12 10:35:00,324.5,324.5450134277344,323.6709899902344,324.2049865722656,324.2049865722656,2592
2026-08-12 10:40:00,324.8599853515625,324.8599853515625,324.6400146484375,324.7099914550781,324.7099914550781,1084
2026-08-12 10:45:00,324.4750061035156,324.5899963378906,324.3349914550781,324.5899963378906,324.5899963378906,1562
2026-08-12 10:50:00,325.05499267578125,325.1499938964844,323.9599914550781,323.9599914550781,323.9599914550781,2021
2026-08-12 10:55:00,323.9800109863281,323.9800109863281,323.44000244140625,323.5299987792969,323.5299987792969,1074
2026-08-12 11:00:00,323.5299987792969,324.45001220703125,323.25,324.05499267578125,324.05499267578125,1512
2026-08-12 11:05:00,323.8599853515625,324.5400085449219,323.7799987792969,323.8999938964844,323.8999938964844,1226
2026-08-12 11:10:00,323.7300109863281,326.4700012207031,323.7300109863281,326.1300048828125,326.1300048828125,5302
2026-08-12 11:15:00,325.9125061035156,327.0400085449219,325.9125061035156,326.1099853515625,326.1099853515625,2420
2026-08-12 11:20:00,326.1199951171875,326.4433898925781,325.9800109863281,326.2699890136719,326.2699890136719,2551
2026-08-12 11:25:00,326.3399963378906,326.79998779296875,326.17010498046875,326.79998779296875,326.79998779296875,2290
2026-08-12 11:30:00,326.8450012207031,327.010009765625,326.260009765625,326.260009765625,326.260009765625,1481
2026-08-12 11:35:00,326.5450134277344,326.5450134277344,326.3299865722656,326.3399963378906,326.3399963378906,848
2026-08-12 11:40:00,325.9800109863281,326.3800048828125,325.5899963378906,325.7349853515625,325.7349853515625,8948
2026-08-12 11:45:00,326.1199951171875,326.1199951171875,325.5599975585937,325.81500244140625,325.81500244140625,1610
2026-08-12 11:50:00,325.79998779296875,326.1600036621094,325.7850036621094,326.0849914550781,326.0849914550781,2307
2026-08-12 11:55:00,325.90008544921875,326.1499938964844,325.7300109863281,325.7300109863281,325.7300109863281,1401
2026-08-12 12:00:00,326.0199890136719,326.2099914550781,326.0199890136719,326.1849975585937,326.1849975585937,836
2026-08-12 12:05:00,326.2099914550781,326.2099914550781,325.989990234375,325.989990234375,325.989990234375,917
2026-08-12 12:10:00,325.9700012207031,325.9700012207031,325.9700012207031,325.9700012207031,325.9700012207031,858
2026-08-12 12:15:00,326.2900085449219,326.8399963378906,325.92498779296875,326.8399963378906,326.8399963378906,5412
2026-08-12 12:20:00,326.4100036621094,326.82000732421875,326.2149963378906,326.2900085449219,326.2900085449219,3744
2026-08-12 12:25:00,326.3450012207031,326.3450012207031,325.8599853515625,326.1700134277344,326.1700134277344,1356
2026-08-12 12:30:00,326.2699890136719,326.2699890136719,325.6852111816406,326.1499938964844,326.1499938964844,1901
2026-08-12 12:35:00,326.1600036621094,326.8450012207031,326.1200866699219,326.510009765625,326.510009765625,1565
2026-08-12 12:40:00,326.2699890136719,326.5299987792969,326.2300109863281,326.49249267578125,326.49249267578125,3422
2026-08-12 12:45:00,326.2330017089844,326.5899963378906,326.1199951171875,326.2489013671875,326.2489013671875,1399
2026-08-12 12:50:00,326.5,326.5450134277344,326.2699890136719,326.3900146484375,326.3900146484375,1285
2026-08-12 12:55:00,326.2900085449219,326.6199951171875,325.8900146484375,325.8900146484375,325.8900146484375,3704
2026-08-12 13:00:00,325.67498779296875,325.69500732421875,325.67498779296875,325.69500732421875,325.69500732421875,415
2026-08-12 13:05:00,325.69000244140625,326.0899963378906,325.69000244140625,325.9525146484375,325.9525146484375,1391
2026-08-12 13:10:00,325.8599853515625,326.260009765625,325.8599853515625,326.2149963378906,326.2149963378906,1536
2026-08-12 13:15:00,326.2099914550781,326.2099914550781,325.80499267578125,325.94000244140625,325.94000244140625,3082
2026-08-12 13:20:00,325.989990234375,326.3699951171875,325.989990234375,326.3699951171875,326.3699951171875,502
2026-08-12 13:25:00,326.3175048828125,326.9100036621094,326.25421142578125,326.9100036621094,326.9100036621094,2334
2026-08-12 13:30:00,326.7099914550781,327.07000732421875,326.7099914550781,326.9750061035156,326.9750061035156,1723
2026-08-12 13:35:00,326.86639404296875,327.3900146484375,326.86639404296875,327.3900146484375,327.3900146484375,770
2026-08-12 13:40:00,327.3999938964844,327.8799133300781,327.3999938964844,327.7699890136719,327.7699890136719,3213
2026-08-12 13:45:00,327.6000061035156,327.7200012207031,327.6000061035156,327.7200012207031,327.7200012207031,1166
2026-08-12 13:50:00,327.5799865722656,328.17999267578125,327.4100036621094,328.17999267578125,328.17999267578125,2425
2026-08-12 13:55:00,328.3099975585937,328.5199890136719,328.0599975585937,328.3450012207031,328.3450012207031,1138
2026-08-12 14:00:00,328.3074951171875,328.5013122558594,327.9800109863281,328.05499267578125,328.05499267578125,2850
2026-08-12 14:05:00,328.05499267578125,328.3599853515625,328.05499267578125,328.19500732421875,328.19500732421875,1826
2026-08-12 14:10:00,328.19500732421875,328.3900146484375,327.9800109863281,328.19000244140625,328.19000244140625,762
2026-08-12 14:15:00,328.1875,328.3999938964844,328.0775146484375,328.3500061035156,328.3500061035156,3334
2026-08-12 14:20:00,328.2449951171875,328.45001220703125,328.2449951171875,328.45001220703125,328.45001220703125,1300
2026-08-12 14:25:00,328.489990234375,328.8800048828125,328.4599914550781,328.7300109863281,328.7300109863281,2002
2026-08-12 14:30:00,328.7300109863281,328.7349853515625,328.614990234375,328.614990234375,328.614990234375,1190
2026-08-12 14:35:00,328.614990234375,329.1300048828125,328.614990234375,329.1300048828125,329.1300048828125,2897
2026-08-12 14:40:00,329.05499267578125,329.1199951171875,328.760009765625,328.760009765625,328.760009765625,2013
2026-08-12 14:45:00,328.927490234375,328.94500732421875,328.6000061035156,328.7650146484375,328.7650146484375,1434
2026-08-12 14:50:00,328.6000061035156,328.79998779296875,328.3900146484375,328.6000061035156,328.6000061035156,3370
2026-08-12 14:55:00,328.6000061035156,328.760009765625,328.3999938964844,328.3999938964844,328.3999938964844,2263
2026-08-12 15:00:00,328.2544860839844,329.0799865722656,328.2544860839844,328.7799987792969,328.7799987792969,3781
2026-08-12 15:05:00,328.7900085449219,328.8500061035156,328.6300048828125,328.7950134277344,328.7950134277344,941
2026-08-12 15:10:00,328.70001220703125,329.260009765625,328.6400146484375,329.1600036621094,329.1600036621094,5595
2026-08-12 15:15:00,329.0249938964844,329.4849853515625,329.0249938964844,329.2250061035156,329.2250061035156,4783
2026-08-12 15:20:00,328.9599914550781,328.9599914550781,328.3800048828125,328.625,328.625,2765
2026-08-12 15:25:00,328.3800048828125,328.69500732421875,328.3299865722656,328.4750061035156,328.4750061035156,2157
2026-08-12 15:30:00,328.4750061035156,328.4750061035156,327.7300109863281,328.05499267578125,328.05499267578125,8081
2026-08-12 15:35:00,328.1099853515625,328.1199951171875,327.7900085449219,328.0299987792969,328.0299987792969,7014
2026-08-12 15:40:00,328.0609130859375,328.0609130859375,327.4800109863281,327.5,327.5,6415
2026-08-12 15:45:00,327.635009765625,327.864990234375,326.8500061035156,327.010009765625,327.010009765625,6766
2026-08-12 15:50:00,326.82000732421875,327.2799987792969,326.4150085449219,326.760009765625,326.760009765625,13147
2026-08-12 15:55:00,326.8599853515625,327.2250061035156,326.45001220703125,326.8599853515625,326.8599853515625,34094
2026-08-12 16:00:00,326.86,326.93,324.0,326.8,326.8,60808
2026-08-12 16:10:00,326.8,326.8,326.8,326.8,326.8,0
2026-08-12 16:15:00,326.8,326.8,325.0,325.0,325.0,0
2026-08-12 16:20:00,325.46,326.74,325.46,326.74,326.74,0
2026-08-12 16:30:00,326.74,326.74,324.05,324.05,324.05,0
2026-08-12 16:45:00,326.8,326.8,326.8,326.8,326.8,0
2026-08-12 17:05:00,326.8,326.8,326.8,326.8,326.8,0
2026-08-12 17:45:00,326.0,326.0,326.0,326.0,326.0,0
2026-08-12 18:25:00,326.0,326.0,325.98,325.98,325.98,0
2026-08-12 18:50:00,326.8,326.8,326.74,326.74,326.74,0
2026-08-12 19:05:00,326.8,326.8,326.8,326.8,326.8,0
2026-08-12 19:15:00,326.74,326.74,326.74,326.74,326.74,0
2026-08-12 19:25:00,326.8,326.8,326.8,326.8,326.8,0
2026-08-12 19:30:00,326.74,326.74,326.74,326.74,326.74,0
2026-08-12 19:35:00,326.74,326.74,326.74,326.74,326.74,0
2026-08-12 19:55:00,326.74,326.74,326.74,326.74,326.74,0
2026-08-13 04:00:00,325.97,326.0,325.97,325.97,325.97,0
2026-08-13 04:05:00,326.0,326.0,326.0,326.0,326.0,0
2026-08-13 04:10:00,326.0,326.0,326.0,326.0,326.0,0
2026-08-13 04:25:00,326.0,326.0,326.0,326.0,326.0,0
2026-08-13 04:30:00,326.0,326.0,326.0,326.0,326.0,0
2026-08-13 04:45:00,326.0,326.0,326.0,326.0,326.0,0
2026-08-13 05:00:00,326.0,326.0,326.0,326.0,326.0,0
2026-08-13 05:20:00,326.8987,326.8987,326.8987,326.8987,326.8987,0
2026-08-13 05:25:00,326.8987,326.8987,326.8987,326.8987,326.8987,0
2026-08-13 05:55:00,326.8987,326.8987,326.8987,326.8987,326.8987,0
2026-08-13 06:10:00,326.8987,326.8987,326.8987,326.8987,326.8987,0
2026-08-13 06:50:00,326.8987,326.8987,326.8987,326.8987,326.8987,0
2026-08-13 07:00:00,328.26,330.69,328.0,330.5525,330.5525,0
2026-08-13 07:10:00,329.9608,329.9608,329.9608,329.9608,329.9608,0
2026-08-13 07:15:00,326.8987,326.8987,326.8987,326.8987,326.8987,0
2026-08-13 07:20:00,327.6,327.6,327.6,327.6,327.6,0
2026-08-13 07:45:00,329.96,329.96,329.96,329.96,329.96,0
2026-08-13 07:50:00,329.96,329.96,329.96,329.96,329.96,0
2026-08-13 08:00:00,328.0,328.0,328.0,328.0,328.0,0
2026-08-13 08:05:00,327.5,327.5,327.5,327.5,327.5,0
2026-08-13 08:10:00,327.88,328.66,327.5,328.66,328.66,0
2026-08-13 08:20:00,327.99,327.99,327.99,327.99,327.99,0
2026-08-13 08:25:00,327.52,329.1429,327.52,329.1429,329.1429,0
2026-08-13 08:30:00,328.0,328.0,328.0,328.0,328.0,0
2026-08-13 08:55:00,328.0,330.7,328.0,330.1,330.1,0
2026-08-13 09:00:00,329.99,330.1,328.82,328.83,328.83,0
2026-08-13 09:30:00,327.0199890136719,328.6650085449219,323.114990234375,324.5450134277344,324.5450134277344,19078
2026-08-13 09:35:00,324.57000732421875,326.3999938964844,324.57000732421875,326.3599853515625,326.3599853515625,1734
2026-08-13 09:40:00,326.0199890136719,326.3699951171875,325.6199951171875,326.05499267578125,326.05499267578125,6911
2026-08-13 09:45:00,326.1449890136719,326.1449890136719,324.7200012207031,325.05499267578125,325.05499267578125,3334
2026-08-13 09:50:00,325.0599975585937,325.0599975585937,323.875,323.875,323.875,1614
2026-08-13 09:55:00,323.8800048828125,323.8999938964844,322.0,322.0,322.0,2263
2026-08-13 10:00:00,322.7850036621094,325.1499938964844,322.7850036621094,325.1499938964844,325.1499938964844,3234
2026-08-13 10:05:00,325.70001220703125,325.8900146484375,324.42999267578125,324.8500061035156,324.8500061035156,3900
2026-08-13 10:10:00,325.8974914550781,327.2699890136719,325.8974914550781,326.6300048828125,326.6300048828125,977
2026-08-13 10:15:00,327.260009765625,327.260009765625,326.3299865722656,326.6600036621094,326.6600036621094,2076
2026-08-13 10:20:00,326.6000061035156,328.0799865722656,326.5799865722656,328.0799865722656,328.0799865722656,2852
2026-08-13 10:25:00,328.1000061035156,328.4173583984375,328.1000061035156,328.1700134277344,328.1700134277344,969
2026-08-13 10:30:00,327.7900085449219,328.1549987792969,325.9549865722656,325.9599914550781,325.9599914550781,3955
2026-08-13 10:35:00,325.9549865722656,326.1625061035156,324.9800109863281,324.9800109863281,324.9800109863281,2781
2026-08-13 10:40:00,325.45001220703125,325.69500732421875,325.45001220703125,325.69500732421875,325.69500732421875,1073
2026-08-13 10:45:00,325.489990234375,326.19000244140625,324.5299987792969,324.5299987792969,324.5299987792969,6595
2026-08-13 10:50:00,324.5599975585937,325.7200012207031,324.5400085449219,325.7200012207031,325.7200012207031,2345
2026-08-13 10:55:00,325.5400085449219,325.5400085449219,325.4649963378906,325.4649963378906,325.4649963378906,740
2026-08-13 11:00:00,325.5150146484375,326.260009765625,325.3500061035156,325.3500061035156,325.3500061035156,1269
2026-08-13 11:05:00,325.7915954589844,325.7915954589844,325.010009765625,325.4599914550781,325.4599914550781,2002
2026-08-13 11:10:00,325.4599914550781,325.4599914550781,325.0299987792969,325.1487121582031,325.1487121582031,1755
2026-08-13 11:15:00,325.17999267578125,325.17999267578125,324.69000244140625,324.760009765625,324.760009765625,2442
2026-08-13 11:20:00,324.760009765625,325.25,324.760009765625,325.0299987792969,325.0299987792969,4131
2026-08-13 11:25:00,324.7099914550781,324.7900085449219,324.2161865234375,324.3699951171875,324.3699951171875,2653
2026-08-13 11:30:00,324.5299987792969,324.6098937988281,324.17498779296875,324.6098937988281,324.6098937988281,2224
2026-08-13 11:35:00,324.6099853515625,324.8399963378906,324.57000732421875,324.57501220703125,324.57501220703125,2873
2026-08-13 11:40:00,324.0899963378906,324.0899963378906,324.0799865722656,324.0799865722656,324.0799865722656,270
2026-08-13 11:45:00,324.0,324.4599914550781,324.0,324.1549987792969,324.1549987792969,2209
2026-08-13 11:50:00,324.1549987792969,324.3999938964844,323.9100036621094,324.1549987792969,324.1549987792969,797
2026-08-13 11:55:00,324.1549987792969,324.44000244140625,323.7799987792969,324.0599975585937,324.0599975585937,1719
2026-08-13 12:00:00,323.7200012207031,323.7200012207031,323.57000732421875,323.57000732421875,323.57000732421875,1306
2026-08-13 12:05:00,323.614990234375,323.7361145019531,322.8500061035156,323.0299987792969,323.0299987792969,1546
2026-08-13 12:10:00,323.0,323.239990234375,322.67498779296875,322.67498779296875,322.67498779296875,3938
2026-08-13 12:15:00,322.8699951171875,322.8900146484375,322.5,322.8450012207031,322.8450012207031,2663
2026-08-13 12:20:00,322.864990234375,322.8800048828125,322.70001220703125,322.81500244140625,322.81500244140625,798
2026-08-13 12:25:00,322.8599853515625,323.6600036621094,322.8599853515625,323.6600036621094,323.6600036621094,2789
2026-08-13 12:30:00,323.5050048828125,324.0899963378906,323.489990234375,324.0899963378906,324.0899963378906,1066
2026-08-13 12:35:00,323.94000244140625,324.2900085449219,323.94000244140625,324.125,324.125,1436
2026-08-13 12:40:00,324.125,324.125,324.1199951171875,324.1199951171875,324.1199951171875,986
2026-08-13 12:45:00,324.1000061035156,324.3900146484375,323.9100036621094,324.2950134277344,324.2950134277344,3818
2026-08-13 12:50:00,324.510009765625,324.8599853515625,324.510009765625,324.8599853515625,324.8599853515625,2530
2026-08-13 12:55:00,324.8599853515625,325.0,324.6400146484375,324.6400146484375,324.6400146484375,3179
2026-08-13 13:00:00,324.6499938964844,324.70001220703125,324.6499938964844,324.6549987792969,324.6549987792969,550
2026-08-13 13:05:00,324.44000244140625,325.010009765625,324.42999267578125,324.8699951171875,324.8699951171875,3987
2026-08-13 13:10:00,324.8699951171875,324.8800048828125,324.739990234375,324.875,324.875,963
2026-08-13 13:15:00,324.875,325.010009765625,324.7799987792969,324.8299865722656,324.8299865722656,1574
2026-08-13 13:20:00,324.6000061035156,324.70001220703125,324.06500244140625,324.56500244140625,324.56500244140625,2847
2026-08-13 13:25:00,324.5249938964844,324.8299865722656,324.5249938964844,324.8299865722656,324.8299865722656,1159
2026-08-13 13:30:00,324.7925109863281,324.9200134277344,324.6300048828125,324.635009765625,324.635009765625,1125
2026-08-13 13:35:00,324.7349853515625,324.7349853515625,324.5,324.5851135253906,324.5851135253906,2555
2026-08-13 13:40:00,324.5,324.6400146484375,324.42999267578125,324.4750061035156,324.4750061035156,3094
2026-08-13 13:45:00,324.6000061035156,324.8299865722656,324.5400085449219,324.5400085449219,324.5400085449219,2518
2026-08-13 13:50:00,324.7799987792969,324.7799987792969,324.5899963378906,324.67999267578125,324.67999267578125,1335
2026-08-13 13:55:00,324.67999267578125,324.67999267578125,324.5599975585937,324.57000732421875,324.57000732421875,891
2026-08-13 14:00:00,324.6700134277344,324.9700012207031,324.6700134277344,324.75,324.75,3834
2026-08-13 14:05:00,324.739990234375,324.75,324.4700012207031,324.6000061035156,324.6000061035156,1080
2026-08-13 14:10:00,324.614990234375,324.739990234375,324.5150146484375,324.5849914550781,324.5849914550781,4175
2026-08-13 14:15:00,324.67999267578125,325.1600036621094,324.5299987792969,325.0199890136719,325.0199890136719,3667
2026-08-13 14:20:00,325.0350036621094,325.4800109863281,325.0350036621094,325.3999938964844,325.3999938964844,2686
2026-08-13 14:25:00,325.3599853515625,325.3699951171875,325.2099914550781,325.25,325.25,1762
2026-08-13 14:30:00,325.1000061035156,325.69000244140625,325.0199890136719,325.69000244140625,325.69000244140625,3899
2026-08-13 14:35:00,325.697509765625,325.9200134277344,325.697509765625,325.9200134277344,325.9200134277344,1113
2026-08-13 14:40:00,325.7900085449219,326.0,325.7799987792969,325.92999267578125,325.92999267578125,1437
2026-08-13 14:45:00,325.8599853515625,326.6199951171875,325.8599853515625,326.6199951171875,326.6199951171875,3869
2026-08-13 14:50:00,326.67498779296875,326.7550048828125,326.4800109863281,326.489990234375,326.489990234375,2849
2026-08-13 14:55:00,326.5599975585937,326.5599975585937,325.7650146484375,325.82000732421875,325.82000732421875,3088
2026-08-13 15:00:00,325.7974853515625,326.2699890136719,325.7724914550781,326.0199890136719,326.0199890136719,1938
2026-08-13 15:05:00,326.010009765625,326.3599853515625,325.989990234375,326.25,326.25,3674
2026-08-13 15:10:00,326.25,326.3699951171875,326.1099853515625,326.25,326.25,2932
2026-08-13 15:15:00,326.3599853515625,326.7850036621094,326.32000732421875,326.7850036621094,326.7850036621094,3057
2026-08-13 15:20:00,326.7900085449219,327.2499084472656,326.70001220703125,326.8299865722656,326.8299865722656,3592
2026-08-13 15:25:00,326.875,326.95001220703125,326.5,326.6050109863281,326.6050109863281,4005
2026-08-13 15:30:00,326.62750244140625,326.69000244140625,326.1517944335937,326.5199890136719,326.5199890136719,4925
2026-08-13 15:35:00,326.4750061035156,326.57000732421875,326.3500061035156,326.3800048828125,326.3800048828125,4665
2026-08-13 15:40:00,326.510009765625,326.510009765625,325.7349853515625,325.739990234375,325.739990234375,6892
2026-08-13 15:45:00,325.760009765625,326.1700134277344,325.54998779296875,326.1050109863281,326.1050109863281,12172
2026-08-13 15:50:00,326.05499267578125,326.0599975585937,325.0199890136719,325.2749938964844,325.2749938964844,13775
2026-08-13 15:55:00,325.3699951171875,326.2449951171875,325.135009765625,325.95001220703125,325.95001220703125,52636
2026-08-13 16:00:00,325.76,325.76,325.76,325.76,325.76,65379
2026-08-13 16:10:00,325.76,325.76,325.76,325.76,325.76,0
2026-08-13 16:15:00,325.76,325.76,325.76,325.76,325.76,0
2026-08-13 16:30:00,326.5,326.5,326.5,326.5,326.5,0
2026-08-13 16:35:00,326.48,326.48,326.48,326.48,326.48,0
2026-08-13 16:45:00,324.0,324.0,324.0,324.0,324.0,0
2026-08-13 17:05:00,325.76,325.76,325.76,325.76,325.76,0
2026-08-13 17:30:00,326.0,326.0,322.0,322.0,322.0,0
2026-08-13 17:35:00,326.49,326.49,326.0,326.0,326.0,0
2026-08-13 17:40:00,326.47,326.5,325.85,325.85,325.85,0
2026-08-13 17:50:00,326.3346,326.3346,326.3346,326.3346,326.3346,0
2026-08-13 17:55:00,326.3346,326.3346,326.3346,326.3346,326.3346,0
2026-08-13 18:15:00,326.5,326.5,326.5,326.5,326.5,0
2026-08-13 18:35:00,326.19,326.19,326.19,326.19,326.19,0
2026-08-13 18:40:00,326.0,326.0,326.0,326.0,326.0,0
2026-08-13 18:45:00,326.0,326.0,326.0,326.0,326.0,0
2026-08-13 18:55:00,326.0,326.0,326.0,326.0,326.0,0
2026-08-13 19:00:00,325.7675,325.7675,325.7675,325.7675,325.7675,0
2026-08-13 19:05:00,326.0,326.0,326.0,326.0,326.0,0
2026-08-13 19:15:00,324.5,324.5,324.5,324.5,324.5,0
2026-08-13 19:25:00,325.99,325.99,325.99,325.99,325.99,0
2026-08-13 19:30:00,326.44,326.44,326.44,326.44,326.44,0
2026-08-13 19:35:00,326.0,326.0,326.0,326.0,326.0,0
2026-08-13 19:50:00,325.99,325.99,325.99,325.99,325.99,0
2026-08-13 19:55:00,325.99,325.99,325.99,325.99,325.99,0
2026-08-14 04:00:00,330.22,330.22,327.49,327.49,327.49,0
2026-08-14 04:05:00,327.34,327.34,327.34,327.34,327.34,0
2026-08-14 04:10:00,327.34,327.34,327.34,327.34,327.34,0
2026-08-14 04:15:00,327.34,327.34,327.34,327.34,327.34,0
2026-08-14 04:30:00,329.8958,329.8958,329.8958,329.8958,329.8958,0
2026-08-14 04:35:00,327.32,327.32,327.32,327.32,327.32,0
2026-08-14 04:40:00,327.32,327.32,327.32,327.32,327.32,0
2026-08-14 05:10:00,329.89,329.89,329.89,329.89,329.89,0
2026-08-14 05:15:00,327.35,327.35,327.35,327.35,327.35,0
2026-08-14 05:25:00,327.35,327.35,327.35,327.35,327.35,0
2026-08-14 05:35:00,327.35,327.35,327.35,327.35,327.35,0
2026-08-14 05:45:00,330.22,330.22,327.34,327.34,327.34,0
2026-08-14 05:55:00,327.34,327.34,327.34,327.34,327.34,0
2026-08-14 06:10:00,328.0,328.0,328.0,328.0,328.0,0
2026-08-14 06:25:00,328.0,328.0,328.0,328.0,328.0,0
2026-08-14 06:40:00,328.0,328.0,328.0,328.0,328.0,0
2026-08-14 06:55:00,328.0,328.0,328.0,328.0,328.0,0
2026-08-14 07:00:00,326.56,330.0913,326.5,326.52,326.52,0
2026-08-14 07:10:00,330.75,330.75,330.75,330.75,330.75,0
2026-08-14 07:25:00,327.35,327.35,327.35,327.35,327.35,0
2026-08-14 07:30:00,327.35,327.35,326.51,326.51,326.51,0
2026-08-14 07:45:00,326.55,326.55,326.55,326.55,326.55,0
2026-08-14 07:50:00,328.0,328.8888,327.25,327.25,327.25,0
2026-08-14 07:55:00,327.25,327.25,327.25,327.25,327.25,0
2026-08-14 08:00:00,327.25,327.25,326.5,326.5,326.5,0
2026-08-14 08:05:00,327.25,327.25,327.25,327.25,327.25,0
2026-08-14 08:10:00,328.8888,328.8888,328.8888,328.8888,328.8888,0
2026-08-14 08:25:00,328.0,329.0,328.0,329.0,329.0,0
2026-08-14 08:30:00,326.5001,327.25,326.5001,327.25,327.25,0
2026-08-14 08:35:00,326.55,326.55,326.55,326.55,326.55,0
2026-08-14 08:40:00,326.5,326.5,326.5,326.5,326.5,0
2026-08-14 08:45:00,330.75,330.75,330.75,330.75,330.75,0
2026-08-14 08:50:00,327.25,327.25,327.25,327.25,327.25,0
2026-08-14 08:55:00,326.5,326.5,326.5,326.5,326.5,0
2026-08-14 09:00:00,330.4123,330.4123,327.66,327.66,327.66,0
2026-08-14 09:05:00,326.55,326.55,326.55,326.55,326.55,0
2026-08-14 09:10:00,328.0185,328.0185,328.0185,328.0185,328.0185,0
2026-08-14 09:30:00,330.5199890136719,330.75,328.9100036621094,329.45001220703125,329.45001220703125,7923
2026-08-14 09:35:00,329.3599853515625,329.44500732421875,328.114990234375,328.125,328.125,2053
2026-08-14 09:40:00,327.9800109863281,329.70001220703125,326.5,326.6600036621094,326.6600036621094,16155
2026-08-14 09:45:00,326.760009765625,326.760009765625,324.70001220703125,324.8500061035156,324.8500061035156,6274
2026-08-14 09:50:00,324.260009765625,326.2699890136719,324.260009765625,325.1499938964844,325.1499938964844,7582
2026-08-14 09:55:00,325.1449890136719,325.510009765625,324.7099914550781,324.989990234375,324.989990234375,3683
2026-08-14 10:00:00,325.6000061035156,326.9993896484375,325.4800109863281,326.54998779296875,326.54998779296875,5033
2026-08-14 10:05:00,325.6050109863281,326.42999267578125,325.29010009765625,326.2124938964844,326.2124938964844,9017
2026-08-14 10:10:00,326.7200012207031,327.4800109863281,326.4200134277344,327.4800109863281,327.4800109863281,3009
2026-08-14 10:15:00,327.4100036621094,329.5599060058594,327.4100036621094,328.9100036621094,328.9100036621094,3653
2026-08-14 10:20:00,328.70001220703125,328.8550109863281,328.239990234375,328.239990234375,328.239990234375,1847
2026-08-14 10:25:00,328.239990234375,329.0849914550781,328.0,328.0,328.0,3440
2026-08-14 10:30:00,328.1300048828125,328.2900085449219,327.69500732421875,327.69500732421875,327.69500732421875,2409
2026-08-14 10:35:00,327.8999938964844,327.9049987792969,327.5,327.5,327.5,1396
2026-08-14 10:40:00,327.489990234375,327.6650085449219,326.8399963378906,327.385009765625,327.385009765625,2888
2026-08-14 10:45:00,327.3800048828125,327.864990234375,327.3599853515625,327.6700134277344,327.6700134277344,2967
2026-08-14 10:50:00,327.5599975585937,329.0824890136719,327.3599853515625,328.82000732421875,328.82000732421875,3998
2026-08-14 10:55:00,329.3800048828125,329.7149963378906,329.239990234375,329.7149963378906,329.7149963378906,948
2026-08-14 11:00:00,329.6549987792969,329.6650085449219,329.6549987792969,329.6600036621094,329.6600036621094,1422
2026-08-14 11:05:00,329.45001220703125,329.45001220703125,328.95001220703125,329.1099853515625,329.1099853515625,2702
2026-08-14 11:10:00,329.3999938964844,329.5150146484375,329.135009765625,329.135009765625,329.135009765625,1464
2026-08-14 11:15:00,328.8800048828125,328.8800048828125,328.54998779296875,328.8500061035156,328.8500061035156,821
2026-08-14 11:20:00,328.5599975585937,328.8999938964844,328.5599975585937,328.8999938964844,328.8999938964844,954
2026-08-14 11:25:00,328.6700134277344,328.6700134277344,328.2550048828125,328.2799987792969,328.2799987792969,1837
2026-08-14 11:30:00,328.4849853515625,328.7099914550781,328.32000732421875,328.625,328.625,2332
2026-08-14 11:35:00,328.2200012207031,328.5799865722656,328.0150146484375,328.3900146484375,328.3900146484375,3194
2026-08-14 11:40:00,327.8699951171875,327.8699951171875,327.8699951171875,327.8699951171875,327.8699951171875,488
2026-08-14 11:45:00,327.9549865722656,327.9549865722656,327.95001220703125,327.95001220703125,327.95001220703125,555
2026-08-14 11:50:00,328.0811462402344,328.0811462402344,327.31500244140625,327.32000732421875,327.32000732421875,1701
2026-08-14 11:55:00,327.4100036621094,327.82000732421875,327.4100036621094,327.6300048828125,327.6300048828125,1753
2026-08-14 12:00:00,327.6099853515625,327.9849853515625,327.6099853515625,327.739990234375,327.739990234375,1431
2026-08-14 12:05:00,327.7850036621094,328.4212951660156,327.7850036621094,328.0199890136719,328.0199890136719,1408
2026-08-14 12:10:00,327.9700012207031,327.9700012207031,327.7900085449219,327.8999938964844,327.8999938964844,730
2026-08-14 12:15:00,327.92498779296875,328.2699890136719,327.92498779296875,328.1600036621094,328.1600036621094,1218
2026-08-14 12:20:00,328.0400085449219,328.0400085449219,327.5400085449219,327.5400085449219,327.5400085449219,1247
2026-08-14 12:25:00,327.8999938964844,328.0299987792969,327.6700134277344,327.6700134277344,327.6700134277344,539
2026-08-14 12:30:00,327.8900146484375,327.8900146484375,327.7799987792969,327.81500244140625,327.81500244140625,580
2026-08-14 12:35:00,327.8299865722656,327.8800048828125,327.6600036621094,327.8800048828125,327.8800048828125,953
2026-08-14 12:40:00,327.875,327.875,327.5849914550781,327.7099914550781,327.7099914550781,960
2026-08-14 12:45:00,327.635009765625,328.0398864746094,327.5199890136719,327.9049987792969,327.9049987792969,1420
2026-08-14 12:50:00,328.0150146484375,328.2799987792969,327.92498779296875,328.2799987792969,328.2799987792969,1848
2026-08-14 12:55:00,328.32000732421875,328.3699951171875,328.1499938964844,328.1600036621094,328.1600036621094,1676
2026-08-14 13:00:00,328.17498779296875,328.260009765625,328.0599975585937,328.17999267578125,328.17999267578125,744
2026-08-14 13:05:00,328.17999267578125,328.3599853515625,328.114990234375,328.114990234375,328.114990234375,1770
2026-08-14 13:10:00,328.1199951171875,328.25,327.94000244140625,328.25,328.25,2120
2026-08-14 13:15:00,328.3500061035156,328.635009765625,328.2149963378906,328.6199951171875,328.6199951171875,124952
2026-08-14 13:20:00,328.6099853515625,328.6700134277344,328.4150085449219,328.510009765625,328.510009765625,1670
2026-08-14 13:25:00,328.2699890136719,328.2699890136719,328.1050109863281,328.1050109863281,328.1050109863281,925
2026-08-14 13:30:00,328.2200012207031,328.2200012207031,328.1050109863281,328.2200012207031,328.2200012207031,676
2026-08-14 13:35:00,328.07501220703125,328.07501220703125,326.5199890136719,326.5899963378906,326.5899963378906,3798
2026-08-14 13:40:00,326.3399963378906,326.4949951171875,325.2799987792969,325.42999267578125,325.42999267578125,8069
2026-08-14 13:45:00,325.2799987792969,325.2799987792969,322.3500061035156,322.9599914550781,322.9599914550781,39435
2026-08-14 13:50:00,324.1199951171875,324.4700012207031,323.989990234375,324.4100036621094,324.4100036621094,182920
2026-08-14 13:55:00,324.3800048828125,324.510009765625,324.2300109863281,324.4349975585937,324.4349975585937,1713
2026-08-14 14:00:00,324.4349975585937,325.0899963378906,324.2900085449219,324.6700134277344,324.6700134277344,3073
2026-08-14 14:05:00,324.8599853515625,324.9200134277344,324.7749938964844,324.8450012207031,324.8450012207031,1342
2026-08-14 14:10:00,325.0799865722656,325.5799865722656,325.0799865722656,325.5799865722656,325.5799865722656,2478
2026-08-14 14:15:00,325.3999938964844,326.0899963378906,325.3999938964844,326.0899963378906,326.0899963378906,1815
2026-08-14 14:20:00,326.0899963378906,326.1549987792969,326.0150146484375,326.0799865722656,326.0799865722656,2430
2026-08-14 14:25:00,326.06500244140625,326.06500244140625,326.0450134277344,326.0450134277344,326.0450134277344,1171
2026-08-14 14:30:00,325.8380126953125,325.8380126953125,325.3349914550781,325.3349914550781,325.3349914550781,2083
2026-08-14 14:35:00,325.3699951171875,326.9800109863281,325.3299865722656,326.82501220703125,326.82501220703125,6665
2026-08-14 14:40:00,327.19000244140625,327.3949890136719,327.125,327.125,327.125,8132
2026-08-14 14:45:00,326.8999938964844,327.2200012207031,326.8800048828125,327.1050109863281,327.1050109863281,2795
2026-08-14 14:50:00,327.1499938964844,327.4425048828125,327.0599975585937,327.2149963378906,327.2149963378906,4644
2026-08-14 14:55:00,327.2149963378906,327.42498779296875,327.07000732421875,327.42498779296875,327.42498779296875,3878
2026-08-14 15:00:00,327.4150085449219,327.5599975585937,327.2349853515625,327.3599853515625,327.3599853515625,4063
2026-08-14 15:05:00,327.510009765625,327.8399963378906,327.1400146484375,327.4200134277344,327.4200134277344,6681
2026-08-14 15:10:00,327.3900146484375,327.6650085449219,327.3900146484375,327.5299987792969,327.5299987792969,2177
2026-08-14 15:15:00,327.6499938964844,327.6499938964844,327.2699890136719,327.3500061035156,327.3500061035156,3796
2026-08-14 15:20:00,327.4849853515625,327.510009765625,327.2101135253906,327.4599914550781,327.4599914550781,5609
2026-08-14 15:25:00,327.6000061035156,327.9049987792969,327.4599914550781,327.864990234375,327.864990234375,4892
2026-08-14 15:30:00,327.875,327.8999938964844,327.6000061035156,327.8500061035156,327.8500061035156,5009
2026-08-14 15:35:00,327.7449951171875,328.0050048828125,327.5599975585937,327.9949951171875,327.9949951171875,5202
2026-08-14 15:40:00,328.010009765625,328.489990234375,328.0098876953125,328.4100036621094,328.4100036621094,7970
2026-08-14 15:45:00,328.4599914550781,329.0625,328.2699890136719,329.0299987792969,329.0299987792969,13193
2026-08-14 15:50:00,328.9100036621094,328.9100036621094,328.1075134277344,328.2900085449219,328.2900085449219,13495
2026-08-14 15:55:00,328.3800048828125,328.67999267578125,327.6600036621094,327.7099914550781,327.7099914550781,41257
2026-08-14 16:00:00,327.71,329.02,327.71,327.71,327.71,0
2026-08-14 16:10:00,327.71,327.71,327.71,327.71,327.71,0
2026-08-14 16:15:00,327.71,327.71,327.71,327.71,327.71,0
2026-08-14 16:20:00,327.71,327.71,327.71,327.71,327.71,0
2026-08-14 16:35:00,330.0,330.0,330.0,330.0,330.0,0
2026-08-14 17:05:00,330.0,330.0,330.0,330.0,330.0,0
2026-08-14 17:25:00,329.542,329.542,329.542,329.542,329.542,0
2026-08-14 17:30:00,327.71,330.0,327.71,330.0,330.0,0
2026-08-14 18:20:00,326.0,326.0,326.0,326.0,326.0,0
2026-08-14 19:00:00,322.1,322.1,322.1,322.1,322.1,0
2026-08-14 19:25:00,322.1,322.1,322.1,322.1,322.1,0
2026-08-14 19:30:00,327.71,327.71,327.71,327.71,327.71,0
2026-08-14 19:55:00,327.71,327.71,327.71,327.71,327.71,0
2026-08-17 04:00:00,327.0,328.0,327.0,328.0,328.0,0
2026-08-17 04:05:00,328.0,328.0,328.0,328.0,328.0,0
2026-08-17 04:15:00,328.0,328.0,328.0,328.0,328.0,0
2026-08-17 04:45:00,327.71,327.71,327.54,327.54,327.54,0
2026-08-17 04:50:00,327.55,327.55,327.55,327.55,327.55,0
2026-08-17 05:05:00,327.69,327.7,327.55,327.55,327.55,0
2026-08-17 05:35:00,327.55,327.55,327.55,327.55,327.55,0
2026-08-17 06:00:00,327.55,327.55,327.55,327.55,327.55,0
2026-08-17 06:20:00,327.52,327.52,327.52,327.52,327.52,0
2026-08-17 06:30:00,327.52,327.52,327.52,327.52,327.52,0
2026-08-17 06:55:00,327.52,327.52,327.52,327.52,327.52,0
2026-08-17 07:00:00,332.0,332.0,327.0,328.19,328.19,0
2026-08-17 07:10:00,328.19,328.19,328.19,328.19,328.19,0
2026-08-17 07:30:00,327.0,327.08,327.0,327.08,327.08,0
2026-08-17 07:35:00,327.08,327.08,327.08,327.08,327.08,0
2026-08-17 07:40:00,325.42,325.42,325.3,325.3,325.3,0
2026-08-17 07:45:00,327.59,327.59,322.1,322.1,322.1,0
2026-08-17 07:55:00,332.9999,333.0,332.9999,333.0,333.0,0
2026-08-17 08:00:00,327.37,327.37,327.37,327.37,327.37,0
2026-08-17 08:05:00,327.37,327.37,327.07,327.07,327.07,0
2026-08-17 08:10:00,327.37,327.37,327.37,327.37,327.37,0
2026-08-17 08:25:00,333.0,333.0,327.37,327.37,327.37,0
2026-08-17 08:40:00,327.38,327.62,327.38,327.62,327.62,0
2026-08-17 09:00:00,327.37,327.37,327.37,327.37,327.37,0
2026-08-17 09:10:00,327.37,327.95,327.37,327.6,327.6,0
2026-08-17 09:30:00,325.739990234375,326.34991455078125,323.565185546875,323.565185546875,323.565185546875,5068
2026-08-17 09:35:00,325.489990234375,325.7460021972656,323.8489990234375,324.8599853515625,324.8599853515625,2219
2026-08-17 09:40:00,325.1400146484375,325.9349975585937,324.4700012207031,325.5199890136719,325.5199890136719,6199
2026-08-17 09:45:00,325.5199890136719,326.9800109863281,324.5889892578125,326.6050109863281,326.6050109863281,6296
2026-08-17 09:50:00,326.6050109863281,326.6050109863281,325.260009765625,325.5899963378906,325.5899963378906,9821
2026-08-17 09:55:00,325.5899963378906,325.5899963378906,324.8900146484375,325.0599975585937,325.0599975585937,3149
2026-08-17 10:00:00,324.92999267578125,326.2699890136719,324.885009765625,326.2699890136719,326.2699890136719,4783
2026-08-17 10:05:00,326.61248779296875,327.25,326.61248779296875,326.7900085449219,326.7900085449219,2589
2026-08-17 10:10:00,326.510009765625,326.9800109863281,325.9100036621094,325.9100036621094,325.9100036621094,4011
2026-08-17 10:15:00,325.54998779296875,326.4100036621094,325.2890014648437,326.4100036621094,326.4100036621094,1937
2026-08-17 10:20:00,326.6050109863281,326.6050109863281,325.69000244140625,325.69000244140625,325.69000244140625,990
2026-08-17 10:25:00,325.9349975585937,326.3450012207031,325.8800048828125,326.3450012207031,326.3450012207031,1413
2026-08-17 10:30:00,326.4100036621094,326.4599914550781,325.0400085449219,325.45001220703125,325.45001220703125,3677
2026-08-17 10:35:00,325.3999938964844,325.45001220703125,324.6400146484375,324.6400146484375,324.6400146484375,1896
2026-08-17 10:40:00,324.4700012207031,324.9200134277344,323.9700012207031,323.9700012207031,323.9700012207031,2466
2026-08-17 10:45:00,323.7799987792969,324.8900146484375,323.70001220703125,324.8900146484375,324.8900146484375,3773
2026-08-17 10:50:00,324.7900085449219,325.2499084472656,324.3399963378906,324.6050109863281,324.6050109863281,1082
2026-08-17 10:55:00,324.6050109863281,324.739990234375,323.739990234375,324.0299987792969,324.0299987792969,2987
2026-08-17 11:00:00,323.9200134277344,324.1600036621094,323.8099975585937,323.989990234375,323.989990234375,3576
2026-08-17 11:05:00,323.5199890136719,324.1000061035156,323.5199890136719,323.7699890136719,323.7699890136719,1173
2026-08-17 11:10:00,324.0299987792969,324.1000061035156,323.3699951171875,323.6499938964844,323.6499938964844,2394
2026-08-17 11:15:00,323.4100036621094,324.08819580078125,323.3800048828125,323.760009765625,323.760009765625,1720
2026-08-17 11:20:00,323.79998779296875,324.2099914550781,323.7099914550781,323.95001220703125,323.95001220703125,4773
2026-08-17 11:25:00,323.9599914550781,323.9599914550781,323.0299987792969,323.2900085449219,323.2900085449219,2608
2026-08-17 11:30:00,323.3999938964844,323.6400146484375,323.32000732421875,323.6400146484375,323.6400146484375,1238
2026-08-17 11:35:00,323.7173767089844,323.7173767089844,323.19500732421875,323.25,323.25,2036
2026-08-17 11:40:00,323.3999938964844,323.82000732421875,323.39990234375,323.7300109863281,323.7300109863281,1960
2026-08-17 11:45:00,323.8500061035156,323.875,323.3900146484375,323.5849914550781,323.5849914550781,6166
2026-08-17 11:50:00,323.7550048828125,323.9800109863281,323.75,323.7550048828125,323.7550048828125,1161
2026-08-17 11:55:00,323.7650146484375,323.9049987792969,323.510009765625,323.9049987792969,323.9049987792969,2142
2026-08-17 12:00:00,323.7650146484375,323.7650146484375,323.7099914550781,323.7099914550781,323.7099914550781,750
2026-08-17 12:05:00,323.79998779296875,324.2900085449219,323.79998779296875,324.1300048828125,324.1300048828125,1364
2026-08-17 12:10:00,324.3299865722656,324.79998779296875,324.2300109863281,324.6499938964844,324.6499938964844,2105
2026-08-17 12:15:00,324.7900085449219,325.29998779296875,324.6400146484375,325.0292053222656,325.0292053222656,1195
2026-08-17 12:20:00,325.1849975585937,325.19000244140625,325.07000732421875,325.07000732421875,325.07000732421875,1395
2026-08-17 12:25:00,325.0799865722656,325.0799865722656,324.3999938964844,324.3999938964844,324.3999938964844,2290
2026-08-17 12:30:00,324.1849975585937,324.1849975585937,324.0599975585937,324.17498779296875,324.17498779296875,1202
2026-08-17 12:35:00,324.17498779296875,324.8251037597656,324.17498779296875,324.8251037597656,324.8251037597656,1888
2026-08-17 12:40:00,325.0199890136719,325.19500732421875,324.1300048828125,324.25,324.25,4206
2026-08-17 12:45:00,324.4049987792969,324.4800109863281,324.3099975585937,324.45001220703125,324.45001220703125,872
2026-08-17 12:50:00,324.45001220703125,324.6099853515625,324.1700134277344,324.3099975585937,324.3099975585937,1940
2026-08-17 12:55:00,324.3699951171875,324.489990234375,324.2699890136719,324.489990234375,324.489990234375,1210
2026-08-17 13:00:00,324.29998779296875,324.5199890136719,324.29998779296875,324.42498779296875,324.42498779296875,1734
2026-08-17 13:05:00,324.3299865722656,324.44500732421875,324.3299865722656,324.44500732421875,324.44500732421875,1666
2026-08-17 13:10:00,324.45001220703125,324.57000732421875,324.1549987792969,324.2699890136719,324.2699890136719,3291
2026-08-17 13:15:00,324.3132019042969,324.44000244140625,323.6000061035156,323.8099975585937,323.8099975585937,3032
2026-08-17 13:20:00,323.8500061035156,323.8500061035156,323.4800109863281,323.6000061035156,323.6000061035156,3193
2026-08-17 13:25:00,323.54998779296875,323.5950012207031,323.2449951171875,323.2900085449219,323.2900085449219,2092
2026-08-17 13:30:00,323.0,323.0199890136719,322.5299987792969,322.5299987792969,322.5299987792969,1540
2026-08-17 13:35:00,322.489990234375,322.489990234375,322.3699951171875,322.44500732421875,322.44500732421875,1675
2026-08-17 13:40:00,322.3599853515625,322.364990234375,321.3299865722656,321.3349914550781,321.3349914550781,2778
2026-08-17 13:45:00,321.3349914550781,321.5299987792969,320.8399963378906,320.8399963378906,320.8399963378906,3974
2026-08-17 13:50:00,320.8800048828125,321.19000244140625,320.75,321.19000244140625,321.19000244140625,2625
2026-08-17 13:55:00,321.0899963378906,321.1499938964844,320.9549865722656,321.1499938964844,321.1499938964844,1384
2026-08-17 14:00:00,321.0299987792969,321.20001220703125,320.19000244140625,320.19000244140625,320.19000244140625,2118
2026-08-17 14:05:00,320.42999267578125,320.42999267578125,318.42999267578125,318.8399963378906,318.8399963378906,6360
2026-08-17 14:10:00,318.44000244140625,319.6199951171875,318.44000244140625,319.6199951171875,319.6199951171875,8003
2026-08-17 14:15:00,319.6650085449219,320.5400085449219,319.6050109863281,319.6050109863281,319.6050109863281,2809
2026-08-17 14:20:00,319.57000732421875,319.9599914550781,319.2099914550781,319.9599914550781,319.9599914550781,1537
2026-08-17 14:25:00,320.010009765625,320.0299987792969,319.5899963378906,319.7250061035156,319.7250061035156,1240
2026-08-17 14:30:00,319.7250061035156,319.7300109863281,319.5150146484375,319.5150146484375,319.5150146484375,1533
2026-08-17 14:35:00,319.510009765625,319.67999267578125,319.510009765625,319.6400146484375,319.6400146484375,3004
2026-08-17 14:40:00,319.6400146484375,319.6400146484375,319.1000061035156,319.1099853515625,319.1099853515625,2489
2026-08-17 14:45:00,319.0,319.42999267578125,319.0,319.1000061035156,319.1000061035156,4633
2026-08-17 14:50:00,319.1050109863281,319.44000244140625,318.989990234375,319.364990234375,319.364990234375,7744
2026-08-17 14:55:00,319.364990234375,319.510009765625,319.2699890136719,319.4549865722656,319.4549865722656,1772
2026-08-17 15:00:00,319.6050109863281,319.6400146484375,319.3599853515625,319.6400146484375,319.6400146484375,2707
2026-08-17 15:05:00,319.5249938964844,319.6000061035156,318.69000244140625,318.739990234375,318.739990234375,3281
2026-08-17 15:10:00,318.7149963378906,319.0299987792969,318.7149963378906,318.7550048828125,318.7550048828125,7259
2026-08-17 15:15:00,318.760009765625,319.4700012207031,318.760009765625,319.0799865722656,319.0799865722656,3636
2026-08-17 15:20:00,319.1199951171875,319.3099975585937,318.94500732421875,318.94500732421875,318.94500732421875,2539
2026-08-17 15:25:00,318.8599853515625,318.989990234375,318.239990234375,318.2550048828125,318.2550048828125,4638
2026-08-17 15:30:00,318.2650146484375,318.2650146484375,317.5899963378906,317.67999267578125,317.67999267578125,7888
2026-08-17 15:35:00,317.67498779296875,318.25,317.5050048828125,318.1600036621094,318.1600036621094,8638
2026-08-17 15:40:00,318.1600036621094,318.29998779296875,317.7449951171875,317.7699890136719,317.7699890136719,10398
2026-08-17 15:45:00,317.8099975585937,319.0199890136719,317.7049865722656,319.0199890136719,319.0199890136719,12254
2026-08-17 15:50:00,318.70001220703125,318.9700012207031,318.5199890136719,318.6549987792969,318.6549987792969,16886
2026-08-17 15:55:00,318.75,318.8900146484375,317.75,318.3399963378906,318.3399963378906,56708
2026-08-17 16:00:00,318.34,320.47,318.34,318.34,318.34,93813
2026-08-17 16:05:00,318.34,318.34,318.34,318.34,318.34,0
2026-08-17 16:10:00,318.34,318.7,318.34,318.34,318.34,0
2026-08-17 16:15:00,318.34,320.3255,318.34,320.3255,320.3255,0
2026-08-17 16:20:00,318.5,318.5,318.5,318.5,318.5,0
2026-08-17 16:25:00,318.34,318.3401,318.34,318.3401,318.3401,0
2026-08-17 16:40:00,321.44,321.44,318.34,318.5,318.5,0
2026-08-17 16:50:00,318.3401,318.82,318.34,318.82,318.82,0
2026-08-17 17:05:00,318.82,318.82,318.82,318.82,318.82,0
2026-08-17 17:10:00,318.5,318.5,318.5,318.5,318.5,0
2026-08-17 17:25:00,321.44,321.44,321.44,321.44,321.44,0
2026-08-17 17:30:00,322.95,322.95,322.95,322.95,322.95,0
2026-08-17 17:40:00,318.34,318.34,318.34,318.34,318.34,0
2026-08-17 17:55:00,320.47,320.49,320.0,320.49,320.49,0
2026-08-17 18:00:00,319.0545,319.0545,319.0545,319.0545,319.0545,0
2026-08-17 18:25:00,322.95,322.95,322.95,322.95,322.95,0
2026-08-17 18:50:00,319.0,319.0,319.0,319.0,319.0,0
2026-08-17 19:00:00,320.65,320.65,318.34,318.34,318.34,0
2026-08-17 19:25:00,318.34,318.34,318.34,318.34,318.34,0
2026-08-17 19:30:00,320.49,320.49,318.34,318.34,318.34,0
